-- phpMyAdmin SQL Dump
-- version 4.2.11
-- http://www.phpmyadmin.net
--
-- Host: 127.0.0.1
-- Generation Time: Apr 25, 2015 at 10:07 AM
-- Server version: 5.6.21
-- PHP Version: 5.6.3

SET SQL_MODE = "NO_AUTO_VALUE_ON_ZERO";
SET time_zone = "+00:00";


/*!40101 SET @OLD_CHARACTER_SET_CLIENT=@@CHARACTER_SET_CLIENT */;
/*!40101 SET @OLD_CHARACTER_SET_RESULTS=@@CHARACTER_SET_RESULTS */;
/*!40101 SET @OLD_COLLATION_CONNECTION=@@COLLATION_CONNECTION */;
/*!40101 SET NAMES utf8 */;

--
-- Database: `cu_graduation`
--

-- --------------------------------------------------------

--
-- Table structure for table `attend`
--

CREATE TABLE IF NOT EXISTS `attend` (
  `GROUP_group_id` int(11) NOT NULL,
  `SCHEDULE_schedule_id` int(11) NOT NULL,
  `attendance_order` int(11) DEFAULT NULL
) ENGINE=InnoDB DEFAULT CHARSET=utf8 COLLATE=utf8_unicode_ci;

--
-- Dumping data for table `attend`
--

INSERT INTO `attend` (`GROUP_group_id`, `SCHEDULE_schedule_id`, `attendance_order`) VALUES
(1, 1, 1),
(2, 1, 2);

-- --------------------------------------------------------

--
-- Table structure for table `conduct`
--

CREATE TABLE IF NOT EXISTS `conduct` (
  `TEACHER_teacher_id` varchar(10) COLLATE utf8_unicode_ci NOT NULL,
  `SCHEDULE_schedule_id` int(11) NOT NULL
) ENGINE=InnoDB DEFAULT CHARSET=utf8 COLLATE=utf8_unicode_ci;

-- --------------------------------------------------------

--
-- Table structure for table `extra_extend`
--

CREATE TABLE IF NOT EXISTS `extra_extend` (
  `STUDENT_student_id` varchar(10) COLLATE utf8_unicode_ci NOT NULL,
  `SCHEDULE_schedule_id` int(11) NOT NULL,
  `TEACHER_teacher_id` varchar(10) COLLATE utf8_unicode_ci NOT NULL
) ENGINE=InnoDB DEFAULT CHARSET=utf8 COLLATE=utf8_unicode_ci;

-- --------------------------------------------------------

--
-- Table structure for table `faculty`
--

CREATE TABLE IF NOT EXISTS `faculty` (
  `faculty_id` int(11) NOT NULL,
  `th_faculty_name` varchar(50) COLLATE utf8_unicode_ci DEFAULT NULL,
  `en_faculty_name` varchar(50) COLLATE utf8_unicode_ci DEFAULT NULL
) ENGINE=InnoDB DEFAULT CHARSET=utf8 COLLATE=utf8_unicode_ci;

--
-- Dumping data for table `faculty`
--

INSERT INTO `faculty` (`faculty_id`, `th_faculty_name`, `en_faculty_name`) VALUES
(21, 'วิศวกรรมศาสตร์', 'Engineering');

-- --------------------------------------------------------

--
-- Table structure for table `group`
--

CREATE TABLE IF NOT EXISTS `group` (
`group_id` int(11) NOT NULL,
  `th_group_name` varchar(50) COLLATE utf8_unicode_ci DEFAULT NULL,
  `en_group_name` varchar(50) COLLATE utf8_unicode_ci DEFAULT NULL,
  `international` tinyint(1) DEFAULT NULL,
  `degree` varchar(50) COLLATE utf8_unicode_ci DEFAULT NULL
) ENGINE=InnoDB AUTO_INCREMENT=3 DEFAULT CHARSET=utf8 COLLATE=utf8_unicode_ci;

--
-- Dumping data for table `group`
--

INSERT INTO `group` (`group_id`, `th_group_name`, `en_group_name`, `international`, `degree`) VALUES
(1, 'วิศวกรรมศาสตร์ปริญญาตรี', 'Undergraduation Engineering', 0, 'ปริญญาตรี'),
(2, 'วิศวกรรมศาสตร์ปริญญาโท-เอก', 'Graduate Engineering', 0, 'ปริญญาโท-เอก');

-- --------------------------------------------------------

--
-- Table structure for table `join`
--

CREATE TABLE IF NOT EXISTS `join` (
  `STUDENT_student_id` varchar(10) COLLATE utf8_unicode_ci NOT NULL,
  `GROUP_group_id` int(11) NOT NULL,
  `order` int(11) DEFAULT NULL,
  `honors` varchar(50) COLLATE utf8_unicode_ci DEFAULT NULL
) ENGINE=InnoDB DEFAULT CHARSET=utf8 COLLATE=utf8_unicode_ci;

--
-- Dumping data for table `join`
--

INSERT INTO `join` (`STUDENT_student_id`, `GROUP_group_id`, `order`, `honors`) VALUES
('4771863721', 2, 16, 'วิศวกรรมศาสตร์บัณฑิต'),
('4830532321', 1, 629, 'วิศวกรรมศาสตร์บัณฑิต'),
('4871802521', 2, 3, 'วิศวกรรมศาสตร์บัณฑิต'),
('4871862121', 2, 7, 'วิศวกรรมศาสตร์บัณฑิต'),
('4971871921', 2, 12, 'วิศวกรรมศาสตร์บัณฑิต'),
('4971874821', 2, 22, 'วิศวกรรมศาสตร์บัณฑิต'),
('5071822621', 2, 21, 'วิศวกรรมศาสตร์บัณฑิต'),
('5071870721', 2, 11, 'วิศวกรรมศาสตร์บัณฑิต'),
('5130161821', 1, 352, 'วิศวกรรมศาสตร์บัณฑิต'),
('5130264821', 1, 431, 'วิศวกรรมศาสตร์บัณฑิต'),
('5130424921', 1, 542, 'วิศวกรรมศาสตร์บัณฑิต'),
('5131245021', 1, 293, 'วิศวกรรมศาสตร์บัณฑิต'),
('5131246721', 1, 294, 'วิศวกรรมศาสตร์บัณฑิต'),
('5131482421', 1, 630, 'วิศวกรรมศาสตร์บัณฑิต'),
('5131486021', 1, 640, 'วิศวกรรมศาสตร์บัณฑิต'),
('5131490421', 1, 647, 'วิศวกรรมศาสตร์บัณฑิต'),
('5131528721', 1, 551, 'วิศวกรรมศาสตร์บัณฑิต'),
('5171813021', 2, 10, 'วิศวกรรมศาสตร์บัณฑิต'),
('5171828521', 2, 20, 'วิศวกรรมศาสตร์บัณฑิต'),
('5171829121', 2, 23, 'วิศวกรรมศาสตร์บัณฑิต'),
('5171831321', 2, 28, 'วิศวกรรมศาสตร์บัณฑิต'),
('5171842221', 2, 6, 'วิศวกรรมศาสตร์บัณฑิต'),
('5171844521', 2, 8, 'วิศวกรรมศาสตร์บัณฑิต'),
('5171855421', 2, 19, 'วิศวกรรมศาสตร์บัณฑิต'),
('5171856021', 2, 26, 'วิศวกรรมศาสตร์บัณฑิต'),
('5171860521', 2, 31, 'วิศวกรรมศาสตร์บัณฑิต'),
('5230020021', 1, 256, 'วิศวกรรมศาสตร์บัณฑิต'),
('5230030321', 1, 269, 'วิศวกรรมศาสตร์บัณฑิต'),
('5230051521', 1, 284, 'วิศวกรรมศาสตร์บัณฑิต'),
('5230090021', 1, 12, 'วิศวกรรมศาสตร์บัณฑิต'),
('5230106421', 1, 320, 'วิศวกรรมศาสตร์บัณฑิต'),
('5230119621', 1, 329, 'วิศวกรรมศาสตร์บัณฑิต'),
('5230154521', 1, 354, 'วิศวกรรมศาสตร์บัณฑิต'),
('5230157421', 1, 355, 'วิศวกรรมศาสตร์บัณฑิต'),
('5230175721', 1, 366, 'วิศวกรรมศาสตร์บัณฑิต'),
('5230200721', 1, 391, 'วิศวกรรมศาสตร์บัณฑิต'),
('5230207121', 1, 395, 'วิศวกรรมศาสตร์บัณฑิต'),
('5230212221', 1, 402, 'วิศวกรรมศาสตร์บัณฑิต'),
('5230233421', 1, 419, 'วิศวกรรมศาสตร์บัณฑิต'),
('5230275821', 1, 439, 'วิศวกรรมศาสตร์บัณฑิต'),
('5230302021', 1, 458, 'วิศวกรรมศาสตร์บัณฑิต'),
('5230310021', 1, 469, 'วิศวกรรมศาสตร์บัณฑิต'),
('5230321021', 1, 474, 'วิศวกรรมศาสตร์บัณฑิต'),
('5230458321', 1, 572, 'วิศวกรรมศาสตร์บัณฑิต'),
('5230528621', 1, 617, 'วิศวกรรมศาสตร์บัณฑิต'),
('5230544621', 1, 635, 'วิศวกรรมศาสตร์บัณฑิต'),
('5230545221', 1, 636, 'วิศวกรรมศาสตร์บัณฑิต'),
('5230551021', 1, 641, 'วิศวกรรมศาสตร์บัณฑิต'),
('5230555521', 1, 643, 'วิศวกรรมศาสตร์บัณฑิต'),
('5230590421', 1, 671, 'วิศวกรรมศาสตร์บัณฑิต'),
('5230593321', 1, 672, 'วิศวกรรมศาสตร์บัณฑิต'),
('5230594021', 1, 673, 'วิศวกรรมศาสตร์บัณฑิต'),
('5230599121', 1, 678, 'วิศวกรรมศาสตร์บัณฑิต'),
('5230603021', 1, 682, 'วิศวกรรมศาสตร์บัณฑิต'),
('5230827221', 1, 604, 'วิศวกรรมศาสตร์บัณฑิต'),
('5230836921', 1, 683, 'วิศวกรรมศาสตร์บัณฑิต'),
('5231241621', 1, 356, 'วิศวกรรมศาสตร์บัณฑิต'),
('5231243921', 1, 522, 'วิศวกรรมศาสตร์บัณฑิต'),
('5231255421', 1, 408, 'วิศวกรรมศาสตร์บัณฑิต'),
('5231303921', 1, 598, 'วิศวกรรมศาสตร์บัณฑิต'),
('5231701021', 1, 245, 'วิศวกรรมศาสตร์บัณฑิต'),
('5231702621', 1, 254, 'วิศวกรรมศาสตร์บัณฑิต'),
('5231709021', 1, 459, 'วิศวกรรมศาสตร์บัณฑิต'),
('5231727321', 1, 255, 'วิศวกรรมศาสตร์บัณฑิต'),
('5270280421', 2, 343, 'วิศวกรรมศาสตร์บัณฑิต'),
('5270501121', 2, 24, 'วิศวกรรมศาสตร์บัณฑิต'),
('5270514321', 2, 254, 'วิศวกรรมศาสตร์บัณฑิต'),
('5270684321', 2, 205, 'วิศวกรรมศาสตร์บัณฑิต'),
('5270727721', 2, 33, 'วิศวกรรมศาสตร์บัณฑิต'),
('5270729021', 2, 41, 'วิศวกรรมศาสตร์บัณฑิต'),
('5270743721', 2, 339, 'วิศวกรรมศาสตร์บัณฑิต'),
('5270774121', 2, 360, 'วิศวกรรมศาสตร์บัณฑิต'),
('5270788021', 2, 203, 'วิศวกรรมศาสตร์บัณฑิต'),
('5270792421', 2, 365, 'วิศวกรรมศาสตร์บัณฑิต'),
('5270802021', 2, 257, 'วิศวกรรมศาสตร์บัณฑิต'),
('5270808921', 2, 274, 'วิศวกรรมศาสตร์บัณฑิต'),
('5270812321', 2, 280, 'วิศวกรรมศาสตร์บัณฑิต'),
('5270816921', 2, 382, 'วิศวกรรมศาสตร์บัณฑิต'),
('5270818121', 2, 315, 'วิศวกรรมศาสตร์บัณฑิต'),
('5270835821', 2, 181, 'วิศวกรรมศาสตร์บัณฑิต'),
('5270842121', 2, 377, 'วิศวกรรมศาสตร์บัณฑิต'),
('5270844421', 2, 329, 'วิศวกรรมศาสตร์บัณฑิต'),
('5270851821', 2, 132, 'วิศวกรรมศาสตร์บัณฑิต'),
('5271519721', 2, 358, 'วิศวกรรมศาสตร์บัณฑิต'),
('5271547221', 2, 42, 'วิศวกรรมศาสตร์บัณฑิต'),
('5271550021', 2, 74, 'วิศวกรรมศาสตร์บัณฑิต'),
('5271555221', 2, 189, 'วิศวกรรมศาสตร์บัณฑิต'),
('5271559821', 2, 211, 'วิศวกรรมศาสตร์บัณฑิต'),
('5271567821', 2, 311, 'วิศวกรรมศาสตร์บัณฑิต'),
('5271568421', 2, 317, 'วิศวกรรมศาสตร์บัณฑิต'),
('5271648021', 2, 133, 'วิศวกรรมศาสตร์บัณฑิต'),
('5271651821', 2, 237, 'วิศวกรรมศาสตร์บัณฑิต'),
('5271802221', 2, 1, 'วิศวกรรมศาสตร์บัณฑิต'),
('5271808021', 2, 5, 'วิศวกรรมศาสตร์บัณฑิต'),
('5271820521', 2, 15, 'วิศวกรรมศาสตร์บัณฑิต'),
('5271827021', 2, 25, 'วิศวกรรมศาสตร์บัณฑิต'),
('5271829221', 2, 27, 'วิศวกรรมศาสตร์บัณฑิต'),
('5271841721', 2, 30, 'วิศวกรรมศาสตร์บัณฑิต'),
('5271864121', 2, 14, 'วิศวกรรมศาสตร์บัณฑิต'),
('5271866421', 2, 18, 'วิศวกรรมศาสตร์บัณฑิต'),
('5271869321', 2, 32, 'วิศวกรรมศาสตร์บัณฑิต'),
('5271870921', 2, 4, 'วิศวกรรมศาสตร์บัณฑิต'),
('5330001221', 1, 241, 'วิศวกรรมศาสตร์บัณฑิต'),
('5330003521', 1, 242, 'วิศวกรรมศาสตร์บัณฑิต'),
('5330005821', 1, 243, 'วิศวกรรมศาสตร์บัณฑิต'),
('5330006421', 1, 244, 'วิศวกรรมศาสตร์บัณฑิต'),
('5330008721', 1, 246, 'วิศวกรรมศาสตร์บัณฑิต'),
('5330009321', 1, 247, 'วิศวกรรมศาสตร์บัณฑิต'),
('5330010921', 1, 249, 'วิศวกรรมศาสตร์บัณฑิต'),
('5330011521', 1, 250, 'วิศวกรรมศาสตร์บัณฑิต'),
('5330012121', 1, 2, 'วิศวกรรมศาสตร์บัณฑิต'),
('5330013821', 1, 251, 'วิศวกรรมศาสตร์บัณฑิต'),
('5330014421', 1, 252, 'วิศวกรรมศาสตร์บัณฑิต'),
('5330017321', 1, 101, 'วิศวกรรมศาสตร์บัณฑิต'),
('5330018021', 1, 257, 'วิศวกรรมศาสตร์บัณฑิต'),
('5330019621', 1, 102, 'วิศวกรรมศาสตร์บัณฑิต'),
('5330020121', 1, 258, 'วิศวกรรมศาสตร์บัณฑิต'),
('5330021821', 1, 259, 'วิศวกรรมศาสตร์บัณฑิต'),
('5330022421', 1, 260, 'วิศวกรรมศาสตร์บัณฑิต'),
('5330024721', 1, 261, 'วิศวกรรมศาสตร์บัณฑิต'),
('5330025321', 1, 263, 'วิศวกรรมศาสตร์บัณฑิต'),
('5330026021', 1, 265, 'วิศวกรรมศาสตร์บัณฑิต'),
('5330027621', 1, 4, 'วิศวกรรมศาสตร์บัณฑิต'),
('5330029921', 1, 266, 'วิศวกรรมศาสตร์บัณฑิต'),
('5330030421', 1, 267, 'วิศวกรรมศาสตร์บัณฑิต'),
('5330031021', 1, 270, 'วิศวกรรมศาสตร์บัณฑิต'),
('5330032721', 1, 271, 'วิศวกรรมศาสตร์บัณฑิต'),
('5330033321', 1, 273, 'วิศวกรรมศาสตร์บัณฑิต'),
('5330034021', 1, 5, 'วิศวกรรมศาสตร์บัณฑิต'),
('5330036221', 1, 274, 'วิศวกรรมศาสตร์บัณฑิต'),
('5330037921', 1, 104, 'วิศวกรรมศาสตร์บัณฑิต'),
('5330038521', 1, 275, 'วิศวกรรมศาสตร์บัณฑิต'),
('5330039121', 1, 105, 'วิศวกรรมศาสตร์บัณฑิต'),
('5330040721', 1, 106, 'วิศวกรรมศาสตร์บัณฑิต'),
('5330041321', 1, 276, 'วิศวกรรมศาสตร์บัณฑิต'),
('5330042021', 1, 277, 'วิศวกรรมศาสตร์บัณฑิต'),
('5330043621', 1, 107, 'วิศวกรรมศาสตร์บัณฑิต'),
('5330044221', 1, 278, 'วิศวกรรมศาสตร์บัณฑิต'),
('5330045921', 1, 280, 'วิศวกรรมศาสตร์บัณฑิต'),
('5330046521', 1, 281, 'วิศวกรรมศาสตร์บัณฑิต'),
('5330047121', 1, 7, 'วิศวกรรมศาสตร์บัณฑิต'),
('5330048821', 1, 282, 'วิศวกรรมศาสตร์บัณฑิต'),
('5330049421', 1, 283, 'วิศวกรรมศาสตร์บัณฑิต'),
('5330051621', 1, 285, 'วิศวกรรมศาสตร์บัณฑิต'),
('5330052221', 1, 286, 'วิศวกรรมศาสตร์บัณฑิต'),
('5330053921', 1, 287, 'วิศวกรรมศาสตร์บัณฑิต'),
('5330054521', 1, 288, 'วิศวกรรมศาสตร์บัณฑิต'),
('5330056821', 1, 8, 'วิศวกรรมศาสตร์บัณฑิต'),
('5330057421', 1, 289, 'วิศวกรรมศาสตร์บัณฑิต'),
('5330058021', 1, 108, 'วิศวกรรมศาสตร์บัณฑิต'),
('5330059721', 1, 109, 'วิศวกรรมศาสตร์บัณฑิต'),
('5330060221', 1, 110, 'วิศวกรรมศาสตร์บัณฑิต'),
('5330061921', 1, 297, 'วิศวกรรมศาสตร์บัณฑิต'),
('5330062521', 1, 298, 'วิศวกรรมศาสตร์บัณฑิต'),
('5330064821', 1, 299, 'วิศวกรรมศาสตร์บัณฑิต'),
('5330065421', 1, 300, 'วิศวกรรมศาสตร์บัณฑิต'),
('5330066021', 1, 111, 'วิศวกรรมศาสตร์บัณฑิต'),
('5330067721', 1, 301, 'วิศวกรรมศาสตร์บัณฑิต'),
('5330068321', 1, 112, 'วิศวกรรมศาสตร์บัณฑิต'),
('5330069021', 1, 302, 'วิศวกรรมศาสตร์บัณฑิต'),
('5330070521', 1, 114, 'วิศวกรรมศาสตร์บัณฑิต'),
('5330071121', 1, 115, 'วิศวกรรมศาสตร์บัณฑิต'),
('5330073421', 1, 116, 'วิศวกรรมศาสตร์บัณฑิต'),
('5330077021', 1, 305, 'วิศวกรรมศาสตร์บัณฑิต'),
('5330078621', 1, 11, 'วิศวกรรมศาสตร์บัณฑิต'),
('5330080821', 1, 117, 'วิศวกรรมศาสตร์บัณฑิต'),
('5330081421', 1, 307, 'วิศวกรรมศาสตร์บัณฑิต'),
('5330082021', 1, 308, 'วิศวกรรมศาสตร์บัณฑิต'),
('5330083721', 1, 118, 'วิศวกรรมศาสตร์บัณฑิต'),
('5330084321', 1, 310, 'วิศวกรรมศาสตร์บัณฑิต'),
('5330085021', 1, 13, 'วิศวกรรมศาสตร์บัณฑิต'),
('5330087221', 1, 14, 'วิศวกรรมศาสตร์บัณฑิต'),
('5330088921', 1, 312, 'วิศวกรรมศาสตร์บัณฑิต'),
('5330089521', 1, 313, 'วิศวกรรมศาสตร์บัณฑิต'),
('5330090021', 1, 314, 'วิศวกรรมศาสตร์บัณฑิต'),
('5330091721', 1, 315, 'วิศวกรรมศาสตร์บัณฑิต'),
('5330092321', 1, 119, 'วิศวกรรมศาสตร์บัณฑิต'),
('5330093021', 1, 317, 'วิศวกรรมศาสตร์บัณฑิต'),
('5330094621', 1, 321, 'วิศวกรรมศาสตร์บัณฑิต'),
('5330095221', 1, 122, 'วิศวกรรมศาสตร์บัณฑิต'),
('5330096921', 1, 322, 'วิศวกรรมศาสตร์บัณฑิต'),
('5330099821', 1, 123, 'วิศวกรรมศาสตร์บัณฑิต'),
('5330101321', 1, 326, 'วิศวกรรมศาสตร์บัณฑิต'),
('5330102021', 1, 15, 'วิศวกรรมศาสตร์บัณฑิต'),
('5330103621', 1, 328, 'วิศวกรรมศาสตร์บัณฑิต'),
('5330104221', 1, 330, 'วิศวกรรมศาสตร์บัณฑิต'),
('5330106521', 1, 331, 'วิศวกรรมศาสตร์บัณฑิต'),
('5330108821', 1, 126, 'วิศวกรรมศาสตร์บัณฑิต'),
('5330109421', 1, 332, 'วิศวกรรมศาสตร์บัณฑิต'),
('5330110021', 1, 16, 'วิศวกรรมศาสตร์บัณฑิต'),
('5330111621', 1, 336, 'วิศวกรรมศาสตร์บัณฑิต'),
('5330112221', 1, 337, 'วิศวกรรมศาสตร์บัณฑิต'),
('5330113921', 1, 338, 'วิศวกรรมศาสตร์บัณฑิต'),
('5330114521', 1, 339, 'วิศวกรรมศาสตร์บัณฑิต'),
('5330115121', 1, 340, 'วิศวกรรมศาสตร์บัณฑิต'),
('5330116821', 1, 341, 'วิศวกรรมศาสตร์บัณฑิต'),
('5330117421', 1, 343, 'วิศวกรรมศาสตร์บัณฑิต'),
('5330118021', 1, 344, 'วิศวกรรมศาสตร์บัณฑิต'),
('5330119721', 1, 18, 'วิศวกรรมศาสตร์บัณฑิต'),
('5330120221', 1, 19, 'วิศวกรรมศาสตร์บัณฑิต'),
('5330122521', 1, 345, 'วิศวกรรมศาสตร์บัณฑิต'),
('5330123121', 1, 20, 'วิศวกรรมศาสตร์บัณฑิต'),
('5330124821', 1, 127, 'วิศวกรรมศาสตร์บัณฑิต'),
('5330125421', 1, 128, 'วิศวกรรมศาสตร์บัณฑิต'),
('5330126021', 1, 346, 'วิศวกรรมศาสตร์บัณฑิต'),
('5330127721', 1, 347, 'วิศวกรรมศาสตร์บัณฑิต'),
('5330128321', 1, 130, 'วิศวกรรมศาสตร์บัณฑิต'),
('5330129021', 1, 349, 'วิศวกรรมศาสตร์บัณฑิต'),
('5330130521', 1, 133, 'วิศวกรรมศาสตร์บัณฑิต'),
('5330131121', 1, 351, 'วิศวกรรมศาสตร์บัณฑิต'),
('5330132821', 1, 353, 'วิศวกรรมศาสตร์บัณฑิต'),
('5330134021', 1, 357, 'วิศวกรรมศาสตร์บัณฑิต'),
('5330135721', 1, 134, 'วิศวกรรมศาสตร์บัณฑิต'),
('5330136321', 1, 358, 'วิศวกรรมศาสตร์บัณฑิต'),
('5330137021', 1, 359, 'วิศวกรรมศาสตร์บัณฑิต'),
('5330138621', 1, 360, 'วิศวกรรมศาสตร์บัณฑิต'),
('5330140821', 1, 361, 'วิศวกรรมศาสตร์บัณฑิต'),
('5330141421', 1, 362, 'วิศวกรรมศาสตร์บัณฑิต'),
('5330142021', 1, 363, 'วิศวกรรมศาสตร์บัณฑิต'),
('5330143721', 1, 364, 'วิศวกรรมศาสตร์บัณฑิต'),
('5330144321', 1, 365, 'วิศวกรรมศาสตร์บัณฑิต'),
('5330145021', 1, 136, 'วิศวกรรมศาสตร์บัณฑิต'),
('5330146621', 1, 27, 'วิศวกรรมศาสตร์บัณฑิต'),
('5330147221', 1, 367, 'วิศวกรรมศาสตร์บัณฑิต'),
('5330148921', 1, 368, 'วิศวกรรมศาสตร์บัณฑิต'),
('5330149521', 1, 28, 'วิศวกรรมศาสตร์บัณฑิต'),
('5330150021', 1, 369, 'วิศวกรรมศาสตร์บัณฑิต'),
('5330151721', 1, 29, 'วิศวกรรมศาสตร์บัณฑิต'),
('5330152321', 1, 370, 'วิศวกรรมศาสตร์บัณฑิต'),
('5330153021', 1, 371, 'วิศวกรรมศาสตร์บัณฑิต'),
('5330154621', 1, 372, 'วิศวกรรมศาสตร์บัณฑิต'),
('5330155221', 1, 373, 'วิศวกรรมศาสตร์บัณฑิต'),
('5330156921', 1, 375, 'วิศวกรรมศาสตร์บัณฑิต'),
('5330157521', 1, 377, 'วิศวกรรมศาสตร์บัณฑิต'),
('5330158121', 1, 378, 'วิศวกรรมศาสตร์บัณฑิต'),
('5330159821', 1, 379, 'วิศวกรรมศาสตร์บัณฑิต'),
('5330160321', 1, 139, 'วิศวกรรมศาสตร์บัณฑิต'),
('5330161021', 1, 380, 'วิศวกรรมศาสตร์บัณฑิต'),
('5330162621', 1, 31, 'วิศวกรรมศาสตร์บัณฑิต'),
('5330163221', 1, 381, 'วิศวกรรมศาสตร์บัณฑิต'),
('5330164921', 1, 382, 'วิศวกรรมศาสตร์บัณฑิต'),
('5330165521', 1, 383, 'วิศวกรรมศาสตร์บัณฑิต'),
('5330167821', 1, 384, 'วิศวกรรมศาสตร์บัณฑิต'),
('5330168421', 1, 385, 'วิศวกรรมศาสตร์บัณฑิต'),
('5330169021', 1, 141, 'วิศวกรรมศาสตร์บัณฑิต'),
('5330170621', 1, 386, 'วิศวกรรมศาสตร์บัณฑิต'),
('5330171221', 1, 142, 'วิศวกรรมศาสตร์บัณฑิต'),
('5330172921', 1, 387, 'วิศวกรรมศาสตร์บัณฑิต'),
('5330176421', 1, 388, 'วิศวกรรมศาสตร์บัณฑิต'),
('5330177021', 1, 389, 'วิศวกรรมศาสตร์บัณฑิต'),
('5330178721', 1, 33, 'วิศวกรรมศาสตร์บัณฑิต'),
('5330179321', 1, 390, 'วิศวกรรมศาสตร์บัณฑิต'),
('5330180921', 1, 34, 'วิศวกรรมศาสตร์บัณฑิต'),
('5330181521', 1, 392, 'วิศวกรรมศาสตร์บัณฑิต'),
('5330182121', 1, 393, 'วิศวกรรมศาสตร์บัณฑิต'),
('5330183821', 1, 394, 'วิศวกรรมศาสตร์บัณฑิต'),
('5330184421', 1, 396, 'วิศวกรรมศาสตร์บัณฑิต'),
('5330185021', 1, 397, 'วิศวกรรมศาสตร์บัณฑิต'),
('5330186721', 1, 398, 'วิศวกรรมศาสตร์บัณฑิต'),
('5330188021', 1, 403, 'วิศวกรรมศาสตร์บัณฑิต'),
('5330190121', 1, 405, 'วิศวกรรมศาสตร์บัณฑิต'),
('5330191821', 1, 406, 'วิศวกรรมศาสตร์บัณฑิต'),
('5330193021', 1, 411, 'วิศวกรรมศาสตร์บัณฑิต'),
('5330194721', 1, 412, 'วิศวกรรมศาสตร์บัณฑิต'),
('5330195321', 1, 416, 'วิศวกรรมศาสตร์บัณฑิต'),
('5330196021', 1, 38, 'วิศวกรรมศาสตร์บัณฑิต'),
('5330197621', 1, 417, 'วิศวกรรมศาสตร์บัณฑิต'),
('5330199921', 1, 420, 'วิศวกรรมศาสตร์บัณฑิต'),
('5330200821', 1, 421, 'วิศวกรรมศาสตร์บัณฑิต'),
('5330201421', 1, 39, 'วิศวกรรมศาสตร์บัณฑิต'),
('5330202021', 1, 144, 'วิศวกรรมศาสตร์บัณฑิต'),
('5330203721', 1, 40, 'วิศวกรรมศาสตร์บัณฑิต'),
('5330204321', 1, 146, 'วิศวกรรมศาสตร์บัณฑิต'),
('5330205021', 1, 147, 'วิศวกรรมศาสตร์บัณฑิต'),
('5330207221', 1, 424, 'วิศวกรรมศาสตร์บัณฑิต'),
('5330208921', 1, 148, 'วิศวกรรมศาสตร์บัณฑิต'),
('5330210021', 1, 149, 'วิศวกรรมศาสตร์บัณฑิต'),
('5330211721', 1, 150, 'วิศวกรรมศาสตร์บัณฑิต'),
('5330212321', 1, 151, 'วิศวกรรมศาสตร์บัณฑิต'),
('5330213021', 1, 425, 'วิศวกรรมศาสตร์บัณฑิต'),
('5330214621', 1, 426, 'วิศวกรรมศาสตร์บัณฑิต'),
('5330216921', 1, 427, 'วิศวกรรมศาสตร์บัณฑิต'),
('5330217521', 1, 152, 'วิศวกรรมศาสตร์บัณฑิต'),
('5330218121', 1, 153, 'วิศวกรรมศาสตร์บัณฑิต'),
('5330219821', 1, 428, 'วิศวกรรมศาสตร์บัณฑิต'),
('5330220321', 1, 154, 'วิศวกรรมศาสตร์บัณฑิต'),
('5330221021', 1, 430, 'วิศวกรรมศาสตร์บัณฑิต'),
('5330222621', 1, 155, 'วิศวกรรมศาสตร์บัณฑิต'),
('5330223221', 1, 432, 'วิศวกรรมศาสตร์บัณฑิต'),
('5330224921', 1, 433, 'วิศวกรรมศาสตร์บัณฑิต'),
('5330225521', 1, 434, 'วิศวกรรมศาสตร์บัณฑิต'),
('5330226121', 1, 435, 'วิศวกรรมศาสตร์บัณฑิต'),
('5330227821', 1, 436, 'วิศวกรรมศาสตร์บัณฑิต'),
('5330228421', 1, 42, 'วิศวกรรมศาสตร์บัณฑิต'),
('5330229021', 1, 158, 'วิศวกรรมศาสตร์บัณฑิต'),
('5330230621', 1, 43, 'วิศวกรรมศาสตร์บัณฑิต'),
('5330233521', 1, 159, 'วิศวกรรมศาสตร์บัณฑิต'),
('5330234121', 1, 438, 'วิศวกรรมศาสตร์บัณฑิต'),
('5330235821', 1, 440, 'วิศวกรรมศาสตร์บัณฑิต'),
('5330236421', 1, 441, 'วิศวกรรมศาสตร์บัณฑิต'),
('5330238721', 1, 160, 'วิศวกรรมศาสตร์บัณฑิต'),
('5330239321', 1, 445, 'วิศวกรรมศาสตร์บัณฑิต'),
('5330240921', 1, 446, 'วิศวกรรมศาสตร์บัณฑิต'),
('5330241521', 1, 447, 'วิศวกรรมศาสตร์บัณฑิต'),
('5330242121', 1, 448, 'วิศวกรรมศาสตร์บัณฑิต'),
('5330243821', 1, 449, 'วิศวกรรมศาสตร์บัณฑิต'),
('5330244421', 1, 450, 'วิศวกรรมศาสตร์บัณฑิต'),
('5330246721', 1, 47, 'วิศวกรรมศาสตร์บัณฑิต'),
('5330248021', 1, 452, 'วิศวกรรมศาสตร์บัณฑิต'),
('5330249621', 1, 453, 'วิศวกรรมศาสตร์บัณฑิต'),
('5330250121', 1, 454, 'วิศวกรรมศาสตร์บัณฑิต'),
('5330251821', 1, 161, 'วิศวกรรมศาสตร์บัณฑิต'),
('5330253021', 1, 455, 'วิศวกรรมศาสตร์บัณฑิต'),
('5330254721', 1, 456, 'วิศวกรรมศาสตร์บัณฑิต'),
('5330256021', 1, 457, 'วิศวกรรมศาสตร์บัณฑิต'),
('5330257621', 1, 162, 'วิศวกรรมศาสตร์บัณฑิต'),
('5330259921', 1, 49, 'วิศวกรรมศาสตร์บัณฑิต'),
('5330260421', 1, 460, 'วิศวกรรมศาสตร์บัณฑิต'),
('5330261021', 1, 462, 'วิศวกรรมศาสตร์บัณฑิต'),
('5330262721', 1, 163, 'วิศวกรรมศาสตร์บัณฑิต'),
('5330263321', 1, 463, 'วิศวกรรมศาสตร์บัณฑิต'),
('5330264021', 1, 164, 'วิศวกรรมศาสตร์บัณฑิต'),
('5330265621', 1, 464, 'วิศวกรรมศาสตร์บัณฑิต'),
('5330266221', 1, 465, 'วิศวกรรมศาสตร์บัณฑิต'),
('5330267921', 1, 467, 'วิศวกรรมศาสตร์บัณฑิต'),
('5330268521', 1, 165, 'วิศวกรรมศาสตร์บัณฑิต'),
('5330270721', 1, 166, 'วิศวกรรมศาสตร์บัณฑิต'),
('5330271321', 1, 471, 'วิศวกรรมศาสตร์บัณฑิต'),
('5330272021', 1, 472, 'วิศวกรรมศาสตร์บัณฑิต'),
('5330274221', 1, 473, 'วิศวกรรมศาสตร์บัณฑิต'),
('5330276521', 1, 475, 'วิศวกรรมศาสตร์บัณฑิต'),
('5330277121', 1, 476, 'วิศวกรรมศาสตร์บัณฑิต'),
('5330279421', 1, 167, 'วิศวกรรมศาสตร์บัณฑิต'),
('5330280021', 1, 52, 'วิศวกรรมศาสตร์บัณฑิต'),
('5330281621', 1, 478, 'วิศวกรรมศาสตร์บัณฑิต'),
('5330282221', 1, 480, 'วิศวกรรมศาสตร์บัณฑิต'),
('5330283921', 1, 481, 'วิศวกรรมศาสตร์บัณฑิต'),
('5330284521', 1, 482, 'วิศวกรรมศาสตร์บัณฑิต'),
('5330285121', 1, 483, 'วิศวกรรมศาสตร์บัณฑิต'),
('5330287421', 1, 169, 'วิศวกรรมศาสตร์บัณฑิต'),
('5330288021', 1, 484, 'วิศวกรรมศาสตร์บัณฑิต'),
('5330289721', 1, 170, 'วิศวกรรมศาสตร์บัณฑิต'),
('5330290221', 1, 55, 'วิศวกรรมศาสตร์บัณฑิต'),
('5330291921', 1, 485, 'วิศวกรรมศาสตร์บัณฑิต'),
('5330292521', 1, 56, 'วิศวกรรมศาสตร์บัณฑิต'),
('5330293121', 1, 57, 'วิศวกรรมศาสตร์บัณฑิต'),
('5330294821', 1, 487, 'วิศวกรรมศาสตร์บัณฑิต'),
('5330295421', 1, 488, 'วิศวกรรมศาสตร์บัณฑิต'),
('5330297721', 1, 489, 'วิศวกรรมศาสตร์บัณฑิต'),
('5330299021', 1, 491, 'วิศวกรรมศาสตร์บัณฑิต'),
('5330300921', 1, 492, 'วิศวกรรมศาสตร์บัณฑิต'),
('5330301521', 1, 493, 'วิศวกรรมศาสตร์บัณฑิต'),
('5330303821', 1, 494, 'วิศวกรรมศาสตร์บัณฑิต'),
('5330304421', 1, 495, 'วิศวกรรมศาสตร์บัณฑิต'),
('5330305021', 1, 496, 'วิศวกรรมศาสตร์บัณฑิต'),
('5330307321', 1, 497, 'วิศวกรรมศาสตร์บัณฑิต'),
('5330308021', 1, 171, 'วิศวกรรมศาสตร์บัณฑิต'),
('5330309621', 1, 60, 'วิศวกรรมศาสตร์บัณฑิต'),
('5330310121', 1, 172, 'วิศวกรรมศาสตร์บัณฑิต'),
('5330311821', 1, 499, 'วิศวกรรมศาสตร์บัณฑิต'),
('5330312421', 1, 500, 'วิศวกรรมศาสตร์บัณฑิต'),
('5330313021', 1, 501, 'วิศวกรรมศาสตร์บัณฑิต'),
('5330314721', 1, 502, 'วิศวกรรมศาสตร์บัณฑิต'),
('5330315321', 1, 503, 'วิศวกรรมศาสตร์บัณฑิต'),
('5330316021', 1, 173, 'วิศวกรรมศาสตร์บัณฑิต'),
('5330317621', 1, 505, 'วิศวกรรมศาสตร์บัณฑิต'),
('5330318221', 1, 506, 'วิศวกรรมศาสตร์บัณฑิต'),
('5330319921', 1, 61, 'วิศวกรรมศาสตร์บัณฑิต'),
('5330320421', 1, 507, 'วิศวกรรมศาสตร์บัณฑิต'),
('5330321021', 1, 508, 'วิศวกรรมศาสตร์บัณฑิต'),
('5330322721', 1, 509, 'วิศวกรรมศาสตร์บัณฑิต'),
('5330323321', 1, 174, 'วิศวกรรมศาสตร์บัณฑิต'),
('5330324021', 1, 510, 'วิศวกรรมศาสตร์บัณฑิต'),
('5330325621', 1, 175, 'วิศวกรรมศาสตร์บัณฑิต'),
('5330326221', 1, 511, 'วิศวกรรมศาสตร์บัณฑิต'),
('5330327921', 1, 512, 'วิศวกรรมศาสตร์บัณฑิต'),
('5330328521', 1, 513, 'วิศวกรรมศาสตร์บัณฑิต'),
('5330329121', 1, 177, 'วิศวกรรมศาสตร์บัณฑิต'),
('5330330721', 1, 59, 'วิศวกรรมศาสตร์บัณฑิต'),
('5330331321', 1, 514, 'วิศวกรรมศาสตร์บัณฑิต'),
('5330332021', 1, 515, 'วิศวกรรมศาสตร์บัณฑิต'),
('5330333621', 1, 178, 'วิศวกรรมศาสตร์บัณฑิต'),
('5330334221', 1, 179, 'วิศวกรรมศาสตร์บัณฑิต'),
('5330335921', 1, 518, 'วิศวกรรมศาสตร์บัณฑิต'),
('5330336521', 1, 520, 'วิศวกรรมศาสตร์บัณฑิต'),
('5330337121', 1, 180, 'วิศวกรรมศาสตร์บัณฑิต'),
('5330340021', 1, 527, 'วิศวกรรมศาสตร์บัณฑิต'),
('5330341621', 1, 528, 'วิศวกรรมศาสตร์บัณฑิต'),
('5330342221', 1, 529, 'วิศวกรรมศาสตร์บัณฑิต'),
('5330343921', 1, 530, 'วิศวกรรมศาสตร์บัณฑิต'),
('5330344521', 1, 531, 'วิศวกรรมศาสตร์บัณฑิต'),
('5330345121', 1, 65, 'วิศวกรรมศาสตร์บัณฑิต'),
('5330346821', 1, 182, 'วิศวกรรมศาสตร์บัณฑิต'),
('5330347421', 1, 533, 'วิศวกรรมศาสตร์บัณฑิต'),
('5330348021', 1, 534, 'วิศวกรรมศาสตร์บัณฑิต'),
('5330349721', 1, 184, 'วิศวกรรมศาสตร์บัณฑิต'),
('5330350221', 1, 539, 'วิศวกรรมศาสตร์บัณฑิต'),
('5330351921', 1, 540, 'วิศวกรรมศาสตร์บัณฑิต'),
('5330352521', 1, 186, 'วิศวกรรมศาสตร์บัณฑิต'),
('5330354821', 1, 543, 'วิศวกรรมศาสตร์บัณฑิต'),
('5330355421', 1, 187, 'วิศวกรรมศาสตร์บัณฑิต'),
('5330356021', 1, 545, 'วิศวกรรมศาสตร์บัณฑิต'),
('5330357721', 1, 546, 'วิศวกรรมศาสตร์บัณฑิต'),
('5330359021', 1, 547, 'วิศวกรรมศาสตร์บัณฑิต'),
('5330360521', 1, 190, 'วิศวกรรมศาสตร์บัณฑิต'),
('5330361121', 1, 68, 'วิศวกรรมศาสตร์บัณฑิต'),
('5330362821', 1, 548, 'วิศวกรรมศาสตร์บัณฑิต'),
('5330363421', 1, 549, 'วิศวกรรมศาสตร์บัณฑิต'),
('5330364021', 1, 191, 'วิศวกรรมศาสตร์บัณฑิต'),
('5330365721', 1, 69, 'วิศวกรรมศาสตร์บัณฑิต'),
('5330367021', 1, 552, 'วิศวกรรมศาสตร์บัณฑิต'),
('5330368621', 1, 193, 'วิศวกรรมศาสตร์บัณฑิต'),
('5330369221', 1, 553, 'วิศวกรรมศาสตร์บัณฑิต'),
('5330370821', 1, 554, 'วิศวกรรมศาสตร์บัณฑิต'),
('5330371421', 1, 557, 'วิศวกรรมศาสตร์บัณฑิต'),
('5330372021', 1, 196, 'วิศวกรรมศาสตร์บัณฑิต'),
('5330373721', 1, 558, 'วิศวกรรมศาสตร์บัณฑิต'),
('5330375021', 1, 318, 'วิศวกรรมศาสตร์บัณฑิต'),
('5330376621', 1, 197, 'วิศวกรรมศาสตร์บัณฑิต'),
('5330377221', 1, 562, 'วิศวกรรมศาสตร์บัณฑิต'),
('5330378921', 1, 71, 'วิศวกรรมศาสตร์บัณฑิต'),
('5330379521', 1, 198, 'วิศวกรรมศาสตร์บัณฑิต'),
('5330380021', 1, 201, 'วิศวกรรมศาสตร์บัณฑิต'),
('5330382321', 1, 564, 'วิศวกรรมศาสตร์บัณฑิต'),
('5330383021', 1, 565, 'วิศวกรรมศาสตร์บัณฑิต'),
('5330385221', 1, 566, 'วิศวกรรมศาสตร์บัณฑิต'),
('5330386921', 1, 202, 'วิศวกรรมศาสตร์บัณฑิต'),
('5330387521', 1, 568, 'วิศวกรรมศาสตร์บัณฑิต'),
('5330388121', 1, 203, 'วิศวกรรมศาสตร์บัณฑิต'),
('5330390321', 1, 569, 'วิศวกรรมศาสตร์บัณฑิต'),
('5330391021', 1, 72, 'วิศวกรรมศาสตร์บัณฑิต'),
('5330392621', 1, 570, 'วิศวกรรมศาสตร์บัณฑิต'),
('5330393221', 1, 204, 'วิศวกรรมศาสตร์บัณฑิต'),
('5330394921', 1, 571, 'วิศวกรรมศาสตร์บัณฑิต'),
('5330395521', 1, 73, 'วิศวกรรมศาสตร์บัณฑิต'),
('5330396121', 1, 303, 'วิศวกรรมศาสตร์บัณฑิต'),
('5330398421', 1, 573, 'วิศวกรรมศาสตร์บัณฑิต'),
('5330399021', 1, 574, 'วิศวกรรมศาสตร์บัณฑิต'),
('5330400021', 1, 575, 'วิศวกรรมศาสตร์บัณฑิต'),
('5330401621', 1, 576, 'วิศวกรรมศาสตร์บัณฑิต'),
('5330402221', 1, 207, 'วิศวกรรมศาสตร์บัณฑิต'),
('5330403921', 1, 208, 'วิศวกรรมศาสตร์บัณฑิต'),
('5330406821', 1, 578, 'วิศวกรรมศาสตร์บัณฑิต'),
('5330407421', 1, 579, 'วิศวกรรมศาสตร์บัณฑิต'),
('5330408021', 1, 580, 'วิศวกรรมศาสตร์บัณฑิต'),
('5330409721', 1, 75, 'วิศวกรรมศาสตร์บัณฑิต'),
('5330410221', 1, 581, 'วิศวกรรมศาสตร์บัณฑิต'),
('5330411921', 1, 583, 'วิศวกรรมศาสตร์บัณฑิต'),
('5330413121', 1, 584, 'วิศวกรรมศาสตร์บัณฑิต'),
('5330414821', 1, 585, 'วิศวกรรมศาสตร์บัณฑิต'),
('5330416021', 1, 586, 'วิศวกรรมศาสตร์บัณฑิต'),
('5330418321', 1, 587, 'วิศวกรรมศาสตร์บัณฑิต'),
('5330419021', 1, 588, 'วิศวกรรมศาสตร์บัณฑิต'),
('5330420521', 1, 209, 'วิศวกรรมศาสตร์บัณฑิต'),
('5330421121', 1, 589, 'วิศวกรรมศาสตร์บัณฑิต'),
('5330422821', 1, 590, 'วิศวกรรมศาสตร์บัณฑิต'),
('5330424021', 1, 592, 'วิศวกรรมศาสตร์บัณฑิต'),
('5330425721', 1, 593, 'วิศวกรรมศาสตร์บัณฑิต'),
('5330426321', 1, 594, 'วิศวกรรมศาสตร์บัณฑิต'),
('5330427021', 1, 210, 'วิศวกรรมศาสตร์บัณฑิต'),
('5330428621', 1, 595, 'วิศวกรรมศาสตร์บัณฑิต'),
('5330429221', 1, 596, 'วิศวกรรมศาสตร์บัณฑิต'),
('5330430821', 1, 212, 'วิศวกรรมศาสตร์บัณฑิต'),
('5330431421', 1, 78, 'วิศวกรรมศาสตร์บัณฑิต'),
('5330433721', 1, 213, 'วิศวกรรมศาสตร์บัณฑิต'),
('5330434321', 1, 214, 'วิศวกรรมศาสตร์บัณฑิต'),
('5330435021', 1, 599, 'วิศวกรรมศาสตร์บัณฑิต'),
('5330437221', 1, 600, 'วิศวกรรมศาสตร์บัณฑิต'),
('5330440021', 1, 602, 'วิศวกรรมศาสตร์บัณฑิต'),
('5330442321', 1, 603, 'วิศวกรรมศาสตร์บัณฑิต'),
('5330444621', 1, 605, 'วิศวกรรมศาสตร์บัณฑิต'),
('5330445221', 1, 606, 'วิศวกรรมศาสตร์บัณฑิต'),
('5330446921', 1, 607, 'วิศวกรรมศาสตร์บัณฑิต'),
('5330447521', 1, 608, 'วิศวกรรมศาสตร์บัณฑิต'),
('5330448121', 1, 609, 'วิศวกรรมศาสตร์บัณฑิต'),
('5330449821', 1, 610, 'วิศวกรรมศาสตร์บัณฑิต'),
('5330451021', 1, 613, 'วิศวกรรมศาสตร์บัณฑิต'),
('5330452621', 1, 81, 'วิศวกรรมศาสตร์บัณฑิต'),
('5330454921', 1, 82, 'วิศวกรรมศาสตร์บัณฑิต'),
('5330456121', 1, 615, 'วิศวกรรมศาสตร์บัณฑิต'),
('5330458421', 1, 216, 'วิศวกรรมศาสตร์บัณฑิต'),
('5330460621', 1, 85, 'วิศวกรรมศาสตร์บัณฑิต'),
('5330462921', 1, 619, 'วิศวกรรมศาสตร์บัณฑิต'),
('5330463521', 1, 620, 'วิศวกรรมศาสตร์บัณฑิต'),
('5330464121', 1, 623, 'วิศวกรรมศาสตร์บัณฑิต'),
('5330465821', 1, 86, 'วิศวกรรมศาสตร์บัณฑิต'),
('5330466421', 1, 625, 'วิศวกรรมศาสตร์บัณฑิต'),
('5330467021', 1, 626, 'วิศวกรรมศาสตร์บัณฑิต'),
('5330468721', 1, 217, 'วิศวกรรมศาสตร์บัณฑิต'),
('5330469321', 1, 87, 'วิศวกรรมศาสตร์บัณฑิต'),
('5330470921', 1, 627, 'วิศวกรรมศาสตร์บัณฑิต'),
('5330471521', 1, 628, 'วิศวกรรมศาสตร์บัณฑิต'),
('5330472121', 1, 89, 'วิศวกรรมศาสตร์บัณฑิต'),
('5330473821', 1, 631, 'วิศวกรรมศาสตร์บัณฑิต'),
('5330474421', 1, 219, 'วิศวกรรมศาสตร์บัณฑิต'),
('5330475021', 1, 632, 'วิศวกรรมศาสตร์บัณฑิต'),
('5330476721', 1, 633, 'วิศวกรรมศาสตร์บัณฑิต'),
('5330478021', 1, 637, 'วิศวกรรมศาสตร์บัณฑิต'),
('5330479621', 1, 638, 'วิศวกรรมศาสตร์บัณฑิต'),
('5330480121', 1, 222, 'วิศวกรรมศาสตร์บัณฑิต'),
('5330482421', 1, 223, 'วิศวกรรมศาสตร์บัณฑิต'),
('5330483021', 1, 642, 'วิศวกรรมศาสตร์บัณฑิต'),
('5330485321', 1, 224, 'วิศวกรรมศาสตร์บัณฑิต'),
('5330488221', 1, 645, 'วิศวกรรมศาสตร์บัณฑิต'),
('5330489921', 1, 646, 'วิศวกรรมศาสตร์บัณฑิต'),
('5330490421', 1, 225, 'วิศวกรรมศาสตร์บัณฑิต'),
('5330491021', 1, 226, 'วิศวกรรมศาสตร์บัณฑิต'),
('5330492721', 1, 650, 'วิศวกรรมศาสตร์บัณฑิต'),
('5330493321', 1, 651, 'วิศวกรรมศาสตร์บัณฑิต'),
('5330494021', 1, 652, 'วิศวกรรมศาสตร์บัณฑิต'),
('5330495621', 1, 653, 'วิศวกรรมศาสตร์บัณฑิต'),
('5330496221', 1, 654, 'วิศวกรรมศาสตร์บัณฑิต'),
('5330498521', 1, 655, 'วิศวกรรมศาสตร์บัณฑิต'),
('5330499121', 1, 656, 'วิศวกรรมศาสตร์บัณฑิต'),
('5330500021', 1, 230, 'วิศวกรรมศาสตร์บัณฑิต'),
('5330501721', 1, 231, 'วิศวกรรมศาสตร์บัณฑิต'),
('5330502321', 1, 92, 'วิศวกรรมศาสตร์บัณฑิต'),
('5330504621', 1, 659, 'วิศวกรรมศาสตร์บัณฑิต'),
('5330505221', 1, 93, 'วิศวกรรมศาสตร์บัณฑิต'),
('5330506921', 1, 662, 'วิศวกรรมศาสตร์บัณฑิต'),
('5330507521', 1, 232, 'วิศวกรรมศาสตร์บัณฑิต'),
('5330508121', 1, 663, 'วิศวกรรมศาสตร์บัณฑิต'),
('5330509821', 1, 94, 'วิศวกรรมศาสตร์บัณฑิต'),
('5330510321', 1, 664, 'วิศวกรรมศาสตร์บัณฑิต'),
('5330511021', 1, 95, 'วิศวกรรมศาสตร์บัณฑิต'),
('5330512621', 1, 665, 'วิศวกรรมศาสตร์บัณฑิต'),
('5330513221', 1, 666, 'วิศวกรรมศาสตร์บัณฑิต'),
('5330514921', 1, 667, 'วิศวกรรมศาสตร์บัณฑิต'),
('5330515521', 1, 668, 'วิศวกรรมศาสตร์บัณฑิต'),
('5330516121', 1, 233, 'วิศวกรรมศาสตร์บัณฑิต'),
('5330518421', 1, 669, 'วิศวกรรมศาสตร์บัณฑิต'),
('5330520621', 1, 670, 'วิศวกรรมศาสตร์บัณฑิต'),
('5330522921', 1, 676, 'วิศวกรรมศาสตร์บัณฑิต'),
('5330524121', 1, 677, 'วิศวกรรมศาสตร์บัณฑิต'),
('5330525821', 1, 679, 'วิศวกรรมศาสตร์บัณฑิต'),
('5330526421', 1, 680, 'วิศวกรรมศาสตร์บัณฑิต'),
('5330527021', 1, 681, 'วิศวกรรมศาสตร์บัณฑิต'),
('5330528721', 1, 234, 'วิศวกรรมศาสตร์บัณฑิต'),
('5330531521', 1, 96, 'วิศวกรรมศาสตร์บัณฑิต'),
('5330532121', 1, 686, 'วิศวกรรมศาสตร์บัณฑิต'),
('5330533821', 1, 687, 'วิศวกรรมศาสตร์บัณฑิต'),
('5330534421', 1, 688, 'วิศวกรรมศาสตร์บัณฑิต'),
('5330537321', 1, 235, 'วิศวกรรมศาสตร์บัณฑิต'),
('5330538021', 1, 689, 'วิศวกรรมศาสตร์บัณฑิต'),
('5330539621', 1, 97, 'วิศวกรรมศาสตร์บัณฑิต'),
('5330540121', 1, 690, 'วิศวกรรมศาสตร์บัณฑิต'),
('5330541821', 1, 691, 'วิศวกรรมศาสตร์บัณฑิต'),
('5330542421', 1, 692, 'วิศวกรรมศาสตร์บัณฑิต'),
('5330543021', 1, 693, 'วิศวกรรมศาสตร์บัณฑิต'),
('5330544721', 1, 694, 'วิศวกรรมศาสตร์บัณฑิต'),
('5330547621', 1, 238, 'วิศวกรรมศาสตร์บัณฑิต'),
('5330548221', 1, 695, 'วิศวกรรมศาสตร์บัณฑิต'),
('5330549921', 1, 98, 'วิศวกรรมศาสตร์บัณฑิต'),
('5330550421', 1, 239, 'วิศวกรรมศาสตร์บัณฑิต'),
('5330552721', 1, 700, 'วิศวกรรมศาสตร์บัณฑิต'),
('5330553321', 1, 701, 'วิศวกรรมศาสตร์บัณฑิต'),
('5330554021', 1, 702, 'วิศวกรรมศาสตร์บัณฑิต'),
('5330556221', 1, 240, 'วิศวกรรมศาสตร์บัณฑิต'),
('5330557921', 1, 220, 'วิศวกรรมศาสตร์บัณฑิต'),
('5330558521', 1, 44, 'วิศวกรรมศาสตร์บัณฑิต'),
('5330559121', 1, 268, 'วิศวกรรมศาสตร์บัณฑิต'),
('5330802621', 1, 248, 'วิศวกรรมศาสตร์บัณฑิต'),
('5330804921', 1, 272, 'วิศวกรรมศาสตร์บัณฑิต'),
('5330805521', 1, 279, 'วิศวกรรมศาสตร์บัณฑิต'),
('5330806121', 1, 295, 'วิศวกรรมศาสตร์บัณฑิต'),
('5330807821', 1, 319, 'วิศวกรรมศาสตร์บัณฑิต'),
('5330808421', 1, 120, 'วิศวกรรมศาสตร์บัณฑิต'),
('5330811221', 1, 334, 'วิศวกรรมศาสตร์บัณฑิต'),
('5330812921', 1, 374, 'วิศวกรรมศาสตร์บัณฑิต'),
('5330813521', 1, 376, 'วิศวกรรมศาสตร์บัณฑิต'),
('5330814121', 1, 407, 'วิศวกรรมศาสตร์บัณฑิต'),
('5330818721', 1, 181, 'วิศวกรรมศาสตร์บัณฑิต'),
('5330819321', 1, 524, 'วิศวกรรมศาสตร์บัณฑิต'),
('5330820921', 1, 544, 'วิศวกรรมศาสตร์บัณฑิต'),
('5330821521', 1, 192, 'วิศวกรรมศาสตร์บัณฑิต'),
('5330822121', 1, 563, 'วิศวกรรมศาสตร์บัณฑิต'),
('5330823821', 1, 567, 'วิศวกรรมศาสตร์บัณฑิต'),
('5330824421', 1, 74, 'วิศวกรรมศาสตร์บัณฑิต'),
('5330825021', 1, 206, 'วิศวกรรมศาสตร์บัณฑิต'),
('5330826721', 1, 582, 'วิศวกรรมศาสตร์บัณฑิต'),
('5330830121', 1, 601, 'วิศวกรรมศาสตร์บัณฑิต');
INSERT INTO `join` (`STUDENT_student_id`, `GROUP_group_id`, `order`, `honors`) VALUES
('5330833021', 1, 684, 'วิศวกรรมศาสตร์บัณฑิต'),
('5330834721', 1, 644, 'วิศวกรรมศาสตร์บัณฑิต'),
('5330901021', 1, 490, 'วิศวกรรมศาสตร์บัณฑิต'),
('5330902721', 1, 470, 'วิศวกรรมศาสตร์บัณฑิต'),
('5330903321', 1, 262, 'วิศวกรรมศาสตร์บัณฑิต'),
('5330905621', 1, 525, 'วิศวกรรมศาสตร์บัณฑิต'),
('5330906221', 1, 311, 'วิศวกรรมศาสตร์บัณฑิต'),
('5330907921', 1, 335, 'วิศวกรรมศาสตร์บัณฑิต'),
('5330910721', 1, 415, 'วิศวกรรมศาสตร์บัณฑิต'),
('5330911321', 1, 157, 'วิศวกรรมศาสตร์บัณฑิต'),
('5330912021', 1, 442, 'วิศวกรรมศาสตร์บัณฑิต'),
('5330913621', 1, 477, 'วิศวกรรมศาสตร์บัณฑิต'),
('5330914221', 1, 504, 'วิศวกรรมศาสตร์บัณฑิต'),
('5330915921', 1, 523, 'วิศวกรรมศาสตร์บัณฑิต'),
('5330916521', 1, 526, 'วิศวกรรมศาสตร์บัณฑิต'),
('5330917121', 1, 536, 'วิศวกรรมศาสตร์บัณฑิต'),
('5330919421', 1, 559, 'วิศวกรรมศาสตร์บัณฑิต'),
('5330921621', 1, 227, 'วิศวกรรมศาสตร์บัณฑิต'),
('5330922221', 1, 661, 'วิศวกรรมศาสตร์บัณฑิต'),
('5331001421', 1, 1, 'วิศวกรรมศาสตร์บัณฑิต'),
('5331003721', 1, 100, 'วิศวกรรมศาสตร์บัณฑิต'),
('5331004321', 1, 6, 'วิศวกรรมศาสตร์บัณฑิต'),
('5331006621', 1, 9, 'วิศวกรรมศาสตร์บัณฑิต'),
('5331007221', 1, 296, 'วิศวกรรมศาสตร์บัณฑิต'),
('5331008921', 1, 121, 'วิศวกรรมศาสตร์บัณฑิต'),
('5331009521', 1, 333, 'วิศวกรรมศาสตร์บัณฑิต'),
('5331010021', 1, 17, 'วิศวกรรมศาสตร์บัณฑิต'),
('5331011721', 1, 21, 'วิศวกรรมศาสตร์บัณฑิต'),
('5331012321', 1, 129, 'วิศวกรรมศาสตร์บัณฑิต'),
('5331013021', 1, 350, 'วิศวกรรมศาสตร์บัณฑิต'),
('5331015221', 1, 135, 'วิศวกรรมศาสตร์บัณฑิต'),
('5331016921', 1, 25, 'วิศวกรรมศาสตร์บัณฑิต'),
('5331018121', 1, 30, 'วิศวกรรมศาสตร์บัณฑิต'),
('5331019821', 1, 137, 'วิศวกรรมศาสตร์บัณฑิต'),
('5331020321', 1, 32, 'วิศวกรรมศาสตร์บัณฑิต'),
('5331024921', 1, 401, 'วิศวกรรมศาสตร์บัณฑิต'),
('5331025521', 1, 404, 'วิศวกรรมศาสตร์บัณฑิต'),
('5331026121', 1, 35, 'วิศวกรรมศาสตร์บัณฑิต'),
('5331027821', 1, 36, 'วิศวกรรมศาสตร์บัณฑิต'),
('5331028421', 1, 37, 'วิศวกรรมศาสตร์บัณฑิต'),
('5331029021', 1, 418, 'วิศวกรรมศาสตร์บัณฑิต'),
('5331030621', 1, 429, 'วิศวกรรมศาสตร์บัณฑิต'),
('5331032921', 1, 45, 'วิศวกรรมศาสตร์บัณฑิต'),
('5331033521', 1, 443, 'วิศวกรรมศาสตร์บัณฑิต'),
('5331035821', 1, 48, 'วิศวกรรมศาสตร์บัณฑิต'),
('5331036421', 1, 461, 'วิศวกรรมศาสตร์บัณฑิต'),
('5331037021', 1, 468, 'วิศวกรรมศาสตร์บัณฑิต'),
('5331038721', 1, 50, 'วิศวกรรมศาสตร์บัณฑิต'),
('5331039321', 1, 53, 'วิศวกรรมศาสตร์บัณฑิต'),
('5331040921', 1, 479, 'วิศวกรรมศาสตร์บัณฑิต'),
('5331041521', 1, 54, 'วิศวกรรมศาสตร์บัณฑิต'),
('5331043821', 1, 58, 'วิศวกรรมศาสตร์บัณฑิต'),
('5331044421', 1, 62, 'วิศวกรรมศาสตร์บัณฑิต'),
('5331045021', 1, 63, 'วิศวกรรมศาสตร์บัณฑิต'),
('5331046721', 1, 517, 'วิศวกรรมศาสตร์บัณฑิต'),
('5331047321', 1, 521, 'วิศวกรรมศาสตร์บัณฑิต'),
('5331050121', 1, 532, 'วิศวกรรมศาสตร์บัณฑิต'),
('5331051821', 1, 185, 'วิศวกรรมศาสตร์บัณฑิต'),
('5331052421', 1, 66, 'วิศวกรรมศาสตร์บัณฑิต'),
('5331053021', 1, 188, 'วิศวกรรมศาสตร์บัณฑิต'),
('5331054721', 1, 555, 'วิศวกรรมศาสตร์บัณฑิต'),
('5331055321', 1, 195, 'วิศวกรรมศาสตร์บัณฑิต'),
('5331056021', 1, 556, 'วิศวกรรมศาสตร์บัณฑิต'),
('5331057621', 1, 560, 'วิศวกรรมศาสตร์บัณฑิต'),
('5331058221', 1, 200, 'วิศวกรรมศาสตร์บัณฑิต'),
('5331061021', 1, 76, 'วิศวกรรมศาสตร์บัณฑิต'),
('5331067921', 1, 80, 'วิศวกรรมศาสตร์บัณฑิต'),
('5331068521', 1, 83, 'วิศวกรรมศาสตร์บัณฑิต'),
('5331069121', 1, 215, 'วิศวกรรมศาสตร์บัณฑิต'),
('5331070721', 1, 621, 'วิศวกรรมศาสตร์บัณฑิต'),
('5331072021', 1, 91, 'วิศวกรรมศาสตร์บัณฑิต'),
('5331074221', 1, 674, 'วิศวกรรมศาสตร์บัณฑิต'),
('5331075921', 1, 237, 'วิศวกรรมศาสตร์บัณฑิต'),
('5331076521', 1, 703, 'วิศวกรรมศาสตร์บัณฑิต'),
('5331077121', 1, 696, 'วิศวกรรมศาสตร์บัณฑิต'),
('5331201621', 1, 253, 'วิศวกรรมศาสตร์บัณฑิต'),
('5331202221', 1, 99, 'วิศวกรรมศาสตร์บัณฑิต'),
('5331203921', 1, 103, 'วิศวกรรมศาสตร์บัณฑิต'),
('5331204521', 1, 3, 'วิศวกรรมศาสตร์บัณฑิต'),
('5331205121', 1, 264, 'วิศวกรรมศาสตร์บัณฑิต'),
('5331206821', 1, 290, 'วิศวกรรมศาสตร์บัณฑิต'),
('5331207421', 1, 292, 'วิศวกรรมศาสตร์บัณฑิต'),
('5331209721', 1, 10, 'วิศวกรรมศาสตร์บัณฑิต'),
('5331210221', 1, 113, 'วิศวกรรมศาสตร์บัณฑิต'),
('5331211921', 1, 304, 'วิศวกรรมศาสตร์บัณฑิต'),
('5331212521', 1, 306, 'วิศวกรรมศาสตร์บัณฑิต'),
('5331213121', 1, 309, 'วิศวกรรมศาสตร์บัณฑิต'),
('5331215421', 1, 316, 'วิศวกรรมศาสตร์บัณฑิต'),
('5331216021', 1, 324, 'วิศวกรรมศาสตร์บัณฑิต'),
('5331217721', 1, 325, 'วิศวกรรมศาสตร์บัณฑิต'),
('5331218321', 1, 327, 'วิศวกรรมศาสตร์บัณฑิต'),
('5331219021', 1, 124, 'วิศวกรรมศาสตร์บัณฑิต'),
('5331220521', 1, 125, 'วิศวกรรมศาสตร์บัณฑิต'),
('5331223421', 1, 22, 'วิศวกรรมศาสตร์บัณฑิต'),
('5331225721', 1, 348, 'วิศวกรรมศาสตร์บัณฑิต'),
('5331226321', 1, 23, 'วิศวกรรมศาสตร์บัณฑิต'),
('5331227021', 1, 131, 'วิศวกรรมศาสตร์บัณฑิต'),
('5331228621', 1, 132, 'วิศวกรรมศาสตร์บัณฑิต'),
('5331229221', 1, 24, 'วิศวกรรมศาสตร์บัณฑิต'),
('5331230821', 1, 26, 'วิศวกรรมศาสตร์บัณฑิต'),
('5331231421', 1, 437, 'วิศวกรรมศาสตร์บัณฑิต'),
('5331232021', 1, 138, 'วิศวกรรมศาสตร์บัณฑิต'),
('5331233721', 1, 140, 'วิศวกรรมศาสตร์บัณฑิต'),
('5331234321', 1, 400, 'วิศวกรรมศาสตร์บัณฑิต'),
('5331235021', 1, 409, 'วิศวกรรมศาสตร์บัณฑิต'),
('5331236621', 1, 410, 'วิศวกรรมศาสตร์บัณฑิต'),
('5331237221', 1, 414, 'วิศวกรรมศาสตร์บัณฑิต'),
('5331238921', 1, 143, 'วิศวกรรมศาสตร์บัณฑิต'),
('5331241721', 1, 145, 'วิศวกรรมศาสตร์บัณฑิต'),
('5331243021', 1, 423, 'วิศวกรรมศาสตร์บัณฑิต'),
('5331245221', 1, 41, 'วิศวกรรมศาสตร์บัณฑิต'),
('5331247521', 1, 156, 'วิศวกรรมศาสตร์บัณฑิต'),
('5331248121', 1, 444, 'วิศวกรรมศาสตร์บัณฑิต'),
('5331249821', 1, 46, 'วิศวกรรมศาสตร์บัณฑิต'),
('5331250321', 1, 466, 'วิศวกรรมศาสตร์บัณฑิต'),
('5331251021', 1, 51, 'วิศวกรรมศาสตร์บัณฑิต'),
('5331252621', 1, 168, 'วิศวกรรมศาสตร์บัณฑิต'),
('5331254921', 1, 486, 'วิศวกรรมศาสตร์บัณฑิต'),
('5331255521', 1, 498, 'วิศวกรรมศาสตร์บัณฑิต'),
('5331260621', 1, 176, 'วิศวกรรมศาสตร์บัณฑิต'),
('5331261221', 1, 64, 'วิศวกรรมศาสตร์บัณฑิต'),
('5331262921', 1, 516, 'วิศวกรรมศาสตร์บัณฑิต'),
('5331263521', 1, 519, 'วิศวกรรมศาสตร์บัณฑิต'),
('5331264121', 1, 183, 'วิศวกรรมศาสตร์บัณฑิต'),
('5331265821', 1, 535, 'วิศวกรรมศาสตร์บัณฑิต'),
('5331266421', 1, 538, 'วิศวกรรมศาสตร์บัณฑิต'),
('5331267021', 1, 189, 'วิศวกรรมศาสตร์บัณฑิต'),
('5331268721', 1, 550, 'วิศวกรรมศาสตร์บัณฑิต'),
('5331269321', 1, 194, 'วิศวกรรมศาสตร์บัณฑิต'),
('5331271521', 1, 561, 'วิศวกรรมศาสตร์บัณฑิต'),
('5331273821', 1, 199, 'วิศวกรรมศาสตร์บัณฑิต'),
('5331274421', 1, 205, 'วิศวกรรมศาสตร์บัณฑิต'),
('5331276721', 1, 70, 'วิศวกรรมศาสตร์บัณฑิต'),
('5331277321', 1, 577, 'วิศวกรรมศาสตร์บัณฑิต'),
('5331278021', 1, 77, 'วิศวกรรมศาสตร์บัณฑิต'),
('5331279621', 1, 591, 'วิศวกรรมศาสตร์บัณฑิต'),
('5331280121', 1, 211, 'วิศวกรรมศาสตร์บัณฑิต'),
('5331281821', 1, 79, 'วิศวกรรมศาสตร์บัณฑิต'),
('5331282421', 1, 611, 'วิศวกรรมศาสตร์บัณฑิต'),
('5331283021', 1, 612, 'วิศวกรรมศาสตร์บัณฑิต'),
('5331284721', 1, 614, 'วิศวกรรมศาสตร์บัณฑิต'),
('5331285321', 1, 616, 'วิศวกรรมศาสตร์บัณฑิต'),
('5331286021', 1, 84, 'วิศวกรรมศาสตร์บัณฑิต'),
('5331287621', 1, 618, 'วิศวกรรมศาสตร์บัณฑิต'),
('5331288221', 1, 622, 'วิศวกรรมศาสตร์บัณฑิต'),
('5331289921', 1, 218, 'วิศวกรรมศาสตร์บัณฑิต'),
('5331290421', 1, 88, 'วิศวกรรมศาสตร์บัณฑิต'),
('5331291021', 1, 90, 'วิศวกรรมศาสตร์บัณฑิต'),
('5331292721', 1, 634, 'วิศวกรรมศาสตร์บัณฑิต'),
('5331293321', 1, 221, 'วิศวกรรมศาสตร์บัณฑิต'),
('5331294021', 1, 649, 'วิศวกรรมศาสตร์บัณฑิต'),
('5331295621', 1, 228, 'วิศวกรรมศาสตร์บัณฑิต'),
('5331296221', 1, 229, 'วิศวกรรมศาสตร์บัณฑิต'),
('5331298521', 1, 657, 'วิศวกรรมศาสตร์บัณฑิต'),
('5331299121', 1, 660, 'วิศวกรรมศาสตร์บัณฑิต'),
('5331300021', 1, 675, 'วิศวกรรมศาสตร์บัณฑิต'),
('5331301721', 1, 67, 'วิศวกรรมศาสตร์บัณฑิต'),
('5331303021', 1, 685, 'วิศวกรรมศาสตร์บัณฑิต'),
('5331304621', 1, 236, 'วิศวกรรมศาสตร์บัณฑิต'),
('5331305221', 1, 697, 'วิศวกรรมศาสตร์บัณฑิต'),
('5331306921', 1, 704, 'วิศวกรรมศาสตร์บัณฑิต'),
('5331309821', 1, 597, 'วิศวกรรมศาสตร์บัณฑิต'),
('5331311021', 1, 648, 'วิศวกรรมศาสตร์บัณฑิต'),
('5331313221', 1, 699, 'วิศวกรรมศาสตร์บัณฑิต'),
('5331701021', 1, 291, 'วิศวกรรมศาสตร์บัณฑิต'),
('5331702721', 1, 323, 'วิศวกรรมศาสตร์บัณฑิต'),
('5331703321', 1, 413, 'วิศวกรรมศาสตร์บัณฑิต'),
('5331704021', 1, 451, 'วิศวกรรมศาสตร์บัณฑิต'),
('5331706221', 1, 399, 'วิศวกรรมศาสตร์บัณฑิต'),
('5331707921', 1, 541, 'วิศวกรรมศาสตร์บัณฑิต'),
('5331710721', 1, 658, 'วิศวกรรมศาสตร์บัณฑิต'),
('5331711321', 1, 698, 'วิศวกรรมศาสตร์บัณฑิต'),
('5331712021', 1, 342, 'วิศวกรรมศาสตร์บัณฑิต'),
('5370204921', 2, 48, 'วิศวกรรมศาสตร์บัณฑิต'),
('5370209021', 2, 54, 'วิศวกรรมศาสตร์บัณฑิต'),
('5370217021', 2, 65, 'วิศวกรรมศาสตร์บัณฑิต'),
('5370218721', 2, 71, 'วิศวกรรมศาสตร์บัณฑิต'),
('5370224421', 2, 79, 'วิศวกรรมศาสตร์บัณฑิต'),
('5370231821', 2, 104, 'วิศวกรรมศาสตร์บัณฑิต'),
('5370233021', 2, 106, 'วิศวกรรมศาสตร์บัณฑิต'),
('5370234721', 2, 107, 'วิศวกรรมศาสตร์บัณฑิต'),
('5370246221', 2, 119, 'วิศวกรรมศาสตร์บัณฑิต'),
('5370248521', 2, 120, 'วิศวกรรมศาสตร์บัณฑิต'),
('5370249121', 2, 122, 'วิศวกรรมศาสตร์บัณฑิต'),
('5370251321', 2, 125, 'วิศวกรรมศาสตร์บัณฑิต'),
('5370256521', 2, 129, 'วิศวกรรมศาสตร์บัณฑิต'),
('5370263921', 2, 143, 'วิศวกรรมศาสตร์บัณฑิต'),
('5370270221', 2, 155, 'วิศวกรรมศาสตร์บัณฑิต'),
('5370272521', 2, 161, 'วิศวกรรมศาสตร์บัณฑิต'),
('5370273121', 2, 162, 'วิศวกรรมศาสตร์บัณฑิต'),
('5370278321', 2, 165, 'วิศวกรรมศาสตร์บัณฑิต'),
('5370289221', 2, 176, 'วิศวกรรมศาสตร์บัณฑิต'),
('5370296621', 2, 182, 'วิศวกรรมศาสตร์บัณฑิต'),
('5370297221', 2, 183, 'วิศวกรรมศาสตร์บัณฑิต'),
('5370304021', 2, 188, 'วิศวกรรมศาสตร์บัณฑิต'),
('5370312021', 2, 199, 'วิศวกรรมศาสตร์บัณฑิต'),
('5370332521', 2, 222, 'วิศวกรรมศาสตร์บัณฑิต'),
('5370341121', 2, 247, 'วิศวกรรมศาสตร์บัณฑิต'),
('5370362321', 2, 275, 'วิศวกรรมศาสตร์บัณฑิต'),
('5370363021', 2, 277, 'วิศวกรรมศาสตร์บัณฑิต'),
('5370367521', 2, 378, 'วิศวกรรมศาสตร์บัณฑิต'),
('5370369821', 2, 288, 'วิศวกรรมศาสตร์บัณฑิต'),
('5370370321', 2, 291, 'วิศวกรรมศาสตร์บัณฑิต'),
('5370386421', 2, 313, 'วิศวกรรมศาสตร์บัณฑิต'),
('5370387021', 2, 319, 'วิศวกรรมศาสตร์บัณฑิต'),
('5370424621', 2, 96, 'วิศวกรรมศาสตร์บัณฑิต'),
('5370438421', 2, 127, 'วิศวกรรมศาสตร์บัณฑิต'),
('5370472721', 2, 202, 'วิศวกรรมศาสตร์บัณฑิต'),
('5370481321', 2, 233, 'วิศวกรรมศาสตร์บัณฑิต'),
('5370500621', 2, 262, 'วิศวกรรมศาสตร์บัณฑิต'),
('5370510921', 2, 289, 'วิศวกรรมศาสตร์บัณฑิต'),
('5370512121', 2, 292, 'วิศวกรรมศาสตร์บัณฑิต'),
('5370519621', 2, 301, 'วิศวกรรมศาสตร์บัณฑิต'),
('5370535621', 2, 53, 'วิศวกรรมศาสตร์บัณฑิต'),
('5370551621', 2, 144, 'วิศวกรรมศาสตร์บัณฑิต'),
('5370561921', 2, 192, 'วิศวกรรมศาสตร์บัณฑิต'),
('5370565421', 2, 209, 'วิศวกรรมศาสตร์บัณฑิต'),
('5370567721', 2, 218, 'วิศวกรรมศาสตร์บัณฑิต'),
('5370569021', 2, 224, 'วิศวกรรมศาสตร์บัณฑิต'),
('5370571121', 2, 243, 'วิศวกรรมศาสตร์บัณฑิต'),
('5370572821', 2, 244, 'วิศวกรรมศาสตร์บัณฑิต'),
('5370576321', 2, 258, 'วิศวกรรมศาสตร์บัณฑิต'),
('5370577021', 2, 261, 'วิศวกรรมศาสตร์บัณฑิต'),
('5370580821', 2, 266, 'วิศวกรรมศาสตร์บัณฑิต'),
('5370584321', 2, 380, 'วิศวกรรมศาสตร์บัณฑิต'),
('5370613921', 2, 290, 'วิศวกรรมศาสตร์บัณฑิต'),
('5370629021', 2, 73, 'วิศวกรรมศาสตร์บัณฑิต'),
('5370652321', 2, 204, 'วิศวกรรมศาสตร์บัณฑิต'),
('5370660321', 2, 251, 'วิศวกรรมศาสตร์บัณฑิต'),
('5370673521', 2, 142, 'วิศวกรรมศาสตร์บัณฑิต'),
('5370677021', 2, 58, 'วิศวกรรมศาสตร์บัณฑิต'),
('5371408821', 2, 338, 'วิศวกรรมศาสตร์บัณฑิต'),
('5371411621', 2, 344, 'วิศวกรรมศาสตร์บัณฑิต'),
('5371427721', 2, 163, 'วิศวกรรมศาสตร์บัณฑิต'),
('5371430521', 2, 361, 'วิศวกรรมศาสตร์บัณฑิต'),
('5371437021', 2, 366, 'วิศวกรรมศาสตร์บัณฑิต'),
('5371445021', 2, 250, 'วิศวกรรมศาสตร์บัณฑิต'),
('5371455221', 2, 294, 'วิศวกรรมศาสตร์บัณฑิต'),
('5371484421', 2, 239, 'วิศวกรรมศาสตร์บัณฑิต'),
('5371490121', 2, 281, 'วิศวกรรมศาสตร์บัณฑิต'),
('5371492421', 2, 302, 'วิศวกรรมศาสตร์บัณฑิต'),
('5371500821', 2, 108, 'วิศวกรรมศาสตร์บัณฑิต'),
('5371502021', 2, 128, 'วิศวกรรมศาสตร์บัณฑิต'),
('5371504321', 2, 158, 'วิศวกรรมศาสตร์บัณฑิต'),
('5371506621', 2, 166, 'วิศวกรรมศาสตร์บัณฑิต'),
('5371507221', 2, 167, 'วิศวกรรมศาสตร์บัณฑิต'),
('5371512321', 2, 284, 'วิศวกรรมศาสตร์บัณฑิต'),
('5371515221', 2, 308, 'วิศวกรรมศาสตร์บัณฑิต'),
('5371603821', 2, 114, 'วิศวกรรมศาสตร์บัณฑิต'),
('5371605021', 2, 179, 'วิศวกรรมศาสตร์บัณฑิต'),
('5371607321', 2, 230, 'วิศวกรรมศาสตร์บัณฑิต'),
('5371610121', 2, 306, 'วิศวกรรมศาสตร์บัณฑิต'),
('5371612421', 2, 324, 'วิศวกรรมศาสตร์บัณฑิต'),
('5371617621', 2, 152, 'วิศวกรรมศาสตร์บัณฑิต'),
('5371618221', 2, 171, 'วิศวกรรมศาสตร์บัณฑิต'),
('5371627921', 2, 82, 'วิศวกรรมศาสตร์บัณฑิต'),
('5371629121', 2, 124, 'วิศวกรรมศาสตร์บัณฑิต'),
('5371633621', 2, 111, 'วิศวกรรมศาสตร์บัณฑิต'),
('5371813221', 2, 13, 'วิศวกรรมศาสตร์บัณฑิต'),
('5371824121', 2, 17, 'วิศวกรรมศาสตร์บัณฑิต'),
('5371837321', 2, 29, 'วิศวกรรมศาสตร์บัณฑิต'),
('5371845321', 2, 9, 'วิศวกรรมศาสตร์บัณฑิต'),
('5470110621', 2, 39, 'วิศวกรรมศาสตร์บัณฑิต'),
('5470112921', 2, 40, 'วิศวกรรมศาสตร์บัณฑิต'),
('5470117021', 2, 45, 'วิศวกรรมศาสตร์บัณฑิต'),
('5470119321', 2, 46, 'วิศวกรรมศาสตร์บัณฑิต'),
('5470122121', 2, 47, 'วิศวกรรมศาสตร์บัณฑิต'),
('5470130121', 2, 51, 'วิศวกรรมศาสตร์บัณฑิต'),
('5470139921', 2, 61, 'วิศวกรรมศาสตร์บัณฑิต'),
('5470140421', 2, 62, 'วิศวกรรมศาสตร์บัณฑิต'),
('5470141021', 2, 63, 'วิศวกรรมศาสตร์บัณฑิต'),
('5470143321', 2, 337, 'วิศวกรรมศาสตร์บัณฑิต'),
('5470147921', 2, 64, 'วิศวกรรมศาสตร์บัณฑิต'),
('5470148521', 2, 66, 'วิศวกรรมศาสตร์บัณฑิต'),
('5470150721', 2, 67, 'วิศวกรรมศาสตร์บัณฑิต'),
('5470151321', 2, 70, 'วิศวกรรมศาสตร์บัณฑิต'),
('5470156521', 2, 72, 'วิศวกรรมศาสตร์บัณฑิต'),
('5470163921', 2, 76, 'วิศวกรรมศาสตร์บัณฑิต'),
('5470165121', 2, 78, 'วิศวกรรมศาสตร์บัณฑิต'),
('5470167421', 2, 80, 'วิศวกรรมศาสตร์บัณฑิต'),
('5470170221', 2, 84, 'วิศวกรรมศาสตร์บัณฑิต'),
('5470184021', 2, 94, 'วิศวกรรมศาสตร์บัณฑิต'),
('5470187021', 2, 99, 'วิศวกรรมศาสตร์บัณฑิต'),
('5470189221', 2, 342, 'วิศวกรรมศาสตร์บัณฑิต'),
('5470194321', 2, 109, 'วิศวกรรมศาสตร์บัณฑิต'),
('5470206221', 2, 116, 'วิศวกรรมศาสตร์บัณฑิต'),
('5470208521', 2, 117, 'วิศวกรรมศาสตร์บัณฑิต'),
('5470221621', 2, 126, 'วิศวกรรมศาสตร์บัณฑิต'),
('5470233121', 2, 137, 'วิศวกรรมศาสตร์บัณฑิต'),
('5470236021', 2, 140, 'วิศวกรรมศาสตร์บัณฑิต'),
('5470245721', 2, 148, 'วิศวกรรมศาสตร์บัณฑิต'),
('5470247021', 2, 151, 'วิศวกรรมศาสตร์บัณฑิต'),
('5470248621', 2, 153, 'วิศวกรรมศาสตร์บัณฑิต'),
('5470251421', 2, 156, 'วิศวกรรมศาสตร์บัณฑิต'),
('5470252021', 2, 157, 'วิศวกรรมศาสตร์บัณฑิต'),
('5470253721', 2, 159, 'วิศวกรรมศาสตร์บัณฑิต'),
('5470260021', 2, 164, 'วิศวกรรมศาสตร์บัณฑิต'),
('5470277821', 2, 170, 'วิศวกรรมศาสตร์บัณฑิต'),
('5470285821', 2, 178, 'วิศวกรรมศาสตร์บัณฑิต'),
('5470289321', 2, 180, 'วิศวกรรมศาสตร์บัณฑิต'),
('5470295021', 2, 186, 'วิศวกรรมศาสตร์บัณฑิต'),
('5470296721', 2, 187, 'วิศวกรรมศาสตร์บัณฑิต'),
('5470301121', 2, 190, 'วิศวกรรมศาสตร์บัณฑิต'),
('5470305721', 2, 193, 'วิศวกรรมศาสตร์บัณฑิต'),
('5470307021', 2, 195, 'วิศวกรรมศาสตร์บัณฑิต'),
('5470308621', 2, 196, 'วิศวกรรมศาสตร์บัณฑิต'),
('5470316621', 2, 201, 'วิศวกรรมศาสตร์บัณฑิต'),
('5470321721', 2, 206, 'วิศวกรรมศาสตร์บัณฑิต'),
('5470322321', 2, 207, 'วิศวกรรมศาสตร์บัณฑิต'),
('5470325221', 2, 208, 'วิศวกรรมศาสตร์บัณฑิต'),
('5470329821', 2, 364, 'วิศวกรรมศาสตร์บัณฑิต'),
('5470336121', 2, 215, 'วิศวกรรมศาสตร์บัณฑิต'),
('5470340621', 2, 221, 'วิศวกรรมศาสตร์บัณฑิต'),
('5470343521', 2, 225, 'วิศวกรรมศาสตร์บัณฑิต'),
('5470345821', 2, 227, 'วิศวกรรมศาสตร์บัณฑิต'),
('5470348721', 2, 234, 'วิศวกรรมศาสตร์บัณฑิต'),
('5470350921', 2, 236, 'วิศวกรรมศาสตร์บัณฑิต'),
('5470367621', 2, 371, 'วิศวกรรมศาสตร์บัณฑิต'),
('5470375621', 2, 246, 'วิศวกรรมศาสตร์บัณฑิต'),
('5470381321', 2, 253, 'วิศวกรรมศาสตร์บัณฑิต'),
('5470391621', 2, 256, 'วิศวกรรมศาสตร์บัณฑิต'),
('5470399721', 2, 263, 'วิศวกรรมศาสตร์บัณฑิต'),
('5470400621', 2, 264, 'วิศวกรรมศาสตร์บัณฑิต'),
('5470402921', 2, 265, 'วิศวกรรมศาสตร์บัณฑิต'),
('5470405821', 2, 267, 'วิศวกรรมศาสตร์บัณฑิต'),
('5470407021', 2, 376, 'วิศวกรรมศาสตร์บัณฑิต'),
('5470413821', 2, 272, 'วิศวกรรมศาสตร์บัณฑิต'),
('5470420121', 2, 139, 'วิศวกรรมศาสตร์บัณฑิต'),
('5470421821', 2, 283, 'วิศวกรรมศาสตร์บัณฑิต'),
('5470422421', 2, 285, 'วิศวกรรมศาสตร์บัณฑิต'),
('5470423021', 2, 286, 'วิศวกรรมศาสตร์บัณฑิต'),
('5470424721', 2, 287, 'วิศวกรรมศาสตร์บัณฑิต'),
('5470433321', 2, 295, 'วิศวกรรมศาสตร์บัณฑิต'),
('5470435621', 2, 296, 'วิศวกรรมศาสตร์บัณฑิต'),
('5470438521', 2, 299, 'วิศวกรรมศาสตร์บัณฑิต'),
('5470439121', 2, 300, 'วิศวกรรมศาสตร์บัณฑิต'),
('5470442021', 2, 304, 'วิศวกรรมศาสตร์บัณฑิต'),
('5470444221', 2, 305, 'วิศวกรรมศาสตร์บัณฑิต'),
('5470446521', 2, 307, 'วิศวกรรมศาสตร์บัณฑิต'),
('5470452221', 2, 309, 'วิศวกรรมศาสตร์บัณฑิต'),
('5470453921', 2, 310, 'วิศวกรรมศาสตร์บัณฑิต'),
('5470458021', 2, 314, 'วิศวกรรมศาสตร์บัณฑิต'),
('5470459721', 2, 384, 'วิศวกรรมศาสตร์บัณฑิต'),
('5470464821', 2, 318, 'วิศวกรรมศาสตร์บัณฑิต'),
('5470465421', 2, 320, 'วิศวกรรมศาสตร์บัณฑิต'),
('5470468321', 2, 322, 'วิศวกรรมศาสตร์บัณฑิต'),
('5470472821', 2, 327, 'วิศวกรรมศาสตร์บัณฑิต'),
('5470474021', 2, 330, 'วิศวกรรมศาสตร์บัณฑิต'),
('5470477021', 2, 38, 'วิศวกรรมศาสตร์บัณฑิต'),
('5470485021', 2, 363, 'วิศวกรรมศาสตร์บัณฑิต'),
('5470490021', 2, 276, 'วิศวกรรมศาสตร์บัณฑิต'),
('5470500721', 2, 59, 'วิศวกรรมศาสตร์บัณฑิต'),
('5470501321', 2, 102, 'วิศวกรรมศาสตร์บัณฑิต'),
('5470508821', 2, 149, 'วิศวกรรมศาสตร์บัณฑิต'),
('5470516821', 2, 213, 'วิศวกรรมศาสตร์บัณฑิต'),
('5470517421', 2, 216, 'วิศวกรรมศาสตร์บัณฑิต'),
('5470525421', 2, 88, 'วิศวกรรมศาสตร์บัณฑิต'),
('5470526021', 2, 349, 'วิศวกรรมศาสตร์บัณฑิต'),
('5470527721', 2, 354, 'วิศวกรรมศาสตร์บัณฑิต'),
('5470533421', 2, 232, 'วิศวกรรมศาสตร์บัณฑิต'),
('5470536321', 2, 241, 'วิศวกรรมศาสตร์บัณฑิต'),
('5470537021', 2, 279, 'วิศวกรรมศาสตร์บัณฑิต'),
('5470549521', 2, 57, 'วิศวกรรมศาสตร์บัณฑิต'),
('5470552321', 2, 90, 'วิศวกรรมศาสตร์บัณฑิต'),
('5470563221', 2, 212, 'วิศวกรรมศาสตร์บัณฑิต'),
('5470564921', 2, 249, 'วิศวกรรมศาสตร์บัณฑิต'),
('5470570621', 2, 55, 'วิศวกรรมศาสตร์บัณฑิต'),
('5470571221', 2, 85, 'วิศวกรรมศาสตร์บัณฑิต'),
('5470572921', 2, 87, 'วิศวกรรมศาสตร์บัณฑิต'),
('5470573521', 2, 217, 'วิศวกรรมศาสตร์บัณฑิต'),
('5470574121', 2, 303, 'วิศวกรรมศาสตร์บัณฑิต'),
('5470575821', 2, 316, 'วิศวกรรมศาสตร์บัณฑิต'),
('5470903021', 2, 332, 'วิศวกรรมศาสตร์บัณฑิต'),
('5470908121', 2, 333, 'วิศวกรรมศาสตร์บัณฑิต'),
('5470909821', 2, 49, 'วิศวกรรมศาสตร์บัณฑิต'),
('5470914921', 2, 336, 'วิศวกรรมศาสตร์บัณฑิต'),
('5470915521', 2, 56, 'วิศวกรรมศาสตร์บัณฑิต'),
('5470920621', 2, 77, 'วิศวกรรมศาสตร์บัณฑิต'),
('5470921221', 2, 340, 'วิศวกรรมศาสตร์บัณฑิต'),
('5470925821', 2, 341, 'วิศวกรรมศาสตร์บัณฑิต'),
('5470928721', 2, 100, 'วิศวกรรมศาสตร์บัณฑิต'),
('5470932121', 2, 101, 'วิศวกรรมศาสตร์บัณฑิต'),
('5470934421', 2, 345, 'วิศวกรรมศาสตร์บัณฑิต'),
('5470937321', 2, 348, 'วิศวกรรมศาสตร์บัณฑิต'),
('5470938021', 2, 350, 'วิศวกรรมศาสตร์บัณฑิต'),
('5470940121', 2, 352, 'วิศวกรรมศาสตร์บัณฑิต'),
('5470943021', 2, 353, 'วิศวกรรมศาสตร์บัณฑิต'),
('5470949921', 2, 355, 'วิศวกรรมศาสตร์บัณฑิต'),
('5470954021', 2, 356, 'วิศวกรรมศาสตร์บัณฑิต'),
('5470958521', 2, 357, 'วิศวกรรมศาสตร์บัณฑิต'),
('5470962021', 2, 359, 'วิศวกรรมศาสตร์บัณฑิต'),
('5470967121', 2, 168, 'วิศวกรรมศาสตร์บัณฑิต'),
('5470971621', 2, 172, 'วิศวกรรมศาสตร์บัณฑิต'),
('5470978021', 2, 362, 'วิศวกรรมศาสตร์บัณฑิต'),
('5470979721', 2, 194, 'วิศวกรรมศาสตร์บัณฑิต'),
('5470984821', 2, 200, 'วิศวกรรมศาสตร์บัณฑิต'),
('5470991121', 2, 368, 'วิศวกรรมศาสตร์บัณฑิต'),
('5471002721', 2, 370, 'วิศวกรรมศาสตร์บัณฑิต'),
('5471009121', 2, 373, 'วิศวกรรมศาสตร์บัณฑิต'),
('5471012021', 2, 255, 'วิศวกรรมศาสตร์บัณฑิต'),
('5471014221', 2, 259, 'วิศวกรรมศาสตร์บัณฑิต'),
('5471015921', 2, 374, 'วิศวกรรมศาสตร์บัณฑิต'),
('5471019421', 2, 75, 'วิศวกรรมศาสตร์บัณฑิต'),
('5471022221', 2, 379, 'วิศวกรรมศาสตร์บัณฑิต'),
('5471025121', 2, 297, 'วิศวกรรมศาสตร์บัณฑิต'),
('5471027421', 2, 381, 'วิศวกรรมศาสตร์บัณฑิต'),
('5471032521', 2, 312, 'วิศวกรรมศาสตร์บัณฑิต'),
('5471033121', 2, 383, 'วิศวกรรมศาสตร์บัณฑิต'),
('5471036021', 2, 385, 'วิศวกรรมศาสตร์บัณฑิต'),
('5471038321', 2, 386, 'วิศวกรรมศาสตร์บัณฑิต'),
('5471041121', 2, 387, 'วิศวกรรมศาสตร์บัณฑิต'),
('5471055021', 2, 351, 'วิศวกรรมศาสตร์บัณฑิต'),
('5471065221', 2, 35, 'วิศวกรรมศาสตร์บัณฑิต'),
('5471071021', 2, 242, 'วิศวกรรมศาสตร์บัณฑิต'),
('5471072621', 2, 282, 'วิศวกรรมศาสตร์บัณฑิต'),
('5471076121', 2, 197, 'วิศวกรรมศาสตร์บัณฑิต'),
('5471201221', 2, 50, 'วิศวกรรมศาสตร์บัณฑิต'),
('5471204121', 2, 98, 'วิศวกรรมศาสตร์บัณฑิต'),
('5471207021', 2, 136, 'วิศวกรรมศาสตร์บัณฑิต'),
('5471210921', 2, 173, 'วิศวกรรมศาสตร์บัณฑิต'),
('5471212121', 2, 228, 'วิศวกรรมศาสตร์บัณฑิต'),
('5471214421', 2, 248, 'วิศวกรรมศาสตร์บัณฑิต'),
('5471217321', 2, 271, 'วิศวกรรมศาสตร์บัณฑิต'),
('5471218021', 2, 278, 'วิศวกรรมศาสตร์บัณฑิต'),
('5471221821', 2, 86, 'วิศวกรรมศาสตร์บัณฑิต'),
('5471225321', 2, 103, 'วิศวกรรมศาสตร์บัณฑิต'),
('5471230421', 2, 223, 'วิศวกรรมศาสตร์บัณฑิต'),
('5471232721', 2, 269, 'วิศวกรรมศาสตร์บัณฑิต'),
('5471235621', 2, 160, 'วิศวกรรมศาสตร์บัณฑิต'),
('5471402021', 2, 2, 'วิศวกรรมศาสตร์บัณฑิต'),
('5530668021', 1, 422, 'วิศวกรรมศาสตร์บัณฑิต'),
('5530669721', 1, 537, 'วิศวกรรมศาสตร์บัณฑิต'),
('5530670221', 1, 624, 'วิศวกรรมศาสตร์บัณฑิต'),
('5530671921', 1, 639, 'วิศวกรรมศาสตร์บัณฑิต'),
('5570101021', 2, 34, 'วิศวกรรมศาสตร์บัณฑิต'),
('5570107921', 2, 36, 'วิศวกรรมศาสตร์บัณฑิต'),
('5570117121', 2, 43, 'วิศวกรรมศาสตร์บัณฑิต'),
('5570119421', 2, 44, 'วิศวกรรมศาสตร์บัณฑิต'),
('5570141121', 2, 60, 'วิศวกรรมศาสตร์บัณฑิต'),
('5570161721', 2, 81, 'วิศวกรรมศาสตร์บัณฑิต'),
('5570163021', 2, 83, 'วิศวกรรมศาสตร์บัณฑิต'),
('5570175521', 2, 89, 'วิศวกรรมศาสตร์บัณฑิต'),
('5570176121', 2, 92, 'วิศวกรรมศาสตร์บัณฑิต'),
('5570179021', 2, 93, 'วิศวกรรมศาสตร์บัณฑิต'),
('5570180621', 2, 97, 'วิศวกรรมศาสตร์บัณฑิต'),
('5570193821', 2, 110, 'วิศวกรรมศาสตร์บัณฑิต'),
('5570197321', 2, 112, 'วิศวกรรมศาสตร์บัณฑิต'),
('5570203421', 2, 118, 'วิศวกรรมศาสตร์บัณฑิต'),
('5570210821', 2, 121, 'วิศวกรรมศาสตร์บัณฑิต'),
('5570213721', 2, 123, 'วิศวกรรมศาสตร์บัณฑิต'),
('5570227521', 2, 130, 'วิศวกรรมศาสตร์บัณฑิต'),
('5570231021', 2, 131, 'วิศวกรรมศาสตร์บัณฑิต'),
('5570238421', 2, 134, 'วิศวกรรมศาสตร์บัณฑิต'),
('5570241221', 2, 135, 'วิศวกรรมศาสตร์บัณฑิต'),
('5570250921', 2, 141, 'วิศวกรรมศาสตร์บัณฑิต'),
('5570259621', 2, 145, 'วิศวกรรมศาสตร์บัณฑิต'),
('5570264721', 2, 154, 'วิศวกรรมศาสตร์บัณฑิต'),
('5570287121', 2, 169, 'วิศวกรรมศาสตร์บัณฑิต'),
('5570294521', 2, 174, 'วิศวกรรมศาสตร์บัณฑิต'),
('5570299721', 2, 177, 'วิศวกรรมศาสตร์บัณฑิต'),
('5570306421', 2, 185, 'วิศวกรรมศาสตร์บัณฑิต'),
('5570317321', 2, 191, 'วิศวกรรมศาสตร์บัณฑิต'),
('5570329921', 2, 210, 'วิศวกรรมศาสตร์บัณฑิต'),
('5570336221', 2, 214, 'วิศวกรรมศาสตร์บัณฑิต'),
('5570340721', 2, 219, 'วิศวกรรมศาสตร์บัณฑิต'),
('5570347121', 2, 226, 'วิศวกรรมศาสตร์บัณฑิต'),
('5570351621', 2, 229, 'วิศวกรรมศาสตร์บัณฑิต'),
('5570352221', 2, 231, 'วิศวกรรมศาสตร์บัณฑิต'),
('5570360221', 2, 240, 'วิศวกรรมศาสตร์บัณฑิต'),
('5570378621', 2, 245, 'วิศวกรรมศาสตร์บัณฑิต'),
('5570382021', 2, 252, 'วิศวกรรมศาสตร์บัณฑิต'),
('5570404221', 2, 260, 'วิศวกรรมศาสตร์บัณฑิต'),
('5570409421', 2, 268, 'วิศวกรรมศาสตร์บัณฑิต'),
('5570414521', 2, 273, 'วิศวกรรมศาสตร์บัณฑิต'),
('5570427721', 2, 293, 'วิศวกรรมศาสตร์บัณฑิต'),
('5570435721', 2, 298, 'วิศวกรรมศาสตร์บัณฑิต'),
('5570461021', 2, 321, 'วิศวกรรมศาสตร์บัณฑิต'),
('5570464921', 2, 323, 'วิศวกรรมศาสตร์บัณฑิต'),
('5570466121', 2, 325, 'วิศวกรรมศาสตร์บัณฑิต'),
('5570469021', 2, 326, 'วิศวกรรมศาสตร์บัณฑิต'),
('5570473521', 2, 328, 'วิศวกรรมศาสตร์บัณฑิต'),
('5570478721', 2, 68, 'วิศวกรรมศาสตร์บัณฑิต'),
('5570490121', 2, 146, 'วิศวกรรมศาสตร์บัณฑิต'),
('5570491821', 2, 147, 'วิศวกรรมศาสตร์บัณฑิต'),
('5570500821', 2, 235, 'วิศวกรรมศาสตร์บัณฑิต'),
('5570508921', 2, 115, 'วิศวกรรมศาสตร์บัณฑิต'),
('5570519821', 2, 37, 'วิศวกรรมศาสตร์บัณฑิต'),
('5570527821', 2, 69, 'วิศวกรรมศาสตร์บัณฑิต'),
('5570528421', 2, 113, 'วิศวกรรมศาสตร์บัณฑิต'),
('5570531221', 2, 331, 'วิศวกรรมศาสตร์บัณฑิต'),
('5570541521', 2, 91, 'วิศวกรรมศาสตร์บัณฑิต'),
('5570904721', 2, 52, 'วิศวกรรมศาสตร์บัณฑิต'),
('5570917921', 2, 138, 'วิศวกรรมศาสตร์บัณฑิต'),
('5570919121', 2, 150, 'วิศวกรรมศาสตร์บัณฑิต'),
('5570926521', 2, 184, 'วิศวกรรมศาสตร์บัณฑิต'),
('5570953421', 2, 270, 'วิศวกรรมศาสตร์บัณฑิต'),
('5570966621', 2, 334, 'วิศวกรรมศาสตร์บัณฑิต'),
('5570967221', 2, 335, 'วิศวกรรมศาสตร์บัณฑิต'),
('5570974621', 2, 346, 'วิศวกรรมศาสตร์บัณฑิต'),
('5570975221', 2, 347, 'วิศวกรรมศาสตร์บัณฑิต'),
('5570992921', 2, 367, 'วิศวกรรมศาสตร์บัณฑิต'),
('5570994121', 2, 369, 'วิศวกรรมศาสตร์บัณฑิต'),
('5570995821', 2, 372, 'วิศวกรรมศาสตร์บัณฑิต'),
('5570999321', 2, 375, 'วิศวกรรมศาสตร์บัณฑิต'),
('5670183621', 2, 95, 'วิศวกรรมศาสตร์บัณฑิต'),
('5670193921', 2, 105, 'วิศวกรรมศาสตร์บัณฑิต'),
('5670288921', 2, 175, 'วิศวกรรมศาสตร์บัณฑิต'),
('5670319721', 2, 198, 'วิศวกรรมศาสตร์บัณฑิต'),
('5670349521', 2, 220, 'วิศวกรรมศาสตร์บัณฑิต'),
('5670359821', 2, 238, 'วิศวกรรมศาสตร์บัณฑิต');

-- --------------------------------------------------------

--
-- Table structure for table `place`
--

CREATE TABLE IF NOT EXISTS `place` (
`place_id` int(11) NOT NULL,
  `th_building` varchar(50) COLLATE utf8_unicode_ci DEFAULT NULL,
  `en_building` varchar(50) COLLATE utf8_unicode_ci DEFAULT NULL,
  `floor` varchar(3) COLLATE utf8_unicode_ci DEFAULT NULL,
  `room` varchar(10) COLLATE utf8_unicode_ci DEFAULT NULL,
  `floor_plan_file` varchar(100) COLLATE utf8_unicode_ci DEFAULT NULL,
  `total_seat` int(11) DEFAULT NULL
) ENGINE=InnoDB AUTO_INCREMENT=2 DEFAULT CHARSET=utf8 COLLATE=utf8_unicode_ci;

--
-- Dumping data for table `place`
--

INSERT INTO `place` (`place_id`, `th_building`, `en_building`, `floor`, `room`, `floor_plan_file`, `total_seat`) VALUES
(1, 'หอประชุมจุฬาลงกรณ์มหาวิทยาลัย', 'Chulalongkorn University Auditorium', '1', '1', 'floorplan1.csv', 1000);

-- --------------------------------------------------------

--
-- Table structure for table `schedule`
--

CREATE TABLE IF NOT EXISTS `schedule` (
`schedule_id` int(11) NOT NULL,
  `date` date DEFAULT NULL,
  `start_time` time DEFAULT NULL,
  `end_time` time DEFAULT NULL,
  `type` varchar(20) COLLATE utf8_unicode_ci DEFAULT NULL,
  `round` int(11) DEFAULT NULL,
  `PLACE_place_id` int(11) NOT NULL
) ENGINE=InnoDB AUTO_INCREMENT=3 DEFAULT CHARSET=utf8 COLLATE=utf8_unicode_ci;

--
-- Dumping data for table `schedule`
--

INSERT INTO `schedule` (`schedule_id`, `date`, `start_time`, `end_time`, `type`, `round`, `PLACE_place_id`) VALUES
(1, '2015-04-20', '08:00:00', '12:00:00', 'Practice', 1, 1),
(2, '2015-04-21', '08:00:00', '12:00:00', 'Practice', 1, 1);

-- --------------------------------------------------------

--
-- Table structure for table `student`
--

CREATE TABLE IF NOT EXISTS `student` (
  `student_id` varchar(10) COLLATE utf8_unicode_ci NOT NULL,
  `th_prefix` varchar(50) COLLATE utf8_unicode_ci DEFAULT NULL,
  `th_firstname` varchar(50) COLLATE utf8_unicode_ci DEFAULT NULL,
  `th_lastname` varchar(50) COLLATE utf8_unicode_ci DEFAULT NULL,
  `en_prefix` varchar(50) COLLATE utf8_unicode_ci DEFAULT NULL,
  `en_firstname` varchar(50) COLLATE utf8_unicode_ci DEFAULT NULL,
  `en_lastname` varchar(50) COLLATE utf8_unicode_ci DEFAULT NULL,
  `gender` char(1) COLLATE utf8_unicode_ci DEFAULT NULL,
  `barcode` varchar(20) COLLATE utf8_unicode_ci DEFAULT NULL,
  `picture_path` varchar(100) COLLATE utf8_unicode_ci DEFAULT NULL
) ENGINE=InnoDB DEFAULT CHARSET=utf8 COLLATE=utf8_unicode_ci;

--
-- Dumping data for table `student`
--

INSERT INTO `student` (`student_id`, `th_prefix`, `th_firstname`, `th_lastname`, `en_prefix`, `en_firstname`, `en_lastname`, `gender`, `barcode`, `picture_path`) VALUES
('4771863721', 'นางสาว', 'รัศมีทิพย์', 'วิตา', 'Ms.', 'Firstname', 'Lastname', 'F', '2.0021E+13', '4771863721.jpg'),
('4830532321', 'นาย', 'สราวุธ', 'ลิขิตสิทธิกุล', 'Mr.', 'Firstname', 'Lastname', 'M', '2.0021E+13', '4830532321.jpg'),
('4871802521', 'นางสาว', 'ขวัญชนก', 'จันทร์สว่าง', 'Ms.', 'Firstname', 'Lastname', 'F', '2.0021E+13', '4871802521.jpg'),
('4871862121', 'นาย', 'ดวงมีชัย', 'ดวนสุวรรณ', 'Mr.', 'Firstname', 'Lastname', 'M', '2.0021E+13', '4871862121.jpg'),
('4971871921', 'นาย', 'พงศกรณ์', 'วิจิตเวชไพศาล', 'Mr.', 'Firstname', 'Lastname', 'M', '2.0021E+13', '4971871921.jpg'),
('4971874821', 'นาย', 'วรินทร์', 'วัฒนพรพรหม', 'Mr.', 'Firstname', 'Lastname', 'M', '2.0021E+13', '4971874821.jpg'),
('5071822621', 'นาย', 'วราวุฒิ', 'ผ้าเจริญ', 'Mr.', 'Firstname', 'Lastname', 'M', '2.0021E+13', '5071822621.jpg'),
('5071870721', 'นาย', 'ปิติพงศ์', 'ชาญโลหะ', 'Mr.', 'Firstname', 'Lastname', 'M', '2.0021E+13', '5071870721.jpg'),
('5130161821', 'นาย', 'ณัชพล', 'ศรีศิริ', 'Mr.', 'Firstname', 'Lastname', 'M', '2.0021E+13', '5130161821.jpg'),
('5130264821', 'นาย', 'ธีรวุฒิ', 'ตั้งวิเชียร', 'Mr.', 'Firstname', 'Lastname', 'M', '2.0021E+13', '5130264821.jpg'),
('5130424921', 'นาย', 'ภู', 'ละอองกุล', 'Mr.', 'Firstname', 'Lastname', 'M', '2.0021E+13', '5130424921.jpg'),
('5131245021', 'นาย', 'คลาส', 'เจริญรัชเดช', 'Mr.', 'Firstname', 'Lastname', 'M', '2.0021E+13', '5131245021.jpg'),
('5131246721', 'นาย', 'คิ ฮุน', 'คิม', 'Mr.', 'Firstname', 'Lastname', 'M', '2.0021E+13', '5131246721.jpg'),
('5131482421', 'นางสาว', 'สโรชา', 'โชคมาวิโรจน์', 'Ms.', 'Firstname', 'Lastname', 'F', '2.0021E+13', '5131482421.jpg'),
('5131486021', 'นาย', 'สิทธิบูรณ์', 'พงษ์วัชรารักษ์', 'Mr.', 'Firstname', 'Lastname', 'M', '2.0021E+13', '5131486021.jpg'),
('5131490421', 'นาย', 'สุกฤษฎิ์', 'นรากรพิจิตร์', 'Mr.', 'Firstname', 'Lastname', 'M', '2.0021E+13', '5131490421.jpg'),
('5131528721', 'นางสาว', 'มินท์มันตา', 'ชมภูแสง', 'Ms.', 'Firstname', 'Lastname', 'F', '2.0021E+13', '5131528721.jpg'),
('5171813021', 'นาย', 'นพรัตน์', 'คำพร', 'Mr.', 'Firstname', 'Lastname', 'M', '2.0021E+13', '5171813021.jpg'),
('5171828521', 'นางสาว', 'วราภรณ์', 'พกนนท์', 'Ms.', 'Firstname', 'Lastname', 'F', '2.0021E+13', '5171828521.jpg'),
('5171829121', 'นาย', 'วินัย', 'เชาวน์วิวัฒน์', 'Mr.', 'Firstname', 'Lastname', 'M', '2.0021E+13', '5171829121.jpg'),
('5171831321', 'นางสาว', 'ศิรินุช', 'บุญสุข', 'Ms.', 'Firstname', 'Lastname', 'F', '2.0021E+13', '5171831321.jpg'),
('5171842221', 'นางสาว', 'ณฐินี', 'ศรีเนตร', 'Ms.', 'Firstname', 'Lastname', 'F', '2.0021E+13', '5171842221.jpg'),
('5171844521', 'นางสาว', 'ทัศนีย์', 'ทับเจริญ', 'Ms.', 'Firstname', 'Lastname', 'F', '2.0021E+13', '5171844521.jpg'),
('5171855421', 'นางสาว', 'วรรณา', 'ผิวเกลี้ยง', 'Ms.', 'Firstname', 'Lastname', 'F', '2.0021E+13', '5171855421.jpg'),
('5171856021', 'นาย', 'ไวบูน', 'วิชญ์ธนาเดชา', 'Mr.', 'Firstname', 'Lastname', 'M', '2.0021E+13', '5171856021.jpg'),
('5171860521', 'นางสาว', 'อธิษฐาน', 'วงค์เกี่ย', 'Ms.', 'Firstname', 'Lastname', 'F', '2.0021E+13', '5171860521.jpg'),
('5230020021', 'นาย', 'กฤษฏิ์', 'กมลวัฒน์', 'Mr.', 'Firstname', 'Lastname', 'M', '2.0021E+13', '5230020021.jpg'),
('5230030321', 'นาย', 'กันตพงศ์', 'ภู่เปี่ยม', 'Mr.', 'Firstname', 'Lastname', 'M', '2.0021E+13', '5230030321.jpg'),
('5230051521', 'นาย', 'เกริกเกียรติ', 'โลหกุล', 'Mr.', 'Firstname', 'Lastname', 'M', '2.0021E+13', '5230051521.jpg'),
('5230090021', 'นาย', 'จิรายุ', 'พูลพุทธพงษ์', 'Mr.', 'Firstname', 'Lastname', 'M', '2.0021E+13', '5230090021.jpg'),
('5230106421', 'นาย', 'ชนะ', 'ชาญสุข', 'Mr.', 'Firstname', 'Lastname', 'M', '2.0021E+13', '5230106421.jpg'),
('5230119621', 'นางสาว', 'ชโลทร', 'เหรียญเพิ่มพงศ์', 'Ms.', 'Firstname', 'Lastname', 'F', '2.0021E+13', '5230119621.jpg'),
('5230154521', 'นางสาว', 'ณัฏฐนิช', 'อิทธิอัทธนีย์', 'Ms.', 'Firstname', 'Lastname', 'F', '2.0021E+13', '5230154521.jpg'),
('5230157421', 'นาย', 'ณัฐ', 'วศินยนต์', 'Mr.', 'Firstname', 'Lastname', 'M', '2.0021E+13', '5230157421.jpg'),
('5230175721', 'นาย', 'ณัฐพล', 'เลิศอุดมวิริยะ', 'Mr.', 'Firstname', 'Lastname', 'M', '2.0021E+13', '5230175721.jpg'),
('5230200721', 'นางสาว', 'ทิพย์ฤทัย', 'ถาวรบุตร', 'Ms.', 'Firstname', 'Lastname', 'F', '2.0021E+13', '5230200721.jpg'),
('5230207121', 'นาย', 'ธนกรณ์', 'บุญยืน', 'Mr.', 'Firstname', 'Lastname', 'M', '2.0021E+13', '5230207121.jpg'),
('5230212221', 'นาย', 'ธนนันต์', 'ธนากรรฐ์', 'Mr.', 'Firstname', 'Lastname', 'M', '2.0021E+13', '5230212221.jpg'),
('5230233421', 'นาย', 'ธนา', 'ศรีวิริยกุล', 'Mr.', 'Firstname', 'Lastname', 'M', '2.0021E+13', '5230233421.jpg'),
('5230275821', 'นาย', 'นวพล', 'คำคง', 'Mr.', 'Firstname', 'Lastname', 'M', '2.0021E+13', '5230275821.jpg'),
('5230302021', 'นาย', 'ประธาน', 'ติงหงะ', 'Mr.', 'Firstname', 'Lastname', 'M', '2.0021E+13', '5230302021.jpg'),
('5230310021', 'นาย', 'ปวีร์', 'มณีอินทร์', 'Mr.', 'Firstname', 'Lastname', 'M', '2.0021E+13', '5230310021.jpg'),
('5230321021', 'นาย', 'ปิติพงศ์', 'โชติชัชวาลย์กุล', 'Mr.', 'Firstname', 'Lastname', 'M', '2.0021E+13', '5230321021.jpg'),
('5230458321', 'นาย', 'วรวุฒิ', 'ถาวรวัฒนเจริญ', 'Mr.', 'Firstname', 'Lastname', 'M', '2.0021E+13', '5230458321.jpg'),
('5230528621', 'นางสาว', 'ศุภิสรา', 'ภัทรเกียรติคุณ', 'Ms.', 'Firstname', 'Lastname', 'F', '2.0021E+13', '5230528621.jpg'),
('5230544621', 'นาย', 'สันติภาพ', 'ทองพนัง', 'Mr.', 'Firstname', 'Lastname', 'M', '2.0021E+13', '5230544621.jpg'),
('5230545221', 'นาย', 'สาธิน', 'สุขสบาย', 'Mr.', 'Firstname', 'Lastname', 'M', '2.0021E+13', '5230545221.jpg'),
('5230551021', 'นาย', 'สิปปกร', 'รังษีธนะไพศาล', 'Mr.', 'Firstname', 'Lastname', 'M', '2.0021E+13', '5230551021.jpg'),
('5230555521', 'นาย', 'สิริสิทธิ์', 'สาครดี', 'Mr.', 'Firstname', 'Lastname', 'M', '2.0021E+13', '5230555521.jpg'),
('5230590421', 'นาย', 'อธิศ', 'ตันติเจริญวิโรจน์', 'Mr.', 'Firstname', 'Lastname', 'M', '2.0021E+13', '5230590421.jpg'),
('5230593321', 'นาย', 'อนุพันธ์', 'โรจนพัฒน์', 'Mr.', 'Firstname', 'Lastname', 'M', '2.0021E+13', '5230593321.jpg'),
('5230594021', 'นางสาว', 'อภิชญา', 'อู่วัฒนสมบัติ', 'Ms.', 'Firstname', 'Lastname', 'F', '2.0021E+13', '5230594021.jpg'),
('5230599121', 'นาย', 'อภิวัฒน์', 'เอื้อประโยชน์กุล', 'Mr.', 'Firstname', 'Lastname', 'M', '2.0021E+13', '5230599121.jpg'),
('5230603021', 'นาย', 'อรรคพงษ์', 'อุณหเลขกะ', 'Mr.', 'Firstname', 'Lastname', 'M', '2.0021E+13', '5230603021.jpg'),
('5230827221', 'นาย', 'ศักดิ์สิทธิ์', 'ฑีฆายุ', 'Mr.', 'Firstname', 'Lastname', 'M', '2.0021E+13', '5230827221.jpg'),
('5230836921', 'นาย', 'อรรถวัฒน์', 'ภู่พงษ์', 'Mr.', 'Firstname', 'Lastname', 'M', '2.0021E+13', '5230836921.jpg'),
('5231241621', 'นาย', 'ณัฐ', 'วินิจธรรมกุล', 'Mr.', 'Firstname', 'Lastname', 'M', '2.0021E+13', '5231241621.jpg'),
('5231243921', 'นางสาว', 'ภัคภิณญา', 'ชินานนท์', 'Ms.', 'Firstname', 'Lastname', 'F', '2.0021E+13', '5231243921.jpg'),
('5231255421', 'นาย', 'ธนภูมิ', 'เตชะพงศ์วรชัย', 'Mr.', 'Firstname', 'Lastname', 'M', '2.0021E+13', '5231255421.jpg'),
('5231303921', 'นาย', 'วีรพัฒน์', 'จงสถิตเกียรติ', 'Mr.', 'Firstname', 'Lastname', 'M', '2.0021E+13', '5231303921.jpg'),
('5231701021', 'นาย', 'กรกช', 'เหมือนทรัพย์', 'Mr.', 'Firstname', 'Lastname', 'M', '2.0021E+13', '5231701021.jpg'),
('5231702621', 'นางสาว', 'กฤตยา', 'ธัชศฤงคารสกุล', 'Ms.', 'Firstname', 'Lastname', 'F', '2.0021E+13', '5231702621.jpg'),
('5231709021', 'นาย', 'ปรัชญา', 'ปัททุม', 'Mr.', 'Firstname', 'Lastname', 'M', '2.0021E+13', '5231709021.jpg'),
('5231727321', 'นางสาว', 'กฤตยา', 'ศิวะโกเมน', 'Ms.', 'Firstname', 'Lastname', 'F', '2.0021E+13', '5231727321.jpg'),
('5270280421', 'นาย', 'ณัฏฐ์ธน', 'โยคจักษุศรี', 'Mr.', 'Firstname', 'Lastname', 'M', '2.0021E+13', '5270280421.jpg'),
('5270501121', 'นางสาว', 'วิมลรัตน์', 'ลิ้มสังกาศ', 'Ms.', 'Firstname', 'Lastname', 'F', '2.0021E+13', '5270501121.jpg'),
('5270514321', 'นางสาว', 'ศจีวัลย์', 'ไวยานิกรณ์', 'Ms.', 'Firstname', 'Lastname', 'F', '2.0021E+13', '5270514321.jpg'),
('5270684321', 'นาย', 'ภัทรพงศ์', 'เก้าเอี้ยน', 'Mr.', 'Firstname', 'Lastname', 'M', '2.0021E+13', '5270684321.jpg'),
('5270727721', 'นาย', 'กงกิจ', 'ยิ่งเจริญกิจขจร', 'Mr.', 'Firstname', 'Lastname', 'M', '2.0021E+13', '5270727721.jpg'),
('5270729021', 'นางสาว', 'กฤติญา', 'นิมมานรดี', 'Ms.', 'Firstname', 'Lastname', 'F', '2.0021E+13', '5270729021.jpg'),
('5270743721', 'นาย', 'เจริญวุฒิ', 'แจงบำรุง', 'Mr.', 'Firstname', 'Lastname', 'M', '2.0021E+13', '5270743721.jpg'),
('5270774121', 'นางสาว', 'ประภัสสร', 'เจริญรัตน์รวี', 'Ms.', 'Firstname', 'Lastname', 'F', '2.0021E+13', '5270774121.jpg'),
('5270788021', 'นางสาว', 'ฟิตตรียา', 'สกุลสิริวิริยะ', 'Ms.', 'Firstname', 'Lastname', 'F', '2.0021E+13', '5270788021.jpg'),
('5270792421', 'นางสาว', 'มณฑวรรณ', 'แรงกล้า', 'Ms.', 'Firstname', 'Lastname', 'F', '2.0021E+13', '5270792421.jpg'),
('5270802021', 'นางสาว', 'ศิริลักษณ์', 'จักรเพชร', 'Ms.', 'Firstname', 'Lastname', 'F', '2.0021E+13', '5270802021.jpg'),
('5270808921', 'นาย', 'สิทธิพงษ์', 'พรหมประสิทธิ์', 'Mr.', 'Firstname', 'Lastname', 'M', '2.0021E+13', '5270808921.jpg'),
('5270812321', 'นาย', 'สุทธิพันธ์', 'พรมมา', 'Mr.', 'Firstname', 'Lastname', 'M', '2.0021E+13', '5270812321.jpg'),
('5270816921', 'นาย', 'อมรเทพ', 'ทองเพชร', 'Mr.', 'Firstname', 'Lastname', 'M', '2.0021E+13', '5270816921.jpg'),
('5270818121', 'นาย', 'อลงกต', 'ฐานวัฒนศิริ', 'Mr.', 'Firstname', 'Lastname', 'M', '2.0021E+13', '5270818121.jpg'),
('5270835821', 'นางสาว', 'พรพิศุทธิ์', 'โลหิตหาญ', 'Ms.', 'Firstname', 'Lastname', 'F', '2.0021E+13', '5270835821.jpg'),
('5270842121', 'นาย', 'สุกฤษฏิ์', 'แสงดิษฐ', 'Mr.', 'Firstname', 'Lastname', 'M', '2.0021E+13', '5270842121.jpg'),
('5270844421', 'นาย', 'เอกภพ', 'ศรีจันทร์', 'Mr.', 'Firstname', 'Lastname', 'M', '2.0021E+13', '5270844421.jpg'),
('5270851821', 'นางสาว', 'ธิรดา', 'เงินรัตน์', 'Ms.', 'Firstname', 'Lastname', 'F', '2.0021E+13', '5270851821.jpg'),
('5271519721', 'นางสาว', 'นุจรี', 'เกษมอมรลักษณ์', 'Ms.', 'Firstname', 'Lastname', 'F', '2.0021E+13', '5271519721.jpg'),
('5271547221', 'นางสาว', 'กฤติยา', 'วิสุทธิเสน', 'Ms.', 'Firstname', 'Lastname', 'F', '2.0021E+13', '5271547221.jpg'),
('5271550021', 'นาย', 'ชนะเดช', 'ม่วงจีน', 'Mr.', 'Firstname', 'Lastname', 'M', '2.0021E+13', '5271550021.jpg'),
('5271555221', 'นางสาว', 'พัชรินทร์', 'ศุภวิมล', 'Ms.', 'Firstname', 'Lastname', 'F', '2.0021E+13', '5271555221.jpg'),
('5271559821', 'นาย', 'มานิต', 'พูลสวัสดิ์', 'Mr.', 'Firstname', 'Lastname', 'M', '2.0021E+13', '5271559821.jpg'),
('5271567821', 'นางสาว', 'อมรรัตน์', 'ศรีปรีเปรม', 'Ms.', 'Firstname', 'Lastname', 'F', '2.0021E+13', '5271567821.jpg'),
('5271568421', 'นางสาว', 'อสมา', 'ภูวเศรษฐ', 'Ms.', 'Firstname', 'Lastname', 'F', '2.0021E+13', '5271568421.jpg'),
('5271648021', 'นางสาว', 'ธีรนุช', 'ภัทราคร', 'Ms.', 'Firstname', 'Lastname', 'F', '2.0021E+13', '5271648021.jpg'),
('5271651821', 'นาย', 'วรงค์', 'พงศาพิชญ์', 'Mr.', 'Firstname', 'Lastname', 'M', '2.0021E+13', '5271651821.jpg'),
('5271802221', 'นางสาว', 'กุลธิดา', 'สุขชล', 'Ms.', 'Firstname', 'Lastname', 'F', '2.0021E+13', '5271802221.jpg'),
('5271808021', 'นาย', 'ณฐวรรธน์', 'ร่มเย็น', 'Mr.', 'Firstname', 'Lastname', 'M', '2.0021E+13', '5271808021.jpg'),
('5271820521', 'นางสาว', 'มิ่งขวัญ', 'วรรณบวร', 'Ms.', 'Firstname', 'Lastname', 'F', '2.0021E+13', '5271820521.jpg'),
('5271827021', 'นาย', 'วีระพงค์', 'เกิดสิน', 'Mr.', 'Firstname', 'Lastname', 'M', '2.0021E+13', '5271827021.jpg'),
('5271829221', 'นางสาว', 'ศศิรดี', 'จันทสี', 'Ms.', 'Firstname', 'Lastname', 'F', '2.0021E+13', '5271829221.jpg'),
('5271841721', 'นางสาว', 'สุภาภรณ์', 'ขอบุญส่งเสริม', 'Ms.', 'Firstname', 'Lastname', 'F', '2.0021E+13', '5271841721.jpg'),
('5271864121', 'นาย', 'ภาณุ', 'พานิชการ', 'Mr.', 'Firstname', 'Lastname', 'M', '2.0021E+13', '5271864121.jpg'),
('5271866421', 'นาย', 'วรเดช', 'พูนคำ', 'Mr.', 'Firstname', 'Lastname', 'M', '2.0021E+13', '5271866421.jpg'),
('5271869321', 'นางสาว', 'อิสลาห์', 'ดือราแม', 'Ms.', 'Firstname', 'Lastname', 'F', '2.0021E+13', '5271869321.jpg'),
('5271870921', 'นาย', 'จารุบุตร', 'คณะนัย', 'Mr.', 'Firstname', 'Lastname', 'M', '2.0021E+13', '5271870921.jpg'),
('5330001221', 'นาย', 'กตัญญู', 'สมัยคมสัน', 'Mr.', 'Firstname', 'Lastname', 'M', '2.0021E+13', '5330001221.jpg'),
('5330003521', 'นาย', 'กนก', 'กิติสุข', 'Mr.', 'Firstname', 'Lastname', 'M', '2.0021E+13', '5330003521.jpg'),
('5330005821', 'นางสาว', 'กนกพร', 'เลิศเดชาภัทร', 'Ms.', 'Firstname', 'Lastname', 'F', '2.0021E+13', '5330005821.jpg'),
('5330006421', 'นางสาว', 'กนกอร', 'ศรีรุจิทัศนากร', 'Ms.', 'Firstname', 'Lastname', 'F', '2.0021E+13', '5330006421.jpg'),
('5330008721', 'นาย', 'กรกรัญจ์', 'ลิ้มสินสวัสดิ์', 'Mr.', 'Firstname', 'Lastname', 'M', '2.0021E+13', '5330008721.jpg'),
('5330009321', 'นางสาว', 'กรณิกา', 'พุดแจงงาม', 'Ms.', 'Firstname', 'Lastname', 'F', '2.0021E+13', '5330009321.jpg'),
('5330010921', 'นาย', 'กรุชา', 'ศรีประโมทย์', 'Mr.', 'Firstname', 'Lastname', 'M', '2.0021E+13', '5330010921.jpg'),
('5330011521', 'นาย', 'กฤตนัญ', 'สกุลวิไลกิจเจริญ', 'Mr.', 'Firstname', 'Lastname', 'M', '2.0021E+13', '5330011521.jpg'),
('5330012121', 'นาย', 'กฤตภณ', 'อธิประยูร', 'Mr.', 'Firstname', 'Lastname', 'M', '2.0021E+13', '5330012121.jpg'),
('5330013821', 'นาย', 'กฤตภาส', 'ชื่นชวลิต', 'Mr.', 'Firstname', 'Lastname', 'M', '2.0021E+13', '5330013821.jpg'),
('5330014421', 'นาย', 'กฤตภาส', 'เรืองเลิศพงศ์', 'Mr.', 'Firstname', 'Lastname', 'M', '2.0021E+13', '5330014421.jpg'),
('5330017321', 'นาย', 'กฤษณะพงษ์', 'พรหมพิริยะพงษ์', 'Mr.', 'Firstname', 'Lastname', 'M', '2.0021E+13', '5330017321.jpg'),
('5330018021', 'นาย', 'กฤษดา', 'ตันดุลยเสรี', 'Mr.', 'Firstname', 'Lastname', 'M', '2.0021E+13', '5330018021.jpg'),
('5330019621', 'นาย', 'กฤษดา', 'ฤกษ์ดีทวีทรัพย์', 'Mr.', 'Firstname', 'Lastname', 'M', '2.0021E+13', '5330019621.jpg'),
('5330020121', 'นาย', 'กลวัชร', 'เกษกมล', 'Mr.', 'Firstname', 'Lastname', 'M', '2.0021E+13', '5330020121.jpg'),
('5330021821', 'นาย', 'กวิน', 'คุณวิศาล', 'Mr.', 'Firstname', 'Lastname', 'M', '2.0021E+13', '5330021821.jpg'),
('5330022421', 'นาย', 'กวิน', 'สุทธิรักษ์', 'Mr.', 'Firstname', 'Lastname', 'M', '2.0021E+13', '5330022421.jpg'),
('5330024721', 'นาย', 'กวิพร', 'บุญช่วย', 'Mr.', 'Firstname', 'Lastname', 'M', '2.0021E+13', '5330024721.jpg'),
('5330025321', 'นาย', 'กษิดิศ', 'จิโรจน์กุล', 'Mr.', 'Firstname', 'Lastname', 'M', '2.0021E+13', '5330025321.jpg'),
('5330026021', 'นาย', 'กษิพงศ์', 'จันทร์เพ็ชร', 'Mr.', 'Firstname', 'Lastname', 'M', '2.0021E+13', '5330026021.jpg'),
('5330027621', 'นาย', 'ก้องภพ', 'วงศ์พัฒนานุกุล', 'Mr.', 'Firstname', 'Lastname', 'M', '2.0021E+13', '5330027621.jpg'),
('5330029921', 'นาย', 'กัญจน์', 'พูลสุขสมบัติ', 'Mr.', 'Firstname', 'Lastname', 'M', '2.0021E+13', '5330029921.jpg'),
('5330030421', 'นางสาว', 'กัญปรางค์สร', 'โชติเฉลิมโรจน์', 'Ms.', 'Firstname', 'Lastname', 'F', '2.0021E+13', '5330030421.jpg'),
('5330031021', 'นาย', 'กันตภณ', 'เกษตรสวัสดิ์', 'Mr.', 'Firstname', 'Lastname', 'M', '2.0021E+13', '5330031021.jpg'),
('5330032721', 'นางสาว', 'กาญจนา', 'ศิรินวเสถียร', 'Ms.', 'Firstname', 'Lastname', 'F', '2.0021E+13', '5330032721.jpg'),
('5330033321', 'นาย', 'กานต์', 'ลักษณะพานิชย์', 'Mr.', 'Firstname', 'Lastname', 'M', '2.0021E+13', '5330033321.jpg'),
('5330034021', 'นาย', 'กานต์ชนิต', 'ณ ระนอง', 'Mr.', 'Firstname', 'Lastname', 'M', '2.0021E+13', '5330034021.jpg'),
('5330036221', 'นาย', 'กิตติคุณ', 'คุ้มคง', 'Mr.', 'Firstname', 'Lastname', 'M', '2.0021E+13', '5330036221.jpg'),
('5330037921', 'นาย', 'กิตติคุณ', 'วงศ์ทองศิริ', 'Mr.', 'Firstname', 'Lastname', 'M', '2.0021E+13', '5330037921.jpg'),
('5330038521', 'นาย', 'กิตติพงศ์', 'สุนทรสิริพงศ์', 'Mr.', 'Firstname', 'Lastname', 'M', '2.0021E+13', '5330038521.jpg'),
('5330039121', 'นาย', 'กิตติพงษ์', 'จินดาอุดมศักดิ์', 'Mr.', 'Firstname', 'Lastname', 'M', '2.0021E+13', '5330039121.jpg'),
('5330040721', 'นาย', 'กิตติพัฒน์', 'จิราวรรณสถิตย์', 'Mr.', 'Firstname', 'Lastname', 'M', '2.0021E+13', '5330040721.jpg'),
('5330041321', 'นาย', 'กิตติภณ', 'รุ่งวชิรา', 'Mr.', 'Firstname', 'Lastname', 'M', '2.0021E+13', '5330041321.jpg'),
('5330042021', 'นาย', 'กิตติภต', 'ทองพันช่าง', 'Mr.', 'Firstname', 'Lastname', 'M', '2.0021E+13', '5330042021.jpg'),
('5330043621', 'นาย', 'กิติธร', 'พนัสอัมพร', 'Mr.', 'Firstname', 'Lastname', 'M', '2.0021E+13', '5330043621.jpg'),
('5330044221', 'นางสาว', 'กิติยา', 'นินถึก', 'Ms.', 'Firstname', 'Lastname', 'F', '2.0021E+13', '5330044221.jpg'),
('5330045921', 'นาย', 'กีรติ', 'เครือจันทร์', 'Mr.', 'Firstname', 'Lastname', 'M', '2.0021E+13', '5330045921.jpg'),
('5330046521', 'นาย', 'กีรติ', 'ตรันเถียน', 'Mr.', 'Firstname', 'Lastname', 'M', '2.0021E+13', '5330046521.jpg'),
('5330047121', 'นางสาว', 'กุลพิชฌาย์', 'สุดยอดประเสริฐ', 'Ms.', 'Firstname', 'Lastname', 'F', '2.0021E+13', '5330047121.jpg'),
('5330048821', 'นาย', 'กุลภัทร์', 'ธีระรังสฤษดิ์', 'Mr.', 'Firstname', 'Lastname', 'M', '2.0021E+13', '5330048821.jpg'),
('5330049421', 'นางสาว', 'กุลวิรัษชาร์', 'โรจน์รัตนะธานี', 'Ms.', 'Firstname', 'Lastname', 'F', '2.0021E+13', '5330049421.jpg'),
('5330051621', 'นาย', 'โกมี่', 'จำนงไทย', 'Mr.', 'Firstname', 'Lastname', 'M', '2.0021E+13', '5330051621.jpg'),
('5330052221', 'นาย', 'ไกรศล', 'ศิริวาลย์', 'Mr.', 'Firstname', 'Lastname', 'M', '2.0021E+13', '5330052221.jpg'),
('5330053921', 'นางสาว', 'ขนิษฐา', 'ก้านขุนทด', 'Ms.', 'Firstname', 'Lastname', 'F', '2.0021E+13', '5330053921.jpg'),
('5330054521', 'นาย', 'เขตต์นนท์', 'ชูพุทธิพงศ์', 'Mr.', 'Firstname', 'Lastname', 'M', '2.0021E+13', '5330054521.jpg'),
('5330056821', 'นาย', 'คณณัฏฐ์', 'สุวรรณวิวัฒนา', 'Mr.', 'Firstname', 'Lastname', 'M', '2.0021E+13', '5330056821.jpg'),
('5330057421', 'นาย', 'คณิน', 'กิตติพัฒนดิลก', 'Mr.', 'Firstname', 'Lastname', 'M', '2.0021E+13', '5330057421.jpg'),
('5330058021', 'นาย', 'คณิน', 'เตชชินสิริ', 'Mr.', 'Firstname', 'Lastname', 'M', '2.0021E+13', '5330058021.jpg'),
('5330059721', 'นาย', 'จรงกิจ', 'ศิริมงคลเกษม', 'Mr.', 'Firstname', 'Lastname', 'M', '2.0021E+13', '5330059721.jpg'),
('5330060221', 'นาย', 'จักรกริช', 'เกกินะ', 'Mr.', 'Firstname', 'Lastname', 'M', '2.0021E+13', '5330060221.jpg'),
('5330061921', 'นาย', 'จักรพันธ์', 'แสงจันทร์', 'Mr.', 'Firstname', 'Lastname', 'M', '2.0021E+13', '5330061921.jpg'),
('5330062521', 'นาย', 'จาตุรงค์', 'ตั้งธนวิชญ์', 'Mr.', 'Firstname', 'Lastname', 'M', '2.0021E+13', '5330062521.jpg'),
('5330064821', 'นางสาว', 'จิตรานุช', 'ก่อเกิด', 'Ms.', 'Firstname', 'Lastname', 'F', '2.0021E+13', '5330064821.jpg'),
('5330065421', 'นางสาว', 'จิตราพร', 'สืบวัฒนะ', 'Ms.', 'Firstname', 'Lastname', 'F', '2.0021E+13', '5330065421.jpg'),
('5330066021', 'นางสาว', 'จิตสุชา', 'ดาราเย็น', 'Ms.', 'Firstname', 'Lastname', 'F', '2.0021E+13', '5330066021.jpg'),
('5330067721', 'นางสาว', 'จินต์จุฑา', 'โค้วคาสัย', 'Ms.', 'Firstname', 'Lastname', 'F', '2.0021E+13', '5330067721.jpg'),
('5330068321', 'นาย', 'จิรชัย', 'ลีลาวัฒนชัย', 'Mr.', 'Firstname', 'Lastname', 'M', '2.0021E+13', '5330068321.jpg'),
('5330069021', 'นาย', 'จิรทีปต์', 'ดำรงยิ่งสุภาพ', 'Mr.', 'Firstname', 'Lastname', 'M', '2.0021E+13', '5330069021.jpg'),
('5330070521', 'นาย', 'จิรภัทร', 'จิราวรรณสถิตย์', 'Mr.', 'Firstname', 'Lastname', 'M', '2.0021E+13', '5330070521.jpg'),
('5330071121', 'นาย', 'จิรภัทร', 'มีจรรยากุล', 'Mr.', 'Firstname', 'Lastname', 'M', '2.0021E+13', '5330071121.jpg'),
('5330073421', 'นางสาว', 'จิรวรรณ', 'ตรีเมธสุนทร', 'Ms.', 'Firstname', 'Lastname', 'F', '2.0021E+13', '5330073421.jpg'),
('5330077021', 'นางสาว', 'จิรัสย์', 'จึงสิริพิทักษ์', 'Ms.', 'Firstname', 'Lastname', 'F', '2.0021E+13', '5330077021.jpg'),
('5330078621', 'นาย', 'จิรัสย์', 'ชัยกิตติศิลป์', 'Mr.', 'Firstname', 'Lastname', 'M', '2.0021E+13', '5330078621.jpg'),
('5330080821', 'นาย', 'จีระพัฒน์', 'สังข์เอี่ยม', 'Mr.', 'Firstname', 'Lastname', 'M', '2.0021E+13', '5330080821.jpg'),
('5330081421', 'นางสาว', 'จุฑาทิพย์', 'แซ่โอว', 'Ms.', 'Firstname', 'Lastname', 'F', '2.0021E+13', '5330081421.jpg'),
('5330082021', 'นางสาว', 'จุฑามาศ', 'บุญรอด', 'Ms.', 'Firstname', 'Lastname', 'F', '2.0021E+13', '5330082021.jpg'),
('5330083721', 'นาย', 'จุลกรณ์', 'ยศไกร', 'Mr.', 'Firstname', 'Lastname', 'M', '2.0021E+13', '5330083721.jpg'),
('5330084321', 'นางสาว', 'เจนจิรา', 'บุญซื่อ', 'Ms.', 'Firstname', 'Lastname', 'F', '2.0021E+13', '5330084321.jpg'),
('5330085021', 'นางสาว', 'เจนจิรา', 'ศรีชัยธำรง', 'Ms.', 'Firstname', 'Lastname', 'F', '2.0021E+13', '5330085021.jpg'),
('5330087221', 'นาย', 'เฉลิมเกียรติ', 'สิรชัยรัตน์', 'Mr.', 'Firstname', 'Lastname', 'M', '2.0021E+13', '5330087221.jpg'),
('5330088921', 'นาย', 'ชญากมล', 'มีชูศักดิ์', 'Mr.', 'Firstname', 'Lastname', 'M', '2.0021E+13', '5330088921.jpg'),
('5330089521', 'นางสาว', 'ชญาณินท์', 'ตั้งจินตนาการ', 'Ms.', 'Firstname', 'Lastname', 'F', '2.0021E+13', '5330089521.jpg'),
('5330090021', 'นาย', 'ชญานนท์', 'ศรีสุวรรณ', 'Mr.', 'Firstname', 'Lastname', 'M', '2.0021E+13', '5330090021.jpg'),
('5330091721', 'นางสาว', 'ชญานิศ', 'ปรีชานนท์', 'Ms.', 'Firstname', 'Lastname', 'F', '2.0021E+13', '5330091721.jpg'),
('5330092321', 'นางสาว', 'ชณัฐฐา', 'ฤกษ์ชัยรัศมี', 'Ms.', 'Firstname', 'Lastname', 'F', '2.0021E+13', '5330092321.jpg'),
('5330093021', 'นาย', 'ชนกนันท์', 'ไกรสมภาค', 'Mr.', 'Firstname', 'Lastname', 'M', '2.0021E+13', '5330093021.jpg'),
('5330094621', 'นาย', 'ชนัต', 'เจริญอาภรณ์วัฒนา', 'Mr.', 'Firstname', 'Lastname', 'M', '2.0021E+13', '5330094621.jpg'),
('5330095221', 'นาย', 'ชนัตถ์', 'ศิริสุนทร', 'Mr.', 'Firstname', 'Lastname', 'M', '2.0021E+13', '5330095221.jpg'),
('5330096921', 'นาย', 'ชนันต์', 'อิสระภักดีรัตน์', 'Mr.', 'Firstname', 'Lastname', 'M', '2.0021E+13', '5330096921.jpg'),
('5330099821', 'นาย', 'ชยพัทธ์', 'บุญญานิตย์', 'Mr.', 'Firstname', 'Lastname', 'M', '2.0021E+13', '5330099821.jpg'),
('5330101321', 'นางสาว', 'ชรตะวัน', 'บรรณวัฒน์', 'Ms.', 'Firstname', 'Lastname', 'F', '2.0021E+13', '5330101321.jpg'),
('5330102021', 'นาย', 'ชลัมพล', 'เทิดปฐวีพงศ์', 'Mr.', 'Firstname', 'Lastname', 'M', '2.0021E+13', '5330102021.jpg'),
('5330103621', 'นางสาว', 'ชลิดา', 'เขมสถิตย์อนันต์', 'Ms.', 'Firstname', 'Lastname', 'F', '2.0021E+13', '5330103621.jpg'),
('5330104221', 'นาย', 'ชโลภาส', 'งวดชัย', 'Mr.', 'Firstname', 'Lastname', 'M', '2.0021E+13', '5330104221.jpg'),
('5330106521', 'นาย', 'ชวนัฏฐ์', 'อาญาพิทักษ์', 'Mr.', 'Firstname', 'Lastname', 'M', '2.0021E+13', '5330106521.jpg'),
('5330108821', 'นาย', 'ชัชพล', 'กิตติคุณเสรี', 'Mr.', 'Firstname', 'Lastname', 'M', '2.0021E+13', '5330108821.jpg'),
('5330109421', 'นาย', 'ชัชวาล', 'กิมเห', 'Mr.', 'Firstname', 'Lastname', 'M', '2.0021E+13', '5330109421.jpg'),
('5330110021', 'นาย', 'ชัยทัต', 'หาญนฤตนันต์', 'Mr.', 'Firstname', 'Lastname', 'M', '2.0021E+13', '5330110021.jpg'),
('5330111621', 'นาย', 'ชาญเลิศ', 'อาชาไกรสร', 'Mr.', 'Firstname', 'Lastname', 'M', '2.0021E+13', '5330111621.jpg'),
('5330112221', 'นาย', 'ชารีฟ', 'มะแส', 'Mr.', 'Firstname', 'Lastname', 'M', '2.0021E+13', '5330112221.jpg'),
('5330113921', 'นาย', 'ชารีฟ', 'อินทพันธ์', 'Mr.', 'Firstname', 'Lastname', 'M', '2.0021E+13', '5330113921.jpg'),
('5330114521', 'นาย', 'ชินกฤต', 'ศิษยนเรนทร์', 'Mr.', 'Firstname', 'Lastname', 'M', '2.0021E+13', '5330114521.jpg'),
('5330115121', 'นาย', 'ชินดนัย', 'รัตนพรเจริญ', 'Mr.', 'Firstname', 'Lastname', 'M', '2.0021E+13', '5330115121.jpg'),
('5330116821', 'นาย', 'ชิษณุพงศ์', 'ขอมปวน', 'Mr.', 'Firstname', 'Lastname', 'M', '2.0021E+13', '5330116821.jpg'),
('5330117421', 'นาย', 'ชุติพงศ์', 'จงอรุณงามแสง', 'Mr.', 'Firstname', 'Lastname', 'M', '2.0021E+13', '5330117421.jpg'),
('5330118021', 'นาย', 'ซามูเอล', 'จันทร์หอม', 'Mr.', 'Firstname', 'Lastname', 'M', '2.0021E+13', '5330118021.jpg'),
('5330119721', 'นาย', 'ญาณพล', 'ศรีพฤทธิ์เกียรติ', 'Mr.', 'Firstname', 'Lastname', 'M', '2.0021E+13', '5330119721.jpg'),
('5330120221', 'นางสาว', 'ญาณิศา', 'แก้วขาว', 'Ms.', 'Firstname', 'Lastname', 'F', '2.0021E+13', '5330120221.jpg'),
('5330122521', 'นาย', 'ฐานิศ', 'เจนจบ', 'Mr.', 'Firstname', 'Lastname', 'M', '2.0021E+13', '5330122521.jpg'),
('5330123121', 'นาย', 'ฐิติพงศ์', 'ลิ้มประเสริฐ', 'Mr.', 'Firstname', 'Lastname', 'M', '2.0021E+13', '5330123121.jpg'),
('5330124821', 'นาย', 'ณชดิช', 'อุทยานัง', 'Mr.', 'Firstname', 'Lastname', 'M', '2.0021E+13', '5330124821.jpg'),
('5330125421', 'นาย', 'ณฐพล', 'แซ่ฮุย', 'Mr.', 'Firstname', 'Lastname', 'M', '2.0021E+13', '5330125421.jpg'),
('5330126021', 'นาย', 'ณพดล', 'สันติธนธาดา', 'Mr.', 'Firstname', 'Lastname', 'M', '2.0021E+13', '5330126021.jpg'),
('5330127721', 'นาย', 'ณภัทร', 'ขาวไพศาล', 'Mr.', 'Firstname', 'Lastname', 'M', '2.0021E+13', '5330127721.jpg'),
('5330128321', 'นาย', 'ณภัทร', 'ดาราราช', 'Mr.', 'Firstname', 'Lastname', 'M', '2.0021E+13', '5330128321.jpg'),
('5330129021', 'นาย', 'ณภัทร', 'ตังคเศรษฐกุล', 'Mr.', 'Firstname', 'Lastname', 'M', '2.0021E+13', '5330129021.jpg'),
('5330130521', 'นาย', 'ณสิทธิ์', 'จงกิตติพงศ์', 'Mr.', 'Firstname', 'Lastname', 'M', '2.0021E+13', '5330130521.jpg'),
('5330131121', 'นางสาว', 'ณัชชา', 'สินประเสริฐรัตน์', 'Ms.', 'Firstname', 'Lastname', 'F', '2.0021E+13', '5330131121.jpg'),
('5330132821', 'นาย', 'ณัฏฐ์', 'รุ่งเรือง', 'Mr.', 'Firstname', 'Lastname', 'M', '2.0021E+13', '5330132821.jpg'),
('5330134021', 'นาย', 'ณัฐ', 'ศิวอาทิตย์กุล', 'Mr.', 'Firstname', 'Lastname', 'M', '2.0021E+13', '5330134021.jpg'),
('5330135721', 'นางสาว', 'ณัฐกมล', 'แสงทองยิ่งดี', 'Ms.', 'Firstname', 'Lastname', 'F', '2.0021E+13', '5330135721.jpg'),
('5330136321', 'นางสาว', 'ณัฐกาญจน์', 'เทียนตระกูล', 'Ms.', 'Firstname', 'Lastname', 'F', '2.0021E+13', '5330136321.jpg'),
('5330137021', 'นางสาว', 'ณัฐชา', 'จันทรสกุล', 'Ms.', 'Firstname', 'Lastname', 'F', '2.0021E+13', '5330137021.jpg'),
('5330138621', 'นาย', 'ณัฐธวัช', 'ภู่สุนทรศรี', 'Mr.', 'Firstname', 'Lastname', 'M', '2.0021E+13', '5330138621.jpg'),
('5330140821', 'นาย', 'ณัฐพงษ์', 'ตันติสุวิทย์กุล', 'Mr.', 'Firstname', 'Lastname', 'M', '2.0021E+13', '5330140821.jpg'),
('5330141421', 'นาย', 'ณัฐพงษ์', 'ทวิพร', 'Mr.', 'Firstname', 'Lastname', 'M', '2.0021E+13', '5330141421.jpg'),
('5330142021', 'นาย', 'ณัฐพงษ์', 'วัชรชัยทโลสถ', 'Mr.', 'Firstname', 'Lastname', 'M', '2.0021E+13', '5330142021.jpg'),
('5330143721', 'นาย', 'ณัฐพงษ์', 'อังศุภศิริกุล', 'Mr.', 'Firstname', 'Lastname', 'M', '2.0021E+13', '5330143721.jpg'),
('5330144321', 'นาย', 'ณัฐพงษ์', 'เอกอัครโภคิน', 'Mr.', 'Firstname', 'Lastname', 'M', '2.0021E+13', '5330144321.jpg'),
('5330145021', 'นาย', 'ณัฐพจน์', 'เกษมโกเมศ', 'Mr.', 'Firstname', 'Lastname', 'M', '2.0021E+13', '5330145021.jpg'),
('5330146621', 'นาย', 'ณัฐพล', 'เจริญงาน', 'Mr.', 'Firstname', 'Lastname', 'M', '2.0021E+13', '5330146621.jpg'),
('5330147221', 'นาย', 'ณัฐพล', 'วนากิตติเสถียร', 'Mr.', 'Firstname', 'Lastname', 'M', '2.0021E+13', '5330147221.jpg'),
('5330148921', 'นาย', 'ณัฐภัทร', 'มิตรศิริสวัสดิ์', 'Mr.', 'Firstname', 'Lastname', 'M', '2.0021E+13', '5330148921.jpg'),
('5330149521', 'นางสาว', 'ณัฐรัตน์', 'แช่มปรีดา', 'Ms.', 'Firstname', 'Lastname', 'F', '2.0021E+13', '5330149521.jpg'),
('5330150021', 'นางสาว', 'ณัฐรัตน์', 'แซ่ลิ้ม', 'Ms.', 'Firstname', 'Lastname', 'F', '2.0021E+13', '5330150021.jpg'),
('5330151721', 'นางสาว', 'ณัฐวรรณ', 'เจริญกุลวณิชย์', 'Ms.', 'Firstname', 'Lastname', 'F', '2.0021E+13', '5330151721.jpg'),
('5330152321', 'นางสาว', 'ณัฐวรินทร์', 'สุวรรณชัย', 'Ms.', 'Firstname', 'Lastname', 'F', '2.0021E+13', '5330152321.jpg'),
('5330153021', 'นาย', 'ณัฐวัตร', 'พลอยดี', 'Mr.', 'Firstname', 'Lastname', 'M', '2.0021E+13', '5330153021.jpg'),
('5330154621', 'นาย', 'ณัฐวุฒิ', 'ฟุ้งเฟื่อง', 'Mr.', 'Firstname', 'Lastname', 'M', '2.0021E+13', '5330154621.jpg'),
('5330155221', 'นาย', 'ณัฐวุฒิ', 'เรืองเวชวรชัย', 'Mr.', 'Firstname', 'Lastname', 'M', '2.0021E+13', '5330155221.jpg'),
('5330156921', 'นางสาว', 'ณาญาฌ์', 'เหลืองสกุลพานิช', 'Ms.', 'Firstname', 'Lastname', 'F', '2.0021E+13', '5330156921.jpg'),
('5330157521', 'นาย', 'ดรัณภพ', 'ภาณุมาศรัศมี', 'Mr.', 'Firstname', 'Lastname', 'M', '2.0021E+13', '5330157521.jpg'),
('5330158121', 'นางสาว', 'ดลฤดี', 'เมตตารมณ์', 'Ms.', 'Firstname', 'Lastname', 'F', '2.0021E+13', '5330158121.jpg'),
('5330159821', 'นางสาว', 'ดวงพร', 'เล็กอุทัย', 'Ms.', 'Firstname', 'Lastname', 'F', '2.0021E+13', '5330159821.jpg'),
('5330160321', 'นาย', 'เดชาวัต', 'เฉลิมการนนท์', 'Mr.', 'Firstname', 'Lastname', 'M', '2.0021E+13', '5330160321.jpg'),
('5330161021', 'นาย', 'ตฤณ', 'รัตนกฤตนนท์', 'Mr.', 'Firstname', 'Lastname', 'M', '2.0021E+13', '5330161021.jpg'),
('5330162621', 'นาย', 'ตะวัน', 'สุขประเสริฐ', 'Mr.', 'Firstname', 'Lastname', 'M', '2.0021E+13', '5330162621.jpg'),
('5330163221', 'นาย', 'ตุลารักษ์', 'จำเดิม', 'Mr.', 'Firstname', 'Lastname', 'M', '2.0021E+13', '5330163221.jpg'),
('5330164921', 'นาย', 'เต็มสิน', 'วัฒนพานิช', 'Mr.', 'Firstname', 'Lastname', 'M', '2.0021E+13', '5330164921.jpg'),
('5330165521', 'นาย', 'เติมศักดิ์', 'ลิ้มศิริรัตนกุล', 'Mr.', 'Firstname', 'Lastname', 'M', '2.0021E+13', '5330165521.jpg'),
('5330167821', 'นางสาว', 'ถิรดา', 'เตชาชัยนิรันดร์', 'Ms.', 'Firstname', 'Lastname', 'F', '2.0021E+13', '5330167821.jpg'),
('5330168421', 'นาย', 'ถิรวัฒน์', 'บุรีเทศน์', 'Mr.', 'Firstname', 'Lastname', 'M', '2.0021E+13', '5330168421.jpg'),
('5330169021', 'นาย', 'ทรัพย์สิทธิ์', 'ดำรงรัตน์', 'Mr.', 'Firstname', 'Lastname', 'M', '2.0021E+13', '5330169021.jpg'),
('5330170621', 'นาย', 'ทวิชาธัญ', 'ชัยวงศ์สุรฤทธิ์', 'Mr.', 'Firstname', 'Lastname', 'M', '2.0021E+13', '5330170621.jpg'),
('5330171221', 'นาย', 'ทวีพงศ์', 'สิริคุตตานนท์', 'Mr.', 'Firstname', 'Lastname', 'M', '2.0021E+13', '5330171221.jpg'),
('5330172921', 'นาย', 'ทศพร', 'ธรรมิกพงษ์', 'Mr.', 'Firstname', 'Lastname', 'M', '2.0021E+13', '5330172921.jpg'),
('5330176421', 'นางสาว', 'ทัตพร', 'พรตรีสัตย์', 'Ms.', 'Firstname', 'Lastname', 'F', '2.0021E+13', '5330176421.jpg'),
('5330177021', 'นาย', 'ทัศนวิทย์', 'ทับทิม', 'Mr.', 'Firstname', 'Lastname', 'M', '2.0021E+13', '5330177021.jpg'),
('5330178721', 'นาย', 'ทายาท', 'ก่อศรีเจริญพันธ์', 'Mr.', 'Firstname', 'Lastname', 'M', '2.0021E+13', '5330178721.jpg'),
('5330179321', 'นาย', 'ทินกฤต', 'อรุณนันทพานิช', 'Mr.', 'Firstname', 'Lastname', 'M', '2.0021E+13', '5330179321.jpg'),
('5330180921', 'นางสาว', 'ทิพย์วัลย์', 'พิศาลปีติ', 'Ms.', 'Firstname', 'Lastname', 'F', '2.0021E+13', '5330180921.jpg'),
('5330181521', 'นาย', 'เทพรัตน์', 'เฉิดมนูเสถียร', 'Mr.', 'Firstname', 'Lastname', 'M', '2.0021E+13', '5330181521.jpg'),
('5330182121', 'นาย', 'ธนกร', 'ธนสมบัติกุล', 'Mr.', 'Firstname', 'Lastname', 'M', '2.0021E+13', '5330182121.jpg'),
('5330183821', 'นาย', 'ธนกร', 'เวศย์วิบุล', 'Mr.', 'Firstname', 'Lastname', 'M', '2.0021E+13', '5330183821.jpg'),
('5330184421', 'นาย', 'ธนกฤต', 'จวนกระจ่าง', 'Mr.', 'Firstname', 'Lastname', 'M', '2.0021E+13', '5330184421.jpg'),
('5330185021', 'นาย', 'ธนกฤต', 'ลิขสิทธิพันธุ์', 'Mr.', 'Firstname', 'Lastname', 'M', '2.0021E+13', '5330185021.jpg'),
('5330186721', 'นาย', 'ธนชาติ', 'ธนากรพิพัฒนกุล', 'Mr.', 'Firstname', 'Lastname', 'M', '2.0021E+13', '5330186721.jpg'),
('5330188021', 'นาย', 'ธนพงศ์', 'แก้ววิชิต', 'Mr.', 'Firstname', 'Lastname', 'M', '2.0021E+13', '5330188021.jpg'),
('5330190121', 'นาย', 'ธนพล', 'มหารักษ์', 'Mr.', 'Firstname', 'Lastname', 'M', '2.0021E+13', '5330190121.jpg'),
('5330191821', 'นาย', 'ธนพล', 'อมรทิพย์สกุล', 'Mr.', 'Firstname', 'Lastname', 'M', '2.0021E+13', '5330191821.jpg'),
('5330193021', 'นาย', 'ธนวัฒน์', 'จันทร์วิกูล', 'Mr.', 'Firstname', 'Lastname', 'M', '2.0021E+13', '5330193021.jpg'),
('5330194721', 'นาย', 'ธนวัฒน์', 'จำปาเงิน', 'Mr.', 'Firstname', 'Lastname', 'M', '2.0021E+13', '5330194721.jpg'),
('5330195321', 'นาย', 'ธนัชชัย', 'ศิริวิชยกุล', 'Mr.', 'Firstname', 'Lastname', 'M', '2.0021E+13', '5330195321.jpg'),
('5330196021', 'นางสาว', 'ธนัญญา', 'ปิยจรรยา', 'Ms.', 'Firstname', 'Lastname', 'F', '2.0021E+13', '5330196021.jpg'),
('5330197621', 'นาย', 'ธนัตถ์', 'นิพาสพงษ์', 'Mr.', 'Firstname', 'Lastname', 'M', '2.0021E+13', '5330197621.jpg'),
('5330199921', 'นาย', 'ธนา', 'ศิลาโชติ', 'Mr.', 'Firstname', 'Lastname', 'M', '2.0021E+13', '5330199921.jpg'),
('5330200821', 'นาย', 'ธนากร', 'ศรีชัยธำรง', 'Mr.', 'Firstname', 'Lastname', 'M', '2.0021E+13', '5330200821.jpg'),
('5330201421', 'นางสาว', 'ธนิกานต์', 'พัฒนวาณิชย์สกุล', 'Ms.', 'Firstname', 'Lastname', 'F', '2.0021E+13', '5330201421.jpg'),
('5330202021', 'นาย', 'ธนิน', 'จารุทัสนางกูร', 'Mr.', 'Firstname', 'Lastname', 'M', '2.0021E+13', '5330202021.jpg'),
('5330203721', 'นางสาว', 'ธมลวรรณ', 'คงสิรินุรักษ์', 'Ms.', 'Firstname', 'Lastname', 'F', '2.0021E+13', '5330203721.jpg'),
('5330204321', 'นาย', 'ธัช', 'อังวัฒนพานิช', 'Mr.', 'Firstname', 'Lastname', 'M', '2.0021E+13', '5330204321.jpg'),
('5330205021', 'นาย', 'ธัชพล', 'โมทนียชาติ', 'Mr.', 'Firstname', 'Lastname', 'M', '2.0021E+13', '5330205021.jpg'),
('5330207221', 'นาย', 'ธัญ', 'เมฆรักษาวนิช', 'Mr.', 'Firstname', 'Lastname', 'M', '2.0021E+13', '5330207221.jpg'),
('5330208921', 'นางสาว', 'ธัญชนก', 'ธรรมสัญญา', 'Ms.', 'Firstname', 'Lastname', 'F', '2.0021E+13', '5330208921.jpg'),
('5330210021', 'นางสาว', 'ธัญรดา', 'ธัญลักษณ์มะระ', 'Ms.', 'Firstname', 'Lastname', 'F', '2.0021E+13', '5330210021.jpg'),
('5330211721', 'นางสาว', 'ธันยธรณ์', 'เจริญดิเรกทรัพย์', 'Ms.', 'Firstname', 'Lastname', 'F', '2.0021E+13', '5330211721.jpg'),
('5330212321', 'นางสาว', 'ธันยพร', 'ประสารศิวมัย', 'Ms.', 'Firstname', 'Lastname', 'F', '2.0021E+13', '5330212321.jpg'),
('5330213021', 'นางสาว', 'ธันยรัตน์', 'โรจนศิริปัญญากุล', 'Ms.', 'Firstname', 'Lastname', 'F', '2.0021E+13', '5330213021.jpg'),
('5330214621', 'นาย', 'ธาริน', 'นัทธี', 'Mr.', 'Firstname', 'Lastname', 'M', '2.0021E+13', '5330214621.jpg'),
('5330216921', 'นาย', 'ธิติวุฒิ', 'อภิวัฒนกุล', 'Mr.', 'Firstname', 'Lastname', 'M', '2.0021E+13', '5330216921.jpg'),
('5330217521', 'นาย', 'ธีรเดช', 'ฤทธิ์ไกรเกรียง', 'Mr.', 'Firstname', 'Lastname', 'M', '2.0021E+13', '5330217521.jpg'),
('5330218121', 'นาย', 'ธีรนนท์', 'สุโรจนกุล', 'Mr.', 'Firstname', 'Lastname', 'M', '2.0021E+13', '5330218121.jpg'),
('5330219821', 'นาย', 'ธีรพล', 'คงสุนทร', 'Mr.', 'Firstname', 'Lastname', 'M', '2.0021E+13', '5330219821.jpg'),
('5330220321', 'นาย', 'ธีรภัทร์', 'สุชีวกุล', 'Mr.', 'Firstname', 'Lastname', 'M', '2.0021E+13', '5330220321.jpg'),
('5330221021', 'นาย', 'ธีรวัจ', 'ศิริสุคนธ์', 'Mr.', 'Firstname', 'Lastname', 'M', '2.0021E+13', '5330221021.jpg'),
('5330222621', 'นาย', 'ธีรวิช', 'ฉายศิริกุล', 'Mr.', 'Firstname', 'Lastname', 'M', '2.0021E+13', '5330222621.jpg'),
('5330223221', 'นาย', 'ธีรสุต', 'จิตสาโรจิตโต', 'Mr.', 'Firstname', 'Lastname', 'M', '2.0021E+13', '5330223221.jpg'),
('5330224921', 'นาย', 'ธีระพงษ์', 'กิจธนศักดิ์', 'Mr.', 'Firstname', 'Lastname', 'M', '2.0021E+13', '5330224921.jpg'),
('5330225521', 'นาย', 'ธีรุตม์', 'เลิศเมธากุล', 'Mr.', 'Firstname', 'Lastname', 'M', '2.0021E+13', '5330225521.jpg'),
('5330226121', 'นาย', 'เธียรภัทร์', 'รุทธิ์วารี', 'Mr.', 'Firstname', 'Lastname', 'M', '2.0021E+13', '5330226121.jpg'),
('5330227821', 'นาย', 'นพรุจ', 'ปิยะทัสสกร', 'Mr.', 'Firstname', 'Lastname', 'M', '2.0021E+13', '5330227821.jpg'),
('5330228421', 'นาย', 'นภนต์', 'สายน้ำทิพย์', 'Mr.', 'Firstname', 'Lastname', 'M', '2.0021E+13', '5330228421.jpg'),
('5330229021', 'นาย', 'นภัทร', 'ทองมาก', 'Mr.', 'Firstname', 'Lastname', 'M', '2.0021E+13', '5330229021.jpg'),
('5330230621', 'นางสาว', 'นภารัตน์', 'พานิชชีวะกุล', 'Ms.', 'Firstname', 'Lastname', 'F', '2.0021E+13', '5330230621.jpg'),
('5330233521', 'นาย', 'นรุตม์', 'ยอดวานิช', 'Mr.', 'Firstname', 'Lastname', 'M', '2.0021E+13', '5330233521.jpg'),
('5330234121', 'นาย', 'นวคุณ', 'แก้วลำใย', 'Mr.', 'Firstname', 'Lastname', 'M', '2.0021E+13', '5330234121.jpg'),
('5330235821', 'นาย', 'นัคนันท์', 'นิลธวัช', 'Mr.', 'Firstname', 'Lastname', 'M', '2.0021E+13', '5330235821.jpg'),
('5330236421', 'นาย', 'นันทกันต์', 'ผลสมบูรณ์โชค', 'Mr.', 'Firstname', 'Lastname', 'M', '2.0021E+13', '5330236421.jpg'),
('5330238721', 'นางสาว', 'น้ำเพชร', 'ทรงศิริทัตต์', 'Ms.', 'Firstname', 'Lastname', 'F', '2.0021E+13', '5330238721.jpg'),
('5330239321', 'นางสาว', 'นิดา', 'ขำเจริญ', 'Ms.', 'Firstname', 'Lastname', 'F', '2.0021E+13', '5330239321.jpg'),
('5330240921', 'นาย', 'นิธิ', 'ยวงยิ้ม', 'Mr.', 'Firstname', 'Lastname', 'M', '2.0021E+13', '5330240921.jpg'),
('5330241521', 'นาย', 'นิธิกร', 'ลิ้มไพบูลย์', 'Mr.', 'Firstname', 'Lastname', 'M', '2.0021E+13', '5330241521.jpg'),
('5330242121', 'นาย', 'นิธิวิทย์', 'วัฒนวงศ์อนันต์', 'Mr.', 'Firstname', 'Lastname', 'M', '2.0021E+13', '5330242121.jpg'),
('5330243821', 'นาย', 'นิรวิทธ์', 'อั้งอารีย์', 'Mr.', 'Firstname', 'Lastname', 'M', '2.0021E+13', '5330243821.jpg'),
('5330244421', 'นางสาว', 'เนตรชนก', 'จิรานุสรณ์กุล', 'Ms.', 'Firstname', 'Lastname', 'F', '2.0021E+13', '5330244421.jpg'),
('5330246721', 'นาย', 'ปกรณ์', 'อัศวฤทธิไกร', 'Mr.', 'Firstname', 'Lastname', 'M', '2.0021E+13', '5330246721.jpg'),
('5330248021', 'นาย', 'ปฏิพล', 'อริยรัชโตภาส', 'Mr.', 'Firstname', 'Lastname', 'M', '2.0021E+13', '5330248021.jpg'),
('5330249621', 'นาย', 'ปฏิภาณ', 'คุรุเสถียร', 'Mr.', 'Firstname', 'Lastname', 'M', '2.0021E+13', '5330249621.jpg'),
('5330250121', 'นาย', 'ปฐมพงศ์', 'โพธิปัทมะ', 'Mr.', 'Firstname', 'Lastname', 'M', '2.0021E+13', '5330250121.jpg'),
('5330251821', 'นาย', 'ปฐวี', 'ผดุงชีวิต', 'Mr.', 'Firstname', 'Lastname', 'M', '2.0021E+13', '5330251821.jpg'),
('5330253021', 'นางสาว', 'ปณิตนาฏ', 'ทรงมั่นสถาพร', 'Ms.', 'Firstname', 'Lastname', 'F', '2.0021E+13', '5330253021.jpg'),
('5330254721', 'นางสาว', 'ปภาดา', 'วิสุทธิพรผล', 'Ms.', 'Firstname', 'Lastname', 'F', '2.0021E+13', '5330254721.jpg'),
('5330256021', 'นาย', 'ประณิธาน', 'รื่นฤดีปัญญา', 'Mr.', 'Firstname', 'Lastname', 'M', '2.0021E+13', '5330256021.jpg'),
('5330257621', 'นาย', 'ประทีป', 'นุชเจริญ', 'Mr.', 'Firstname', 'Lastname', 'M', '2.0021E+13', '5330257621.jpg'),
('5330259921', 'นาย', 'ปรัชญ์', 'เหมพรรณไพเราะ', 'Mr.', 'Firstname', 'Lastname', 'M', '2.0021E+13', '5330259921.jpg'),
('5330260421', 'นาย', 'ปรัชญา', 'พรามโต', 'Mr.', 'Firstname', 'Lastname', 'M', '2.0021E+13', '5330260421.jpg');
INSERT INTO `student` (`student_id`, `th_prefix`, `th_firstname`, `th_lastname`, `en_prefix`, `en_firstname`, `en_lastname`, `gender`, `barcode`, `picture_path`) VALUES
('5330261021', 'นาย', 'ปรัชญา', 'เอกสาธิต', 'Mr.', 'Firstname', 'Lastname', 'M', '2.0021E+13', '5330261021.jpg'),
('5330262721', 'นางสาว', 'ปราญชลี', 'บุนนาค', 'Ms.', 'Firstname', 'Lastname', 'F', '2.0021E+13', '5330262721.jpg'),
('5330263321', 'นาย', 'ปรานต์เมฆ', 'ปฐมาทิตย์ระพี', 'Mr.', 'Firstname', 'Lastname', 'M', '2.0021E+13', '5330263321.jpg'),
('5330264021', 'นาย', 'ปริญญ์', 'จงภักดีพงศ์', 'Mr.', 'Firstname', 'Lastname', 'M', '2.0021E+13', '5330264021.jpg'),
('5330265621', 'นาย', 'ปริญญา', 'มาเสริฐศรี', 'Mr.', 'Firstname', 'Lastname', 'M', '2.0021E+13', '5330265621.jpg'),
('5330266221', 'นาย', 'ปฤนล', 'สุริโย', 'Mr.', 'Firstname', 'Lastname', 'M', '2.0021E+13', '5330266221.jpg'),
('5330267921', 'นาย', 'ปวินท์', 'ธชทรงธรรม', 'Mr.', 'Firstname', 'Lastname', 'M', '2.0021E+13', '5330267921.jpg'),
('5330268521', 'นาย', 'ปวีร์', 'อุดมอิทธิพงศ์', 'Mr.', 'Firstname', 'Lastname', 'M', '2.0021E+13', '5330268521.jpg'),
('5330270721', 'นาย', 'ปัญญาพล', 'ศรีตั้งศิริกุล', 'Mr.', 'Firstname', 'Lastname', 'M', '2.0021E+13', '5330270721.jpg'),
('5330271321', 'นาย', 'ปัณณวัฒน์', 'อบรมสุข', 'Mr.', 'Firstname', 'Lastname', 'M', '2.0021E+13', '5330271321.jpg'),
('5330272021', 'นางสาว', 'ปัทมาสน์', 'ถนอมผิว', 'Ms.', 'Firstname', 'Lastname', 'F', '2.0021E+13', '5330272021.jpg'),
('5330274221', 'นาย', 'ปิตลักษณ์', 'สุวรรณะดิษฐกุล', 'Mr.', 'Firstname', 'Lastname', 'M', '2.0021E+13', '5330274221.jpg'),
('5330276521', 'นางสาว', 'ปิยธิดา', 'นิยม', 'Ms.', 'Firstname', 'Lastname', 'F', '2.0021E+13', '5330276521.jpg'),
('5330277121', 'นาย', 'ปิยนันท์', 'ศรีสิรินันท์', 'Mr.', 'Firstname', 'Lastname', 'M', '2.0021E+13', '5330277121.jpg'),
('5330279421', 'นาย', 'ปิยพนธ์', 'ภาณุสิทธิกร', 'Mr.', 'Firstname', 'Lastname', 'M', '2.0021E+13', '5330279421.jpg'),
('5330280021', 'นางสาว', 'ปิยวรรณ', 'หงส์สิริวิไล', 'Ms.', 'Firstname', 'Lastname', 'F', '2.0021E+13', '5330280021.jpg'),
('5330281621', 'นางสาว', 'ปิยะณัฐ', 'โมกข์ณรงค์', 'Ms.', 'Firstname', 'Lastname', 'F', '2.0021E+13', '5330281621.jpg'),
('5330282221', 'นาย', 'ปิยังกูร', 'ลิ่มวานิชรัตน์', 'Mr.', 'Firstname', 'Lastname', 'M', '2.0021E+13', '5330282221.jpg'),
('5330283921', 'นาย', 'ปุญญพัฒน์', 'จตุรวิธวงศ์', 'Mr.', 'Firstname', 'Lastname', 'M', '2.0021E+13', '5330283921.jpg'),
('5330284521', 'นางสาว', 'ปุณยาภา', 'ศรีวิจารณ์', 'Ms.', 'Firstname', 'Lastname', 'F', '2.0021E+13', '5330284521.jpg'),
('5330285121', 'นาย', 'ปุถุชน', 'ใบไม้', 'Mr.', 'Firstname', 'Lastname', 'M', '2.0021E+13', '5330285121.jpg'),
('5330287421', 'นาย', 'เผ่าพิชญ์', 'ศิริอาชาวัฒนา', 'Mr.', 'Firstname', 'Lastname', 'M', '2.0021E+13', '5330287421.jpg'),
('5330288021', 'นาย', 'พงศกร', 'เสถียรวิริยคุณ', 'Mr.', 'Firstname', 'Lastname', 'M', '2.0021E+13', '5330288021.jpg'),
('5330289721', 'นาย', 'พงศ์กรณ์', 'ลาภชีวะสิทธิ์', 'Mr.', 'Firstname', 'Lastname', 'M', '2.0021E+13', '5330289721.jpg'),
('5330290221', 'นาย', 'พงศธร', 'อมรเวชยกุล', 'Mr.', 'Firstname', 'Lastname', 'M', '2.0021E+13', '5330290221.jpg'),
('5330291921', 'นาย', 'พงศพล', 'พงษ์เภตรารัตน์', 'Mr.', 'Firstname', 'Lastname', 'M', '2.0021E+13', '5330291921.jpg'),
('5330292521', 'นาย', 'พงศ์ภัค', 'ศานติธรรมกุล', 'Mr.', 'Firstname', 'Lastname', 'M', '2.0021E+13', '5330292521.jpg'),
('5330293121', 'นาย', 'พงศ์ศรุต', 'จานสุวรรณ', 'Mr.', 'Firstname', 'Lastname', 'M', '2.0021E+13', '5330293121.jpg'),
('5330294821', 'นาย', 'พงษ์กฤติ', 'ฤทธิ์งาม', 'Mr.', 'Firstname', 'Lastname', 'M', '2.0021E+13', '5330294821.jpg'),
('5330295421', 'นาย', 'พชร', 'เพ็ชรเม็ดใหญ่', 'Mr.', 'Firstname', 'Lastname', 'M', '2.0021E+13', '5330295421.jpg'),
('5330297721', 'นางสาว', 'พนาวรรณ', 'สร้อยสน', 'Ms.', 'Firstname', 'Lastname', 'F', '2.0021E+13', '5330297721.jpg'),
('5330299021', 'นาย', 'พรพินิต', 'สุริยพงษ์รังษี', 'Mr.', 'Firstname', 'Lastname', 'M', '2.0021E+13', '5330299021.jpg'),
('5330300921', 'นาย', 'พรรษวัชร์', 'วงศ์สิริฉัตร', 'Mr.', 'Firstname', 'Lastname', 'M', '2.0021E+13', '5330300921.jpg'),
('5330301521', 'นาย', 'พรฤกษ์', 'ศิริแสงอรุณโรจน์', 'Mr.', 'Firstname', 'Lastname', 'M', '2.0021E+13', '5330301521.jpg'),
('5330303821', 'นาย', 'พลกฤต', 'สินธนาวรรณ', 'Mr.', 'Firstname', 'Lastname', 'M', '2.0021E+13', '5330303821.jpg'),
('5330304421', 'นาย', 'พลชัย', 'เติมกลีบบุปผา', 'Mr.', 'Firstname', 'Lastname', 'M', '2.0021E+13', '5330304421.jpg'),
('5330305021', 'นางสาว', 'พลอยนภัส', 'ธนสิริธรรม', 'Ms.', 'Firstname', 'Lastname', 'F', '2.0021E+13', '5330305021.jpg'),
('5330307321', 'นาย', 'พศิน', 'สุขเกิด', 'Mr.', 'Firstname', 'Lastname', 'M', '2.0021E+13', '5330307321.jpg'),
('5330308021', 'นาย', 'พสิษฐ์', 'คงคุณากรกุล', 'Mr.', 'Firstname', 'Lastname', 'M', '2.0021E+13', '5330308021.jpg'),
('5330309621', 'นาย', 'พสิษฐ์', 'บูรณะกูล', 'Mr.', 'Firstname', 'Lastname', 'M', '2.0021E+13', '5330309621.jpg'),
('5330310121', 'นาย', 'พัฒน์ระพี', 'ลิมป์ธีระกุล', 'Mr.', 'Firstname', 'Lastname', 'M', '2.0021E+13', '5330310121.jpg'),
('5330311821', 'นาย', 'พัทธ์', 'เตชะไทยเจริญ', 'Mr.', 'Firstname', 'Lastname', 'M', '2.0021E+13', '5330311821.jpg'),
('5330312421', 'นาย', 'พันธกานต์', 'แสงอร่าม', 'Mr.', 'Firstname', 'Lastname', 'M', '2.0021E+13', '5330312421.jpg'),
('5330313021', 'นางสาว', 'พาขวัญ', 'ภู่วุฒิกุล', 'Ms.', 'Firstname', 'Lastname', 'F', '2.0021E+13', '5330313021.jpg'),
('5330314721', 'นาย', 'พานุวัฒน์', 'ปาลี', 'Mr.', 'Firstname', 'Lastname', 'M', '2.0021E+13', '5330314721.jpg'),
('5330315321', 'นาย', 'พาสูง', 'ส่งศักดิ์สกุล', 'Mr.', 'Firstname', 'Lastname', 'M', '2.0021E+13', '5330315321.jpg'),
('5330316021', 'นาย', 'พิชญ์พงศ์', 'โสภิตสกุลมาศ', 'Mr.', 'Firstname', 'Lastname', 'M', '2.0021E+13', '5330316021.jpg'),
('5330317621', 'นางสาว', 'พิชญ์สินี', 'ภาคสังข์', 'Ms.', 'Firstname', 'Lastname', 'F', '2.0021E+13', '5330317621.jpg'),
('5330318221', 'นาย', 'พิชญะ', 'สมภพสกุล', 'Mr.', 'Firstname', 'Lastname', 'M', '2.0021E+13', '5330318221.jpg'),
('5330319921', 'นางสาว', 'พิชญา', 'เตชะประเสริฐวิทยา', 'Ms.', 'Firstname', 'Lastname', 'F', '2.0021E+13', '5330319921.jpg'),
('5330320421', 'นางสาว', 'พิชญา', 'วัลลภวิสุทธิ์', 'Ms.', 'Firstname', 'Lastname', 'F', '2.0021E+13', '5330320421.jpg'),
('5330321021', 'นางสาว', 'พิชญา', 'แสงอำไพ', 'Ms.', 'Firstname', 'Lastname', 'F', '2.0021E+13', '5330321021.jpg'),
('5330322721', 'นาย', 'พิชญุตม์', 'เอกปรัชญากุล', 'Mr.', 'Firstname', 'Lastname', 'M', '2.0021E+13', '5330322721.jpg'),
('5330323321', 'นางสาว', 'พิมชนิภา', 'เพ็ญศิริ', 'Ms.', 'Firstname', 'Lastname', 'F', '2.0021E+13', '5330323321.jpg'),
('5330324021', 'นางสาว', 'พิมพัฒน์', 'เทียวพนิชกิจ', 'Ms.', 'Firstname', 'Lastname', 'F', '2.0021E+13', '5330324021.jpg'),
('5330325621', 'นางสาว', 'พิมล', 'เอี่ยมอารีรัตน์', 'Ms.', 'Firstname', 'Lastname', 'F', '2.0021E+13', '5330325621.jpg'),
('5330326221', 'นางสาว', 'พิมลรัตน์', 'เผ่าศรีเจริญ', 'Ms.', 'Firstname', 'Lastname', 'F', '2.0021E+13', '5330326221.jpg'),
('5330327921', 'นาย', 'พิสิษฐ์', 'กิตติวิทยากุล', 'Mr.', 'Firstname', 'Lastname', 'M', '2.0021E+13', '5330327921.jpg'),
('5330328521', 'นาย', 'พีรธัช', 'ศักดิ์อุดมไชย', 'Mr.', 'Firstname', 'Lastname', 'M', '2.0021E+13', '5330328521.jpg'),
('5330329121', 'นาย', 'พีรพันธ์', 'วานิโชดม', 'Mr.', 'Firstname', 'Lastname', 'M', '2.0021E+13', '5330329121.jpg'),
('5330330721', 'นาย', 'พลธวัฒน์', 'ฐานวรนนท์', 'Mr.', 'Firstname', 'Lastname', 'M', '2.0021E+13', '5330330721.jpg'),
('5330331321', 'นาย', 'พีระ', 'ลิขิตพรสวรรค์', 'Mr.', 'Firstname', 'Lastname', 'M', '2.0021E+13', '5330331321.jpg'),
('5330332021', 'นาย', 'พีระพันธ์', 'ไหลงาม', 'Mr.', 'Firstname', 'Lastname', 'M', '2.0021E+13', '5330332021.jpg'),
('5330333621', 'นาย', 'พีระวัฒน์', 'รัตนกาล', 'Mr.', 'Firstname', 'Lastname', 'M', '2.0021E+13', '5330333621.jpg'),
('5330334221', 'นาย', 'พุฒิพงษ์', 'เพ็ชรรุณ', 'Mr.', 'Firstname', 'Lastname', 'M', '2.0021E+13', '5330334221.jpg'),
('5330335921', 'นางสาว', 'ไพลิน', 'พัฒนากิจสกุล', 'Ms.', 'Firstname', 'Lastname', 'F', '2.0021E+13', '5330335921.jpg'),
('5330336521', 'นาย', 'ฟารุค', 'บินโหรน', 'Mr.', 'Firstname', 'Lastname', 'M', '2.0021E+13', '5330336521.jpg'),
('5330337121', 'นางสาว', 'ภัณฑิรา', 'กิจพิพิธ', 'Ms.', 'Firstname', 'Lastname', 'F', '2.0021E+13', '5330337121.jpg'),
('5330340021', 'นาย', 'ภัทรภัทร', 'ชีวโชติวรรณ', 'Mr.', 'Firstname', 'Lastname', 'M', '2.0021E+13', '5330340021.jpg'),
('5330341621', 'นาย', 'ภัทรฤทธิ์', 'มาบุญศักดิ์สิทธิ์', 'Mr.', 'Firstname', 'Lastname', 'M', '2.0021E+13', '5330341621.jpg'),
('5330342221', 'นาย', 'ภัทรวิชญ์', 'สั้นจันดา', 'Mr.', 'Firstname', 'Lastname', 'M', '2.0021E+13', '5330342221.jpg'),
('5330343921', 'นาย', 'ภัทรวุฒิ', 'ศักดิ์ศิริสัมพันธ์', 'Mr.', 'Firstname', 'Lastname', 'M', '2.0021E+13', '5330343921.jpg'),
('5330344521', 'นาย', 'ภัทรวุธ', 'สุภามา', 'Mr.', 'Firstname', 'Lastname', 'M', '2.0021E+13', '5330344521.jpg'),
('5330345121', 'นาย', 'ภัทรศัย', 'มากเพ็ง', 'Mr.', 'Firstname', 'Lastname', 'M', '2.0021E+13', '5330345121.jpg'),
('5330346821', 'นางสาว', 'ภัทราพร', 'วงษ์ประดิษฐ์', 'Ms.', 'Firstname', 'Lastname', 'F', '2.0021E+13', '5330346821.jpg'),
('5330347421', 'นาย', 'ภาคย์', 'นาคพีระยุทธ', 'Mr.', 'Firstname', 'Lastname', 'M', '2.0021E+13', '5330347421.jpg'),
('5330348021', 'นาย', 'ภาคิน', 'ทัศน์พีรพันธ์', 'Mr.', 'Firstname', 'Lastname', 'M', '2.0021E+13', '5330348021.jpg'),
('5330349721', 'นาย', 'ภาณุเมธ', 'เชษฐ์ประยูร', 'Mr.', 'Firstname', 'Lastname', 'M', '2.0021E+13', '5330349721.jpg'),
('5330350221', 'นาย', 'ภาสกร', 'เส็งศรี', 'Mr.', 'Firstname', 'Lastname', 'M', '2.0021E+13', '5330350221.jpg'),
('5330351921', 'นาย', 'ภาสวร', 'วัฒนะรัตน์', 'Mr.', 'Firstname', 'Lastname', 'M', '2.0021E+13', '5330351921.jpg'),
('5330352521', 'นาย', 'ภิคเนตร', 'อังอภิวัชร์ชวาล', 'Mr.', 'Firstname', 'Lastname', 'M', '2.0021E+13', '5330352521.jpg'),
('5330354821', 'นาย', 'ภูมิ', 'เจียมธีรสกุล', 'Mr.', 'Firstname', 'Lastname', 'M', '2.0021E+13', '5330354821.jpg'),
('5330355421', 'นาย', 'ภูมิทรัพย์', 'มโนนุกูล', 'Mr.', 'Firstname', 'Lastname', 'M', '2.0021E+13', '5330355421.jpg'),
('5330356021', 'นาย', 'ภูริณัฐ', 'จันทะพันธ์', 'Mr.', 'Firstname', 'Lastname', 'M', '2.0021E+13', '5330356021.jpg'),
('5330357721', 'นาย', 'ภูรีวัฒน์', 'อภิบาลศรี', 'Mr.', 'Firstname', 'Lastname', 'M', '2.0021E+13', '5330357721.jpg'),
('5330359021', 'นางสาว', 'มณี', 'รุ่งวิทยาคม', 'Ms.', 'Firstname', 'Lastname', 'F', '2.0021E+13', '5330359021.jpg'),
('5330360521', 'นางสาว', 'มนทิรา', 'ธีระชาติแพทย์', 'Ms.', 'Firstname', 'Lastname', 'F', '2.0021E+13', '5330360521.jpg'),
('5330361121', 'นาย', 'มนพัฒน์', 'สรงสุวรรณ', 'Mr.', 'Firstname', 'Lastname', 'M', '2.0021E+13', '5330361121.jpg'),
('5330362821', 'นางสาว', 'มนัสชญา', 'หอมประเสริฐ', 'Ms.', 'Firstname', 'Lastname', 'F', '2.0021E+13', '5330362821.jpg'),
('5330363421', 'นางสาว', 'มยุรา', 'อรุณเรืองศิริเลิศ', 'Ms.', 'Firstname', 'Lastname', 'F', '2.0021E+13', '5330363421.jpg'),
('5330364021', 'นาย', 'มหศักย์', 'สุรกิจบวร', 'Mr.', 'Firstname', 'Lastname', 'M', '2.0021E+13', '5330364021.jpg'),
('5330365721', 'นาย', 'มหัทธนา', 'น้อมสวัสดิ์', 'Mr.', 'Firstname', 'Lastname', 'M', '2.0021E+13', '5330365721.jpg'),
('5330367021', 'นาย', 'แม็ทธิว', 'พิชิตพรรณ', 'Mr.', 'Firstname', 'Lastname', 'M', '2.0021E+13', '5330367021.jpg'),
('5330368621', 'นาย', 'ยศพล', 'อร่ามวัฒนานนท์', 'Mr.', 'Firstname', 'Lastname', 'M', '2.0021E+13', '5330368621.jpg'),
('5330369221', 'นาย', 'ยาซีน', 'ยุโส๊ป', 'Mr.', 'Firstname', 'Lastname', 'M', '2.0021E+13', '5330369221.jpg'),
('5330370821', 'นางสาว', 'ยุวรัตน์', 'ศรีประพฤทธิ์ชัย', 'Ms.', 'Firstname', 'Lastname', 'F', '2.0021E+13', '5330370821.jpg'),
('5330371421', 'นาย', 'รณกฤต', 'ตั้งจิรคภัณฑ์', 'Mr.', 'Firstname', 'Lastname', 'M', '2.0021E+13', '5330371421.jpg'),
('5330372021', 'นาย', 'รณชัย', 'ภัทรพิธาน', 'Mr.', 'Firstname', 'Lastname', 'M', '2.0021E+13', '5330372021.jpg'),
('5330373721', 'นาย', 'รวีกิต', 'ฉัตรทอง', 'Mr.', 'Firstname', 'Lastname', 'M', '2.0021E+13', '5330373721.jpg'),
('5330375021', 'นาย', 'ชนกันต์', 'ธงไชย', 'Mr.', 'Firstname', 'Lastname', 'M', '2.0021E+13', '5330375021.jpg'),
('5330376621', 'นาย', 'ริชญ์', 'รักษ์งาน', 'Mr.', 'Firstname', 'Lastname', 'M', '2.0021E+13', '5330376621.jpg'),
('5330377221', 'นางสาว', 'รินรดา', 'จิราวรรณสถิตย์', 'Ms.', 'Firstname', 'Lastname', 'F', '2.0021E+13', '5330377221.jpg'),
('5330378921', 'นาย', 'รุ่ยบิน', 'หวัง', 'Mr.', 'Firstname', 'Lastname', 'M', '2.0021E+13', '5330378921.jpg'),
('5330379521', 'นางสาว', 'ลักษมี', 'ลี่สถาพรวงศา', 'Ms.', 'Firstname', 'Lastname', 'F', '2.0021E+13', '5330379521.jpg'),
('5330380021', 'นาย', 'เลิศบุรุษ', 'อ่ำสุพรรณ', 'Mr.', 'Firstname', 'Lastname', 'M', '2.0021E+13', '5330380021.jpg'),
('5330382321', 'นาย', 'วรการ', 'อนันตเสนา', 'Mr.', 'Firstname', 'Lastname', 'M', '2.0021E+13', '5330382321.jpg'),
('5330383021', 'นาย', 'วรงกฏ', 'ประสานสุทธิพร', 'Mr.', 'Firstname', 'Lastname', 'M', '2.0021E+13', '5330383021.jpg'),
('5330385221', 'นาย', 'วรท', 'เกียรติธนะบำรุง', 'Mr.', 'Firstname', 'Lastname', 'M', '2.0021E+13', '5330385221.jpg'),
('5330386921', 'นาย', 'วรท', 'เลี่ยวไพโรจน์', 'Mr.', 'Firstname', 'Lastname', 'M', '2.0021E+13', '5330386921.jpg'),
('5330387521', 'นาย', 'วรทัต', 'หงษ์ทอง', 'Mr.', 'Firstname', 'Lastname', 'M', '2.0021E+13', '5330387521.jpg'),
('5330388121', 'นาย', 'วรธน', 'วรนิทัศน์', 'Mr.', 'Firstname', 'Lastname', 'M', '2.0021E+13', '5330388121.jpg'),
('5330390321', 'นาย', 'วรภพ', 'ยิ่งพัฒนา', 'Mr.', 'Firstname', 'Lastname', 'M', '2.0021E+13', '5330390321.jpg'),
('5330391021', 'นาย', 'วรเมธ', 'ภัทรสินไพบูลย์', 'Mr.', 'Firstname', 'Lastname', 'M', '2.0021E+13', '5330391021.jpg'),
('5330392621', 'นาย', 'วรรณภัทร', 'โพธิ์เดช', 'Mr.', 'Firstname', 'Lastname', 'M', '2.0021E+13', '5330392621.jpg'),
('5330393221', 'นางสาว', 'วรรณิต', 'บุญเจริญทวีสุข', 'Ms.', 'Firstname', 'Lastname', 'F', '2.0021E+13', '5330393221.jpg'),
('5330394921', 'นาย', 'วรรธน์วิภพ', 'โพธิทัต', 'Mr.', 'Firstname', 'Lastname', 'M', '2.0021E+13', '5330394921.jpg'),
('5330395521', 'นาย', 'วรรธนะ', 'ชัยชาญกุล', 'Mr.', 'Firstname', 'Lastname', 'M', '2.0021E+13', '5330395521.jpg'),
('5330396121', 'นาย', 'จิรวัฒน์', 'โรจนาภินันท์', 'Mr.', 'Firstname', 'Lastname', 'M', '2.0021E+13', '5330396121.jpg'),
('5330398421', 'นาย', 'วรัชญ์', 'ขาวลิขิต', 'Mr.', 'Firstname', 'Lastname', 'M', '2.0021E+13', '5330398421.jpg'),
('5330399021', 'นาย', 'วรัญญ์', 'คีรีกาญจนะรงค์', 'Mr.', 'Firstname', 'Lastname', 'M', '2.0021E+13', '5330399021.jpg'),
('5330400021', 'นาย', 'วรัตถ์', 'โกษาคาร', 'Mr.', 'Firstname', 'Lastname', 'M', '2.0021E+13', '5330400021.jpg'),
('5330401621', 'นางสาว', 'วราภรณ์', 'กิจเรือนทอง', 'Ms.', 'Firstname', 'Lastname', 'F', '2.0021E+13', '5330401621.jpg'),
('5330402221', 'นาย', 'วริษฐ์', 'ปัณฑุรอัมพร', 'Mr.', 'Firstname', 'Lastname', 'M', '2.0021E+13', '5330402221.jpg'),
('5330403921', 'นาย', 'วรุตม์', 'ตันเจริญ', 'Mr.', 'Firstname', 'Lastname', 'M', '2.0021E+13', '5330403921.jpg'),
('5330406821', 'นาย', 'วศิน', 'สุรารักษ์', 'Mr.', 'Firstname', 'Lastname', 'M', '2.0021E+13', '5330406821.jpg'),
('5330407421', 'นางสาว', 'วศินี', 'กิจจงถาวรกุล', 'Ms.', 'Firstname', 'Lastname', 'F', '2.0021E+13', '5330407421.jpg'),
('5330408021', 'นางสาว', 'วสิรินทร์', 'ตัณฑ์ศิริ', 'Ms.', 'Firstname', 'Lastname', 'F', '2.0021E+13', '5330408021.jpg'),
('5330409721', 'นาย', 'วสิษฐ์', 'ชยาวิวัฒน์กุล', 'Mr.', 'Firstname', 'Lastname', 'M', '2.0021E+13', '5330409721.jpg'),
('5330410221', 'นาย', 'วสุ', 'สามารถสิริ', 'Mr.', 'Firstname', 'Lastname', 'M', '2.0021E+13', '5330410221.jpg'),
('5330411921', 'นาย', 'วัชรพล', 'นุชสมบัติ', 'Mr.', 'Firstname', 'Lastname', 'M', '2.0021E+13', '5330411921.jpg'),
('5330413121', 'นาย', 'วัชระ', 'รัชชุศุภกาญจน์', 'Mr.', 'Firstname', 'Lastname', 'M', '2.0021E+13', '5330413121.jpg'),
('5330414821', 'นาย', 'วัชริศ', 'มหฤทัยนนท์', 'Mr.', 'Firstname', 'Lastname', 'M', '2.0021E+13', '5330414821.jpg'),
('5330416021', 'นางสาว', 'วัศยา', 'ประภาทรง', 'Ms.', 'Firstname', 'Lastname', 'F', '2.0021E+13', '5330416021.jpg'),
('5330418321', 'นาย', 'วารุจ', 'ลิ่มวิบูลย์', 'Mr.', 'Firstname', 'Lastname', 'M', '2.0021E+13', '5330418321.jpg'),
('5330419021', 'นาย', 'วิจักขณ์', 'วิศิษฏ์สรศักดิ์', 'Mr.', 'Firstname', 'Lastname', 'M', '2.0021E+13', '5330419021.jpg'),
('5330420521', 'นาย', 'วิชช์', 'เชาว์กิจค้า', 'Mr.', 'Firstname', 'Lastname', 'M', '2.0021E+13', '5330420521.jpg'),
('5330421121', 'นาย', 'วิชญ์พล', 'อังคณาภิวัฒน์', 'Mr.', 'Firstname', 'Lastname', 'M', '2.0021E+13', '5330421121.jpg'),
('5330422821', 'นาย', 'วิทวัส', 'โชคศิลปสาท', 'Mr.', 'Firstname', 'Lastname', 'M', '2.0021E+13', '5330422821.jpg'),
('5330424021', 'นางสาว', 'วิภาวี', 'วิวรรณวา', 'Ms.', 'Firstname', 'Lastname', 'F', '2.0021E+13', '5330424021.jpg'),
('5330425721', 'นางสาว', 'วิภาวี', 'อ.ก้องเกียรติ', 'Ms.', 'Firstname', 'Lastname', 'F', '2.0021E+13', '5330425721.jpg'),
('5330426321', 'นาย', 'วิวรรธน์', 'สหกุลบุญญรักษ์', 'Mr.', 'Firstname', 'Lastname', 'M', '2.0021E+13', '5330426321.jpg'),
('5330427021', 'นาย', 'วิศรุต', 'โชคเฉลิมวัฒน์', 'Mr.', 'Firstname', 'Lastname', 'M', '2.0021E+13', '5330427021.jpg'),
('5330428621', 'นาย', 'วิศรุต', 'อุดมสมุทร', 'Mr.', 'Firstname', 'Lastname', 'M', '2.0021E+13', '5330428621.jpg'),
('5330429221', 'นาย', 'วิศวพล', 'เก่งกิตติภัทร', 'Mr.', 'Firstname', 'Lastname', 'M', '2.0021E+13', '5330429221.jpg'),
('5330430821', 'นาย', 'วีรภัทร', 'ตั้งจักรวรานนท์', 'Mr.', 'Firstname', 'Lastname', 'M', '2.0021E+13', '5330430821.jpg'),
('5330431421', 'นาย', 'วีรภัทร', 'บุปผเวส', 'Mr.', 'Firstname', 'Lastname', 'M', '2.0021E+13', '5330431421.jpg'),
('5330433721', 'นาย', 'วุฒิกร', 'อนุศาสน์อมรกุล', 'Mr.', 'Firstname', 'Lastname', 'M', '2.0021E+13', '5330433721.jpg'),
('5330434321', 'นาย', 'วุฒิไกร', 'วินิจชีวิต', 'Mr.', 'Firstname', 'Lastname', 'M', '2.0021E+13', '5330434321.jpg'),
('5330435021', 'นาย', 'วุฒิภัทร', 'วัฒนาศรีโรจน์', 'Mr.', 'Firstname', 'Lastname', 'M', '2.0021E+13', '5330435021.jpg'),
('5330437221', 'นาย', 'ศรัณย์', 'จิระพันธ์พงศ์', 'Mr.', 'Firstname', 'Lastname', 'M', '2.0021E+13', '5330437221.jpg'),
('5330440021', 'นางสาว', 'ศศิวรรณ', 'นิ่มอนงค์', 'Ms.', 'Firstname', 'Lastname', 'F', '2.0021E+13', '5330440021.jpg'),
('5330442321', 'นาย', 'ศักดิ์ทิพย์', 'อู่ทองทรัพย์', 'Mr.', 'Firstname', 'Lastname', 'M', '2.0021E+13', '5330442321.jpg'),
('5330444621', 'นาย', 'ศักดิ์สิทธิ์', 'สุขชัยศรี', 'Mr.', 'Firstname', 'Lastname', 'M', '2.0021E+13', '5330444621.jpg'),
('5330445221', 'นาย', 'ศานนท์', 'ศุภตระกูล', 'Mr.', 'Firstname', 'Lastname', 'M', '2.0021E+13', '5330445221.jpg'),
('5330446921', 'นาย', 'ศิขริน', 'เสมาชัย', 'Mr.', 'Firstname', 'Lastname', 'M', '2.0021E+13', '5330446921.jpg'),
('5330447521', 'นาย', 'ศิรวิทย์', 'ดวงทวี', 'Mr.', 'Firstname', 'Lastname', 'M', '2.0021E+13', '5330447521.jpg'),
('5330448121', 'นาย', 'ศิริวัฒน์', 'พุทธสัตบุรุษ', 'Mr.', 'Firstname', 'Lastname', 'M', '2.0021E+13', '5330448121.jpg'),
('5330449821', 'นาย', 'ศิวกร', 'นามเขื่อนแพทย์', 'Mr.', 'Firstname', 'Lastname', 'M', '2.0021E+13', '5330449821.jpg'),
('5330451021', 'นาย', 'ศุภกร', 'ชีวะถาวร', 'Mr.', 'Firstname', 'Lastname', 'M', '2.0021E+13', '5330451021.jpg'),
('5330452621', 'นาย', 'ศุภกฤต', 'เลิศอัชฌาสัย', 'Mr.', 'Firstname', 'Lastname', 'M', '2.0021E+13', '5330452621.jpg'),
('5330454921', 'นาย', 'ศุภณัฐ', 'กีรติไพบูลย์', 'Mr.', 'Firstname', 'Lastname', 'M', '2.0021E+13', '5330454921.jpg'),
('5330456121', 'นาย', 'ศุภฤกษ์', 'โชคปัญญาพงษ์', 'Mr.', 'Firstname', 'Lastname', 'M', '2.0021E+13', '5330456121.jpg'),
('5330458421', 'นางสาว', 'ศุภาพิชญ์', 'กิตติสารกุล', 'Ms.', 'Firstname', 'Lastname', 'F', '2.0021E+13', '5330458421.jpg'),
('5330460621', 'นาย', 'เศรษฐสิทธิ์', 'ชัยเกษตรสิน', 'Mr.', 'Firstname', 'Lastname', 'M', '2.0021E+13', '5330460621.jpg'),
('5330462921', 'นาย', 'สกนธ์ณัฐ', 'อนันต์ศุภศักดิ์', 'Mr.', 'Firstname', 'Lastname', 'M', '2.0021E+13', '5330462921.jpg'),
('5330463521', 'นาย', 'สถาพร', 'เมฆราตรี', 'Mr.', 'Firstname', 'Lastname', 'M', '2.0021E+13', '5330463521.jpg'),
('5330464121', 'นาย', 'สมประสงค์', 'ประวัติศิลป์', 'Mr.', 'Firstname', 'Lastname', 'M', '2.0021E+13', '5330464121.jpg'),
('5330465821', 'นาย', 'สมรัฐชาติ', 'มณีวงศ์', 'Mr.', 'Firstname', 'Lastname', 'M', '2.0021E+13', '5330465821.jpg'),
('5330466421', 'นางสาว', 'สมศิริ', 'เช็งสุทธา', 'Ms.', 'Firstname', 'Lastname', 'F', '2.0021E+13', '5330466421.jpg'),
('5330467021', 'นาย', 'สรวิศ', 'ตั้งจิตร่วมบุญ', 'Mr.', 'Firstname', 'Lastname', 'M', '2.0021E+13', '5330467021.jpg'),
('5330468721', 'นาย', 'สรวิศ', 'ศรีภินันท์', 'Mr.', 'Firstname', 'Lastname', 'M', '2.0021E+13', '5330468721.jpg'),
('5330469321', 'นาย', 'สรวิศ', 'อัมระนันทน์', 'Mr.', 'Firstname', 'Lastname', 'M', '2.0021E+13', '5330469321.jpg'),
('5330470921', 'นาย', 'สรเศรษฐ์', 'ตระการสิริพจน์', 'Mr.', 'Firstname', 'Lastname', 'M', '2.0021E+13', '5330470921.jpg'),
('5330471521', 'นาย', 'สรัล', 'สุขุมเสาวภาคย์', 'Mr.', 'Firstname', 'Lastname', 'M', '2.0021E+13', '5330471521.jpg'),
('5330472121', 'นาย', 'สราวุธ', 'อัศวเมธีรุ่งโรจน์', 'Mr.', 'Firstname', 'Lastname', 'M', '2.0021E+13', '5330472121.jpg'),
('5330473821', 'นาย', 'สว่างพงษ์', 'เลาหวิชิตศักดิ์', 'Mr.', 'Firstname', 'Lastname', 'M', '2.0021E+13', '5330473821.jpg'),
('5330474421', 'นางสาว', 'สัญธิชา', 'ชอบประดิษฐ์', 'Ms.', 'Firstname', 'Lastname', 'F', '2.0021E+13', '5330474421.jpg'),
('5330475021', 'นาย', 'สัณฑ์ศรัณย์', 'อมรไชย', 'Mr.', 'Firstname', 'Lastname', 'M', '2.0021E+13', '5330475021.jpg'),
('5330476721', 'นาย', 'สันติ', 'ลาภสุวรรณวงศ์', 'Mr.', 'Firstname', 'Lastname', 'M', '2.0021E+13', '5330476721.jpg'),
('5330478021', 'นาย', 'สามารถ', 'โสมขันเงิน', 'Mr.', 'Firstname', 'Lastname', 'M', '2.0021E+13', '5330478021.jpg'),
('5330479621', 'นาย', 'สาโรช', 'คุณวุฒิพร', 'Mr.', 'Firstname', 'Lastname', 'M', '2.0021E+13', '5330479621.jpg'),
('5330480121', 'นางสาว', 'สิตานัน', 'ชะโยชัยชนะ', 'Ms.', 'Firstname', 'Lastname', 'F', '2.0021E+13', '5330480121.jpg'),
('5330482421', 'นาย', 'สิทธิภูมิ', 'ลีสวัสดิ์ตระกูล', 'Mr.', 'Firstname', 'Lastname', 'M', '2.0021E+13', '5330482421.jpg'),
('5330483021', 'นาย', 'สิรจิตร์', 'คมฤทธิ์', 'Mr.', 'Firstname', 'Lastname', 'M', '2.0021E+13', '5330483021.jpg'),
('5330485321', 'นาย', 'สิรวิชญ์', 'หวังวิทยากุล', 'Mr.', 'Firstname', 'Lastname', 'M', '2.0021E+13', '5330485321.jpg'),
('5330488221', 'นาย', 'สืบสกุล', 'ยศพิทักษ์', 'Mr.', 'Firstname', 'Lastname', 'M', '2.0021E+13', '5330488221.jpg'),
('5330489921', 'นาย', 'สุกฤษฎิ์', 'กิตติถิรวัฒน์', 'Mr.', 'Firstname', 'Lastname', 'M', '2.0021E+13', '5330489921.jpg'),
('5330490421', 'นาย', 'สุกฤษฎิ์', 'ใจหาญ', 'Mr.', 'Firstname', 'Lastname', 'M', '2.0021E+13', '5330490421.jpg'),
('5330491021', 'นาย', 'สุกฤษฎิ์', 'สันตธาดาพร', 'Mr.', 'Firstname', 'Lastname', 'M', '2.0021E+13', '5330491021.jpg'),
('5330492721', 'นางสาว', 'สุชาดา', 'รุ่งมานะเศรษฐ', 'Ms.', 'Firstname', 'Lastname', 'F', '2.0021E+13', '5330492721.jpg'),
('5330493321', 'นาย', 'สุทธินันท์', 'แสงอังคนาวิน', 'Mr.', 'Firstname', 'Lastname', 'M', '2.0021E+13', '5330493321.jpg'),
('5330494021', 'นาย', 'สุทัศน์', 'เสือดาว', 'Mr.', 'Firstname', 'Lastname', 'M', '2.0021E+13', '5330494021.jpg'),
('5330495621', 'นางสาว', 'สุทัศนา', 'อมรวณิชสาร', 'Ms.', 'Firstname', 'Lastname', 'F', '2.0021E+13', '5330495621.jpg'),
('5330496221', 'นาย', 'สุทัศไนย', 'หล้าธรรม', 'Mr.', 'Firstname', 'Lastname', 'M', '2.0021E+13', '5330496221.jpg'),
('5330498521', 'นางสาว', 'สุธิดา', 'กังสรานุวัตถ์', 'Ms.', 'Firstname', 'Lastname', 'F', '2.0021E+13', '5330498521.jpg'),
('5330499121', 'นาย', 'สุธีร์', 'ธิติอนันต์ปกรณ์', 'Mr.', 'Firstname', 'Lastname', 'M', '2.0021E+13', '5330499121.jpg'),
('5330500021', 'นาย', 'สุนัย', 'นิธังกร', 'Mr.', 'Firstname', 'Lastname', 'M', '2.0021E+13', '5330500021.jpg'),
('5330501721', 'นาย', 'สุบิน', 'ชาญพิทยานุกูลกิจ', 'Mr.', 'Firstname', 'Lastname', 'M', '2.0021E+13', '5330501721.jpg'),
('5330502321', 'นางสาว', 'สุพิชชา', 'ผดุงศิลป์', 'Ms.', 'Firstname', 'Lastname', 'F', '2.0021E+13', '5330502321.jpg'),
('5330504621', 'นางสาว', 'สุภมาส', 'สุระเรืองชัย', 'Ms.', 'Firstname', 'Lastname', 'F', '2.0021E+13', '5330504621.jpg'),
('5330505221', 'นาย', 'สุภัค', 'ดาวยก', 'Mr.', 'Firstname', 'Lastname', 'M', '2.0021E+13', '5330505221.jpg'),
('5330506921', 'นาย', 'สุรวัชร์', 'กัลยาวินัย', 'Mr.', 'Firstname', 'Lastname', 'M', '2.0021E+13', '5330506921.jpg'),
('5330507521', 'นาย', 'สุรศักดิ์', 'เกษตรศิริกุล', 'Mr.', 'Firstname', 'Lastname', 'M', '2.0021E+13', '5330507521.jpg'),
('5330508121', 'นางสาว', 'สุรีรัตน์', 'ลือพงศ์พัฒนะ', 'Ms.', 'Firstname', 'Lastname', 'F', '2.0021E+13', '5330508121.jpg'),
('5330509821', 'นางสาว', 'สุวพัชร', 'พิกสิต', 'Ms.', 'Firstname', 'Lastname', 'F', '2.0021E+13', '5330509821.jpg'),
('5330510321', 'นาย', 'สุวพันธุ์', 'อริเดช', 'Mr.', 'Firstname', 'Lastname', 'M', '2.0021E+13', '5330510321.jpg'),
('5330511021', 'นางสาว', 'สุอัมพา', 'เกตุปรีชาสวัสดิ์', 'Ms.', 'Firstname', 'Lastname', 'F', '2.0021E+13', '5330511021.jpg'),
('5330512621', 'นาย', 'เสกข์', 'ฟ้าภิญโญ', 'Mr.', 'Firstname', 'Lastname', 'M', '2.0021E+13', '5330512621.jpg'),
('5330513221', 'นาย', 'เสฎฐวุฒิ', 'ตันธนะสฤษดิ์', 'Mr.', 'Firstname', 'Lastname', 'M', '2.0021E+13', '5330513221.jpg'),
('5330514921', 'นางสาว', 'แสงจุฑา', 'นิรุตติรักษ์', 'Ms.', 'Firstname', 'Lastname', 'F', '2.0021E+13', '5330514921.jpg'),
('5330515521', 'นาย', 'โสภณ', 'คงเจริญสุขสันติ', 'Mr.', 'Firstname', 'Lastname', 'M', '2.0021E+13', '5330515521.jpg'),
('5330516121', 'นางสาว', 'โสภิดา', 'ศุภกำเนิด', 'Ms.', 'Firstname', 'Lastname', 'F', '2.0021E+13', '5330516121.jpg'),
('5330518421', 'นาย', 'หริพันธ์', 'วงษ์สุวรรณ', 'Mr.', 'Firstname', 'Lastname', 'M', '2.0021E+13', '5330518421.jpg'),
('5330520621', 'นาย', 'อธิพงศ์', 'ภู่วราวุฒิพานิช', 'Mr.', 'Firstname', 'Lastname', 'M', '2.0021E+13', '5330520621.jpg'),
('5330522921', 'นาย', 'อภิธาน', 'ธาราจันทร์', 'Mr.', 'Firstname', 'Lastname', 'M', '2.0021E+13', '5330522921.jpg'),
('5330524121', 'นาย', 'อภิวัฒน์', 'ปานาราช', 'Mr.', 'Firstname', 'Lastname', 'M', '2.0021E+13', '5330524121.jpg'),
('5330525821', 'นาย', 'อภิวิชญ์', 'พวงศรีเจริญ', 'Mr.', 'Firstname', 'Lastname', 'M', '2.0021E+13', '5330525821.jpg'),
('5330526421', 'นาย', 'อภิสร', 'อังศุศิริพงศ์', 'Mr.', 'Firstname', 'Lastname', 'M', '2.0021E+13', '5330526421.jpg'),
('5330527021', 'นาย', 'อภิสิทธิ์', 'บุญศิริ', 'Mr.', 'Firstname', 'Lastname', 'M', '2.0021E+13', '5330527021.jpg'),
('5330528721', 'นาย', 'อมร', 'กิติชัยวัฒน์', 'Mr.', 'Firstname', 'Lastname', 'M', '2.0021E+13', '5330528721.jpg'),
('5330531521', 'นางสาว', 'อริส', 'เหลืองวรัญญู', 'Ms.', 'Firstname', 'Lastname', 'F', '2.0021E+13', '5330531521.jpg'),
('5330532121', 'นางสาว', 'อริสา', 'ไพศาขมาศ', 'Ms.', 'Firstname', 'Lastname', 'F', '2.0021E+13', '5330532121.jpg'),
('5330533821', 'นาย', 'อรุณ', 'แสงอลังการ', 'Mr.', 'Firstname', 'Lastname', 'M', '2.0021E+13', '5330533821.jpg'),
('5330534421', 'นาย', 'อัคร', 'กลิ่นจันทร์', 'Mr.', 'Firstname', 'Lastname', 'M', '2.0021E+13', '5330534421.jpg'),
('5330537321', 'นางสาว', 'อัญญดา', 'อัศวโภคิน', 'Ms.', 'Firstname', 'Lastname', 'F', '2.0021E+13', '5330537321.jpg'),
('5330538021', 'นาย', 'อาณัติ', 'คล้ายสุบรรณ', 'Mr.', 'Firstname', 'Lastname', 'M', '2.0021E+13', '5330538021.jpg'),
('5330539621', 'นาย', 'อาณิก', 'อุทัยวนิชวัฒนา', 'Mr.', 'Firstname', 'Lastname', 'M', '2.0021E+13', '5330539621.jpg'),
('5330540121', 'นาย', 'อาทิติย์', 'ฉัตรธเนศ', 'Mr.', 'Firstname', 'Lastname', 'M', '2.0021E+13', '5330540121.jpg'),
('5330541821', 'นาย', 'อานนท์', 'เป็นไทย', 'Mr.', 'Firstname', 'Lastname', 'M', '2.0021E+13', '5330541821.jpg'),
('5330542421', 'นาย', 'อานนท์', 'สุนทรหุต', 'Mr.', 'Firstname', 'Lastname', 'M', '2.0021E+13', '5330542421.jpg'),
('5330543021', 'นาย', 'อานันท์', 'ชัยพิภพ', 'Mr.', 'Firstname', 'Lastname', 'M', '2.0021E+13', '5330543021.jpg'),
('5330544721', 'นาย', 'อานันท์', 'ประเสริฐรุ่งเรือง', 'Mr.', 'Firstname', 'Lastname', 'M', '2.0021E+13', '5330544721.jpg'),
('5330547621', 'นางสาว', 'อาศิรา', 'วิจิตรทองเรือง', 'Ms.', 'Firstname', 'Lastname', 'F', '2.0021E+13', '5330547621.jpg'),
('5330548221', 'นาย', 'อิชยะ', 'ศิลา', 'Mr.', 'Firstname', 'Lastname', 'M', '2.0021E+13', '5330548221.jpg'),
('5330549921', 'นาย', 'อินทร', 'เชิดชูธรรม', 'Mr.', 'Firstname', 'Lastname', 'M', '2.0021E+13', '5330549921.jpg'),
('5330550421', 'นาย', 'เอกชัย', 'เตชะกุลถาวร', 'Mr.', 'Firstname', 'Lastname', 'M', '2.0021E+13', '5330550421.jpg'),
('5330552721', 'นาย', 'เอกธนบุตร', 'เจตะวัฒนะ', 'Mr.', 'Firstname', 'Lastname', 'M', '2.0021E+13', '5330552721.jpg'),
('5330553321', 'นาย', 'เอกภพ', 'รุจิระประภาส', 'Mr.', 'Firstname', 'Lastname', 'M', '2.0021E+13', '5330553321.jpg'),
('5330554021', 'นาย', 'เอกรัตน์', 'สุธีจิตสิริ', 'Mr.', 'Firstname', 'Lastname', 'M', '2.0021E+13', '5330554021.jpg'),
('5330556221', 'นาย', 'โอฬาร', 'เอื้อวิทยาศุภร', 'Mr.', 'Firstname', 'Lastname', 'M', '2.0021E+13', '5330556221.jpg'),
('5330557921', 'นาย', 'สัณหวัช', 'ณ นคร', 'Mr.', 'Firstname', 'Lastname', 'M', '2.0021E+13', '5330557921.jpg'),
('5330558521', 'นาย', 'นรนาถ', 'เวษฎาพันธุ์', 'Mr.', 'Firstname', 'Lastname', 'M', '2.0021E+13', '5330558521.jpg'),
('5330559121', 'นาย', 'กันต์', 'เจริญชลวานิช', 'Mr.', 'Firstname', 'Lastname', 'M', '2.0021E+13', '5330559121.jpg'),
('5330802621', 'นางสาว', 'กรวรรณ', 'เข็มทอง', 'Ms.', 'Firstname', 'Lastname', 'F', '2.0021E+13', '5330802621.jpg'),
('5330804921', 'นาย', 'กานต์', 'ธนเศรษฐกร', 'Mr.', 'Firstname', 'Lastname', 'M', '2.0021E+13', '5330804921.jpg'),
('5330805521', 'นางสาว', 'กิติยา', 'ปุสันเทียะ', 'Ms.', 'Firstname', 'Lastname', 'F', '2.0021E+13', '5330805521.jpg'),
('5330806121', 'นาย', 'จักรพงษ์', 'แก้วสุวรรณ', 'Mr.', 'Firstname', 'Lastname', 'M', '2.0021E+13', '5330806121.jpg'),
('5330807821', 'นาย', 'ชนกันต์', 'พอจิต', 'Mr.', 'Firstname', 'Lastname', 'M', '2.0021E+13', '5330807821.jpg'),
('5330808421', 'นาย', 'ชนสรณ์', 'ยงยศรุ่งเรือง', 'Mr.', 'Firstname', 'Lastname', 'M', '2.0021E+13', '5330808421.jpg'),
('5330811221', 'นาย', 'ชัยพร', 'กิจประชา', 'Mr.', 'Firstname', 'Lastname', 'M', '2.0021E+13', '5330811221.jpg'),
('5330812921', 'นาย', 'ณัฐสรณ์', 'คุปตะวาณิช', 'Mr.', 'Firstname', 'Lastname', 'M', '2.0021E+13', '5330812921.jpg'),
('5330813521', 'นาย', 'ณิชากรณ์', 'กิตติวินิชนันท์', 'Mr.', 'Firstname', 'Lastname', 'M', '2.0021E+13', '5330813521.jpg'),
('5330814121', 'นางสาว', 'ธนภรณ์', 'วาระเสน', 'Ms.', 'Firstname', 'Lastname', 'F', '2.0021E+13', '5330814121.jpg'),
('5330818721', 'นาย', 'ภัทร', 'ภานุภาพ', 'Mr.', 'Firstname', 'Lastname', 'M', '2.0021E+13', '5330818721.jpg'),
('5330819321', 'นาย', 'ภัทรชัย', 'วิโรจนะ', 'Mr.', 'Firstname', 'Lastname', 'M', '2.0021E+13', '5330819321.jpg'),
('5330820921', 'นาย', 'ภูร์อิชย์', 'จงสุขกิจพานิต', 'Mr.', 'Firstname', 'Lastname', 'M', '2.0021E+13', '5330820921.jpg'),
('5330821521', 'นาย', 'เมธาวี', 'ถั่วทอง', 'Mr.', 'Firstname', 'Lastname', 'M', '2.0021E+13', '5330821521.jpg'),
('5330822121', 'นาย', 'รุ่งโรจน์', 'เจริญยศ', 'Mr.', 'Firstname', 'Lastname', 'M', '2.0021E+13', '5330822121.jpg'),
('5330823821', 'นาย', 'วรทัต', 'ใจพิทักษ์เจริญ', 'Mr.', 'Firstname', 'Lastname', 'M', '2.0021E+13', '5330823821.jpg'),
('5330824421', 'นาย', 'วรวิช', 'กำธรกิตติกุล', 'Mr.', 'Firstname', 'Lastname', 'M', '2.0021E+13', '5330824421.jpg'),
('5330825021', 'นาย', 'วริทธิ์', 'ชยาวิวัฒน์กุล', 'Mr.', 'Firstname', 'Lastname', 'M', '2.0021E+13', '5330825021.jpg'),
('5330826721', 'นาย', 'วัชรพงศ์', 'ศรีเจริญสุขภาค', 'Mr.', 'Firstname', 'Lastname', 'M', '2.0021E+13', '5330826721.jpg'),
('5330830121', 'นาย', 'ศรุต', 'ธรรมะวัจนพันธุ', 'Mr.', 'Firstname', 'Lastname', 'M', '2.0021E+13', '5330830121.jpg'),
('5330833021', 'นางสาว', 'อริสรา', 'กาญจนเอกรินทร์', 'Ms.', 'Firstname', 'Lastname', 'F', '2.0021E+13', '5330833021.jpg'),
('5330834721', 'นางสาว', 'สิวะกาญจน์', 'ศรีประเสริฐ', 'Ms.', 'Firstname', 'Lastname', 'F', '2.0021E+13', '5330834721.jpg'),
('5330901021', 'นาย', 'พรประคัลภ์', 'เกิดนวล', 'Mr.', 'Firstname', 'Lastname', 'M', '2.0021E+13', '5330901021.jpg'),
('5330902721', 'นาย', 'ปัณณ์จคุณ', 'โพธิชาพันธุ์', 'Mr.', 'Firstname', 'Lastname', 'M', '2.0021E+13', '5330902721.jpg'),
('5330903321', 'นาย', 'กวิศ', 'แซ่ตั้ง', 'Mr.', 'Firstname', 'Lastname', 'M', '2.0021E+13', '5330903321.jpg'),
('5330905621', 'นางสาว', 'ภัทรปภา', 'นาคหล่อ', 'Ms.', 'Firstname', 'Lastname', 'F', '2.0021E+13', '5330905621.jpg'),
('5330906221', 'นาย', 'ฉัตรธนา', 'สวัสดี', 'Mr.', 'Firstname', 'Lastname', 'M', '2.0021E+13', '5330906221.jpg'),
('5330907921', 'นาย', 'ชาคริต', 'ปักษ์ประจำ', 'Mr.', 'Firstname', 'Lastname', 'M', '2.0021E+13', '5330907921.jpg'),
('5330910721', 'นาย', 'ธนวิทย์', 'โคตรโสภา', 'Mr.', 'Firstname', 'Lastname', 'M', '2.0021E+13', '5330910721.jpg'),
('5330911321', 'นาย', 'นนทวัฒน์', 'เกษร', 'Mr.', 'Firstname', 'Lastname', 'M', '2.0021E+13', '5330911321.jpg'),
('5330912021', 'นาย', 'นันทัช', 'อนันตกิจโอฬาร', 'Mr.', 'Firstname', 'Lastname', 'M', '2.0021E+13', '5330912021.jpg'),
('5330913621', 'นาย', 'ปิยวัฒน์', 'เอกธัญวงศ์', 'Mr.', 'Firstname', 'Lastname', 'M', '2.0021E+13', '5330913621.jpg'),
('5330914221', 'นางสาว', 'พิชชา', 'วิริยางกูร', 'Ms.', 'Firstname', 'Lastname', 'F', '2.0021E+13', '5330914221.jpg'),
('5330915921', 'นางสาว', 'ภัฐธิรา', 'หงษ์ทอง', 'Ms.', 'Firstname', 'Lastname', 'F', '2.0021E+13', '5330915921.jpg'),
('5330916521', 'นาย', 'ภัทรพงศ์', 'ปันต๊ะ', 'Mr.', 'Firstname', 'Lastname', 'M', '2.0021E+13', '5330916521.jpg'),
('5330917121', 'นางสาว', 'ภาชิณี', 'สารา', 'Ms.', 'Firstname', 'Lastname', 'F', '2.0021E+13', '5330917121.jpg'),
('5330919421', 'นาย', 'รสินท์', 'เอี้ยวสกุล', 'Mr.', 'Firstname', 'Lastname', 'M', '2.0021E+13', '5330919421.jpg'),
('5330921621', 'นาย', 'สุชล', 'วีระวัฒนานันท์', 'Mr.', 'Firstname', 'Lastname', 'M', '2.0021E+13', '5330921621.jpg'),
('5330922221', 'นาย', 'สุรยศ', 'โศภิตพงศ์', 'Mr.', 'Firstname', 'Lastname', 'M', '2.0021E+13', '5330922221.jpg'),
('5331001421', 'นาย', 'กรกฤต', 'สีมาคุปต์', 'Mr.', 'Firstname', 'Lastname', 'M', '2.0021E+13', '5331001421.jpg'),
('5331003721', 'นาย', 'กฤษณพงษ์', 'รูปกลม', 'Mr.', 'Firstname', 'Lastname', 'M', '2.0021E+13', '5331003721.jpg'),
('5331004321', 'นาย', 'กิตติ', 'หฤทัยสดใส', 'Mr.', 'Firstname', 'Lastname', 'M', '2.0021E+13', '5331004321.jpg'),
('5331006621', 'นาย', 'คณาธิป', 'สันตยานนท์', 'Mr.', 'Firstname', 'Lastname', 'M', '2.0021E+13', '5331006621.jpg'),
('5331007221', 'นาย', 'จักรพรรดิ์', 'สายทอง', 'Mr.', 'Firstname', 'Lastname', 'M', '2.0021E+13', '5331007221.jpg'),
('5331008921', 'นาย', 'ชนะชัย', 'เลิศบุญยพันธ์', 'Mr.', 'Firstname', 'Lastname', 'M', '2.0021E+13', '5331008921.jpg'),
('5331009521', 'นางสาว', 'ชัญญานุช', 'จันทโชติวรรณ', 'Ms.', 'Firstname', 'Lastname', 'F', '2.0021E+13', '5331009521.jpg'),
('5331010021', 'นาย', 'ชินวัฒน์', 'เทพหัสดิน ณ อยุธยา', 'Mr.', 'Firstname', 'Lastname', 'M', '2.0021E+13', '5331010021.jpg'),
('5331011721', 'นาย', 'ฐิติพันธ์', 'วรรณกิจมงคล', 'Mr.', 'Firstname', 'Lastname', 'M', '2.0021E+13', '5331011721.jpg'),
('5331012321', 'นาย', 'ณพสิทธิ์', 'พิพิธพัฒนาปราปต์', 'Mr.', 'Firstname', 'Lastname', 'M', '2.0021E+13', '5331012321.jpg'),
('5331013021', 'นางสาว', 'ณฤทัย', 'ทองผาสุข', 'Ms.', 'Firstname', 'Lastname', 'F', '2.0021E+13', '5331013021.jpg'),
('5331015221', 'นางสาว', 'ณัฐณิชา', 'มณีแสง', 'Ms.', 'Firstname', 'Lastname', 'F', '2.0021E+13', '5331015221.jpg'),
('5331016921', 'นาย', 'ณัฐณพัชร์', 'กวิพรรธน์', 'Mr.', 'Firstname', 'Lastname', 'M', '2.0021E+13', '5331016921.jpg'),
('5331018121', 'นาย', 'ณัฐวัตร', 'อำนวยหาญ', 'Mr.', 'Firstname', 'Lastname', 'M', '2.0021E+13', '5331018121.jpg'),
('5331019821', 'นาย', 'ณัฐวุฒิ', 'คิดดี', 'Mr.', 'Firstname', 'Lastname', 'M', '2.0021E+13', '5331019821.jpg'),
('5331020321', 'นาย', 'เตชิต', 'ลิ้มติยะกุล', 'Mr.', 'Firstname', 'Lastname', 'M', '2.0021E+13', '5331020321.jpg'),
('5331024921', 'นาย', 'ธนดี', 'หวังโรจนรัตน์', 'Mr.', 'Firstname', 'Lastname', 'M', '2.0021E+13', '5331024921.jpg'),
('5331025521', 'นาย', 'ธนพล', 'ตันตินิกร', 'Mr.', 'Firstname', 'Lastname', 'M', '2.0021E+13', '5331025521.jpg'),
('5331026121', 'นาย', 'ธนภัทร', 'เรืองสาตรา', 'Mr.', 'Firstname', 'Lastname', 'M', '2.0021E+13', '5331026121.jpg'),
('5331027821', 'นาย', 'ธนวัฒน์', 'หล่อวิทยโอฬาร', 'Mr.', 'Firstname', 'Lastname', 'M', '2.0021E+13', '5331027821.jpg'),
('5331028421', 'นาย', 'ธนวุฒิ', 'อนันต์พิริยะกุล', 'Mr.', 'Firstname', 'Lastname', 'M', '2.0021E+13', '5331028421.jpg'),
('5331029021', 'นาย', 'ธนัท', 'ชมรัตนสุวรรณ', 'Mr.', 'Firstname', 'Lastname', 'M', '2.0021E+13', '5331029021.jpg'),
('5331030621', 'นาย', 'ธีรภัทร', 'เก้าเอี้ยน', 'Mr.', 'Firstname', 'Lastname', 'M', '2.0021E+13', '5331030621.jpg'),
('5331032921', 'นาย', 'นวพรรษ', 'อาวิพันธุ์', 'Mr.', 'Firstname', 'Lastname', 'M', '2.0021E+13', '5331032921.jpg'),
('5331033521', 'นาย', 'นาถวัฒน์', 'คุณขุนทด', 'Mr.', 'Firstname', 'Lastname', 'M', '2.0021E+13', '5331033521.jpg'),
('5331035821', 'นาย', 'ปรมัตถ์', 'ชนบดีเฉลิมรุ่ง', 'Mr.', 'Firstname', 'Lastname', 'M', '2.0021E+13', '5331035821.jpg'),
('5331036421', 'นาย', 'ปรัชญา', 'วงษ์จงรัก', 'Mr.', 'Firstname', 'Lastname', 'M', '2.0021E+13', '5331036421.jpg'),
('5331037021', 'นางสาว', 'ปวีณา', 'ปัชชา', 'Ms.', 'Firstname', 'Lastname', 'F', '2.0021E+13', '5331037021.jpg'),
('5331038721', 'นางสาว', 'ปานชีวา', 'อารยะชีพปรีชา', 'Ms.', 'Firstname', 'Lastname', 'F', '2.0021E+13', '5331038721.jpg'),
('5331039321', 'นาย', 'ปิยะพันธ์', 'ภูมิศิริวิไล', 'Mr.', 'Firstname', 'Lastname', 'M', '2.0021E+13', '5331039321.jpg'),
('5331040921', 'นาย', 'ปิยะวัฒน์', 'สาครสุขกิจ', 'Mr.', 'Firstname', 'Lastname', 'M', '2.0021E+13', '5331040921.jpg'),
('5331041521', 'นาย', 'ปุณณวัชร', 'จงพาณิชย์กุลธร', 'Mr.', 'Firstname', 'Lastname', 'M', '2.0021E+13', '5331041521.jpg'),
('5331043821', 'นาย', 'พชร', 'สวนศิลป์พงศ์', 'Mr.', 'Firstname', 'Lastname', 'M', '2.0021E+13', '5331043821.jpg'),
('5331044421', 'นางสาว', 'พิรญาณ์', 'วงษ์นิมมาน', 'Ms.', 'Firstname', 'Lastname', 'F', '2.0021E+13', '5331044421.jpg'),
('5331045021', 'นาย', 'พีรณัฐ', 'ชัยวิสุทธิ์', 'Mr.', 'Firstname', 'Lastname', 'M', '2.0021E+13', '5331045021.jpg');
INSERT INTO `student` (`student_id`, `th_prefix`, `th_firstname`, `th_lastname`, `en_prefix`, `en_firstname`, `en_lastname`, `gender`, `barcode`, `picture_path`) VALUES
('5331046721', 'นางสาว', 'แพรวพิสุทธิ์', 'ศรีอยู่พุ่ม', 'Ms.', 'Firstname', 'Lastname', 'F', '2.0021E+13', '5331046721.jpg'),
('5331047321', 'นาย', 'ภคภณ', 'แก้วมาก', 'Mr.', 'Firstname', 'Lastname', 'M', '2.0021E+13', '5331047321.jpg'),
('5331050121', 'นาย', 'ภากร', 'สุระชิต', 'Mr.', 'Firstname', 'Lastname', 'M', '2.0021E+13', '5331050121.jpg'),
('5331051821', 'นาย', 'ภาสกร', 'ทองสันตติ์', 'Mr.', 'Firstname', 'Lastname', 'M', '2.0021E+13', '5331051821.jpg'),
('5331052421', 'นาย', 'ภาสันต์', 'จุลศักดิ์ศรีสกุล', 'Mr.', 'Firstname', 'Lastname', 'M', '2.0021E+13', '5331052421.jpg'),
('5331053021', 'นาย', 'ภูวิศ', 'ไชยวรรณ์', 'Mr.', 'Firstname', 'Lastname', 'M', '2.0021E+13', '5331053021.jpg'),
('5331054721', 'นาย', 'รชฎ', 'มิ่งขวัญ', 'Mr.', 'Firstname', 'Lastname', 'M', '2.0021E+13', '5331054721.jpg'),
('5331055321', 'นาย', 'รชต', 'ต่อศิริสุข', 'Mr.', 'Firstname', 'Lastname', 'M', '2.0021E+13', '5331055321.jpg'),
('5331056021', 'นาย', 'รชานันท์', 'สมุทรานุกูล', 'Mr.', 'Firstname', 'Lastname', 'M', '2.0021E+13', '5331056021.jpg'),
('5331057621', 'นาย', 'ระพีพันธ์', 'ดรุณกานต์', 'Mr.', 'Firstname', 'Lastname', 'M', '2.0021E+13', '5331057621.jpg'),
('5331058221', 'นาย', 'ล่ำซำ', 'ทองสีนุช', 'Mr.', 'Firstname', 'Lastname', 'M', '2.0021E+13', '5331058221.jpg'),
('5331061021', 'นาย', 'วัศพล', 'ธีรวนพันธุ์', 'Mr.', 'Firstname', 'Lastname', 'M', '2.0021E+13', '5331061021.jpg'),
('5331067921', 'นาย', 'ศุภกฤต', 'บวรธรรมปิติ', 'Mr.', 'Firstname', 'Lastname', 'M', '2.0021E+13', '5331067921.jpg'),
('5331068521', 'นาย', 'ศุภฤกษ์', 'ประเสริฐธรรม', 'Mr.', 'Firstname', 'Lastname', 'M', '2.0021E+13', '5331068521.jpg'),
('5331069121', 'นาย', 'ศุภวัฒน์', 'สุขสันติสวัสดิ์', 'Mr.', 'Firstname', 'Lastname', 'M', '2.0021E+13', '5331069121.jpg'),
('5331070721', 'นาย', 'สถาพร', 'วิญญุนาวรรณ', 'Mr.', 'Firstname', 'Lastname', 'M', '2.0021E+13', '5331070721.jpg'),
('5331072021', 'นางสาว', 'สัญนันท์', 'ชูโชติแก้ว', 'Ms.', 'Firstname', 'Lastname', 'F', '2.0021E+13', '5331072021.jpg'),
('5331074221', 'นาย', 'อภิชัย', 'ดอกไม้', 'Mr.', 'Firstname', 'Lastname', 'M', '2.0021E+13', '5331074221.jpg'),
('5331075921', 'นาย', 'อาวุฒิ', 'เตชะวีรพงศ์', 'Mr.', 'Firstname', 'Lastname', 'M', '2.0021E+13', '5331075921.jpg'),
('5331076521', 'นาย', 'เอกสิทธิ์', 'สุภานันท์', 'Mr.', 'Firstname', 'Lastname', 'M', '2.0021E+13', '5331076521.jpg'),
('5331077121', 'นาย', 'อิทธิวัฒน์', 'ขรขันฑ์', 'Mr.', 'Firstname', 'Lastname', 'M', '2.0021E+13', '5331077121.jpg'),
('5331201621', 'นาย', 'กฤตยศ', 'สายวิไล', 'Mr.', 'Firstname', 'Lastname', 'M', '2.0021E+13', '5331201621.jpg'),
('5331202221', 'นางสาว', 'กฤติยา', 'วอง', 'Ms.', 'Firstname', 'Lastname', 'F', '2.0021E+13', '5331202221.jpg'),
('5331203921', 'นาย', 'กวิน', 'มาลฮอตรา', 'Mr.', 'Firstname', 'Lastname', 'M', '2.0021E+13', '5331203921.jpg'),
('5331204521', 'นาย', 'กษิดิศ', 'กิตติไพศาลศิลป์', 'Mr.', 'Firstname', 'Lastname', 'M', '2.0021E+13', '5331204521.jpg'),
('5331205121', 'นาย', 'กษิดิศ', 'ศฤงคไพบูลย์', 'Mr.', 'Firstname', 'Lastname', 'M', '2.0021E+13', '5331205121.jpg'),
('5331206821', 'นาย', 'คณิน', 'วัชรประเสริฐชัย', 'Mr.', 'Firstname', 'Lastname', 'M', '2.0021E+13', '5331206821.jpg'),
('5331207421', 'นาย', 'คริททิซ', 'ดาก้า', 'Mr.', 'Firstname', 'Lastname', 'M', '2.0021E+13', '5331207421.jpg'),
('5331209721', 'นาย', 'จักรภัทร', 'ตั้งทรงเจริญ', 'Mr.', 'Firstname', 'Lastname', 'M', '2.0021E+13', '5331209721.jpg'),
('5331210221', 'นาย', 'จิรทรรศน์', 'ศุภปัณฑิตา', 'Mr.', 'Firstname', 'Lastname', 'M', '2.0021E+13', '5331210221.jpg'),
('5331211921', 'นางสาว', 'จิรัฏฐ์อร', 'สิริภานันท์', 'Ms.', 'Firstname', 'Lastname', 'F', '2.0021E+13', '5331211921.jpg'),
('5331212521', 'นางสาว', 'จิราธิป', 'ขจรกุลวณิชย์', 'Ms.', 'Firstname', 'Lastname', 'F', '2.0021E+13', '5331212521.jpg'),
('5331213121', 'นางสาว', 'จุฬาลักษณ์', 'เมธากิจตระกูล', 'Ms.', 'Firstname', 'Lastname', 'F', '2.0021E+13', '5331213121.jpg'),
('5331215421', 'นางสาว', 'ชญาภา', 'จุณณานนท์', 'Ms.', 'Firstname', 'Lastname', 'F', '2.0021E+13', '5331215421.jpg'),
('5331216021', 'นาย', 'ชยุตพงศ์', 'วงศ์พัฒนาสิน', 'Mr.', 'Firstname', 'Lastname', 'M', '2.0021E+13', '5331216021.jpg'),
('5331217721', 'นาย', 'ชยุตม์', 'เกียรติไกรภพ', 'Mr.', 'Firstname', 'Lastname', 'M', '2.0021E+13', '5331217721.jpg'),
('5331218321', 'นาย', 'ชลัท', 'หลิ่วผลวณิชย์', 'Mr.', 'Firstname', 'Lastname', 'M', '2.0021E+13', '5331218321.jpg'),
('5331219021', 'นาย', 'ชัชนนท์', 'ชินเวชกิจวานิชย์', 'Mr.', 'Firstname', 'Lastname', 'M', '2.0021E+13', '5331219021.jpg'),
('5331220521', 'นาย', 'ชัชพงศ์', 'อินทรการุณเวช', 'Mr.', 'Firstname', 'Lastname', 'M', '2.0021E+13', '5331220521.jpg'),
('5331223421', 'นาย', 'ฐิติภัทร์', 'อ่าวสถาพร', 'Mr.', 'Firstname', 'Lastname', 'M', '2.0021E+13', '5331223421.jpg'),
('5331225721', 'นาย', 'ณภัทร', 'แซ่ลิ่ม', 'Mr.', 'Firstname', 'Lastname', 'M', '2.0021E+13', '5331225721.jpg'),
('5331226321', 'นาย', 'ณภัทร', 'ภัทรศิริน', 'Mr.', 'Firstname', 'Lastname', 'M', '2.0021E+13', '5331226321.jpg'),
('5331227021', 'นางสาว', 'ณภัทร', 'โรจนมณเฑียร', 'Ms.', 'Firstname', 'Lastname', 'F', '2.0021E+13', '5331227021.jpg'),
('5331228621', 'นางสาว', 'ณภัทร', 'วิชชาบุญศิริ', 'Ms.', 'Firstname', 'Lastname', 'F', '2.0021E+13', '5331228621.jpg'),
('5331229221', 'นาย', 'ณัฐ', 'สว่างพาณิชย์', 'Mr.', 'Firstname', 'Lastname', 'M', '2.0021E+13', '5331229221.jpg'),
('5331230821', 'นาย', 'ณัฐพงษ์', 'สกุลวัชรโยธิน', 'Mr.', 'Firstname', 'Lastname', 'M', '2.0021E+13', '5331230821.jpg'),
('5331231421', 'นาย', 'นราเศรษฐ์', 'ศรีชวนันท์', 'Mr.', 'Firstname', 'Lastname', 'M', '2.0021E+13', '5331231421.jpg'),
('5331232021', 'นาย', 'เดชา', 'เทสาภิรัติ', 'Mr.', 'Firstname', 'Lastname', 'M', '2.0021E+13', '5331232021.jpg'),
('5331233721', 'นาย', 'ทน', 'จิโรภาส', 'Mr.', 'Firstname', 'Lastname', 'M', '2.0021E+13', '5331233721.jpg'),
('5331234321', 'นาย', 'ธนดล', 'สุวณิชย์', 'Mr.', 'Firstname', 'Lastname', 'M', '2.0021E+13', '5331234321.jpg'),
('5331235021', 'นาย', 'ธนภูมิ', 'เลิศจันทร์เพ็ญ', 'Mr.', 'Firstname', 'Lastname', 'M', '2.0021E+13', '5331235021.jpg'),
('5331236621', 'นาย', 'ธนฤทธิ์', 'ส่งทานินทร์', 'Mr.', 'Firstname', 'Lastname', 'M', '2.0021E+13', '5331236621.jpg'),
('5331237221', 'นาย', 'ธนวัต', 'เทิดวิกรานต์', 'Mr.', 'Firstname', 'Lastname', 'M', '2.0021E+13', '5331237221.jpg'),
('5331238921', 'นางสาว', 'ธนัชพร', 'ธำรงค์ธนกิจ', 'Ms.', 'Firstname', 'Lastname', 'F', '2.0021E+13', '5331238921.jpg'),
('5331241721', 'นาย', 'ธรรมมงคล', 'แสงมานะเจริญ', 'Mr.', 'Firstname', 'Lastname', 'M', '2.0021E+13', '5331241721.jpg'),
('5331243021', 'นาย', 'ธัช', 'สุขธงไชยกูล', 'Mr.', 'Firstname', 'Lastname', 'M', '2.0021E+13', '5331243021.jpg'),
('5331245221', 'นาย', 'ธิตินันท์', 'พงษ์ดำบรรณ์', 'Mr.', 'Firstname', 'Lastname', 'M', '2.0021E+13', '5331245221.jpg'),
('5331247521', 'นาย', 'ธีรัตม์', 'เลิศไพชัยยนต์', 'Mr.', 'Firstname', 'Lastname', 'M', '2.0021E+13', '5331247521.jpg'),
('5331248121', 'นางสาว', 'นารีรัชชุ์', 'มุทธาธาร', 'Ms.', 'Firstname', 'Lastname', 'F', '2.0021E+13', '5331248121.jpg'),
('5331249821', 'นางสาว', 'บุลพร', 'ธำรงธัญลักษณ์', 'Ms.', 'Firstname', 'Lastname', 'F', '2.0021E+13', '5331249821.jpg'),
('5331250321', 'นาย', 'ปวิตร', 'อนุกูลการย์', 'Mr.', 'Firstname', 'Lastname', 'M', '2.0021E+13', '5331250321.jpg'),
('5331251021', 'นาย', 'ปารัช', 'จรัสจรุงเกียรติ', 'Mr.', 'Firstname', 'Lastname', 'M', '2.0021E+13', '5331251021.jpg'),
('5331252621', 'นาย', 'ปีติ', 'ขาววิสุทธิ์', 'Mr.', 'Firstname', 'Lastname', 'M', '2.0021E+13', '5331252621.jpg'),
('5331254921', 'นาย', 'พงศ์ภัคกานต์', 'ด่านวิบูลย์', 'Mr.', 'Firstname', 'Lastname', 'M', '2.0021E+13', '5331254921.jpg'),
('5331255521', 'นางสาว', 'พัชรณัฐ', 'พึ่งตน', 'Ms.', 'Firstname', 'Lastname', 'F', '2.0021E+13', '5331255521.jpg'),
('5331260621', 'นาย', 'พีรพงศ์', 'เบญจรุ่งโรจน์', 'Mr.', 'Firstname', 'Lastname', 'M', '2.0021E+13', '5331260621.jpg'),
('5331261221', 'นาย', 'พูน', 'วุฒิกุลเจริญวงศ์', 'Mr.', 'Firstname', 'Lastname', 'M', '2.0021E+13', '5331261221.jpg'),
('5331262921', 'นาย', 'เพิ่มสกุล', 'เรืองรักษ์ลิขิต', 'Mr.', 'Firstname', 'Lastname', 'M', '2.0021E+13', '5331262921.jpg'),
('5331263521', 'นาย', 'ไพสิษฐ์', 'ตลอดสุข', 'Mr.', 'Firstname', 'Lastname', 'M', '2.0021E+13', '5331263521.jpg'),
('5331264121', 'นาย', 'ภากร', 'อมรพัชระ', 'Mr.', 'Firstname', 'Lastname', 'M', '2.0021E+13', '5331264121.jpg'),
('5331265821', 'นางสาว', 'ภาชรี', 'ฑูรกฤษณา', 'Ms.', 'Firstname', 'Lastname', 'F', '2.0021E+13', '5331265821.jpg'),
('5331266421', 'นาย', 'ภาธร', 'สุทธิขจรกิจการ', 'Mr.', 'Firstname', 'Lastname', 'M', '2.0021E+13', '5331266421.jpg'),
('5331267021', 'นางสาว', 'มณทิรา', 'กูรมะสุวรรณ', 'Ms.', 'Firstname', 'Lastname', 'F', '2.0021E+13', '5331267021.jpg'),
('5331268721', 'นาย', 'มารวย', 'ตั้งมิตรประชา', 'Mr.', 'Firstname', 'Lastname', 'M', '2.0021E+13', '5331268721.jpg'),
('5331269321', 'นาย', 'ยุคลเทพ', 'วิเศษสมิต', 'Mr.', 'Firstname', 'Lastname', 'M', '2.0021E+13', '5331269321.jpg'),
('5331271521', 'นาย', 'รัฐพล', 'วิริยะพันธุ์', 'Mr.', 'Firstname', 'Lastname', 'M', '2.0021E+13', '5331271521.jpg'),
('5331273821', 'นางสาว', 'ลักษิกา', 'ณ สงขลา', 'Ms.', 'Firstname', 'Lastname', 'F', '2.0021E+13', '5331273821.jpg'),
('5331274421', 'นางสาว', 'วรันธร', 'เทพบัญชาพร', 'Ms.', 'Firstname', 'Lastname', 'F', '2.0021E+13', '5331274421.jpg'),
('5331276721', 'นาย', 'รภัสสิทธิ์', 'ลีละชัยกุล', 'Mr.', 'Firstname', 'Lastname', 'M', '2.0021E+13', '5331276721.jpg'),
('5331277321', 'นาย', 'วศิน', 'โตเจริญ', 'Mr.', 'Firstname', 'Lastname', 'M', '2.0021E+13', '5331277321.jpg'),
('5331278021', 'นาย', 'วิชเรศ', 'บุญจิตต์พิมล', 'Mr.', 'Firstname', 'Lastname', 'M', '2.0021E+13', '5331278021.jpg'),
('5331279621', 'นาย', 'วิพล', 'ธนากุลเชฎฐ', 'Mr.', 'Firstname', 'Lastname', 'M', '2.0021E+13', '5331279621.jpg'),
('5331280121', 'นาย', 'วีรพงษ์', 'นภาพงษ์จันทรา', 'Mr.', 'Firstname', 'Lastname', 'M', '2.0021E+13', '5331280121.jpg'),
('5331281821', 'นางสาว', 'ศวิตา', 'ปฏิทัศน์', 'Ms.', 'Firstname', 'Lastname', 'F', '2.0021E+13', '5331281821.jpg'),
('5331282421', 'นาย', 'ศิวัช', 'ยงสวัสดิกุล', 'Mr.', 'Firstname', 'Lastname', 'M', '2.0021E+13', '5331282421.jpg'),
('5331283021', 'นาย', 'ศุทธบุณย์', 'ไทรม้า', 'Mr.', 'Firstname', 'Lastname', 'M', '2.0021E+13', '5331283021.jpg'),
('5331284721', 'นาย', 'ศุภณัฐ', 'โล่ห์จินดารัตน์', 'Mr.', 'Firstname', 'Lastname', 'M', '2.0021E+13', '5331284721.jpg'),
('5331285321', 'นาย', 'ศุภวัฒน์', 'สุรเลิศรังสรรค์', 'Mr.', 'Firstname', 'Lastname', 'M', '2.0021E+13', '5331285321.jpg'),
('5331286021', 'นาย', 'ศุภวิชญ์', 'ทรัพย์พิศาลกุล', 'Mr.', 'Firstname', 'Lastname', 'M', '2.0021E+13', '5331286021.jpg'),
('5331287621', 'นางสาว', 'เศรษฐิตา', 'เลการัตน์', 'Ms.', 'Firstname', 'Lastname', 'F', '2.0021E+13', '5331287621.jpg'),
('5331288221', 'นาย', 'สพล', 'ลิ้มสมวงษ์', 'Mr.', 'Firstname', 'Lastname', 'M', '2.0021E+13', '5331288221.jpg'),
('5331289921', 'นางสาว', 'สรัลพร', 'บุณยรัตพันธุ์', 'Ms.', 'Firstname', 'Lastname', 'F', '2.0021E+13', '5331289921.jpg'),
('5331290421', 'นาย', 'สราวุธ', 'ชีวรัตนาพันธ์', 'Mr.', 'Firstname', 'Lastname', 'M', '2.0021E+13', '5331290421.jpg'),
('5331291021', 'นาย', 'สสิน', 'จันทร์แจ่มจรัส', 'Mr.', 'Firstname', 'Lastname', 'M', '2.0021E+13', '5331291021.jpg'),
('5331292721', 'นาย', 'สันติ', 'วจนพานิช', 'Mr.', 'Firstname', 'Lastname', 'M', '2.0021E+13', '5331292721.jpg'),
('5331293321', 'นาย', 'สันติสุข', 'ประภาอภิรัตน์', 'Mr.', 'Firstname', 'Lastname', 'M', '2.0021E+13', '5331293321.jpg'),
('5331294021', 'นางสาว', 'สุกัญญาพัชรน์', 'ตันติวงษากิจ', 'Ms.', 'Firstname', 'Lastname', 'F', '2.0021E+13', '5331294021.jpg'),
('5331295621', 'นางสาว', 'สุธาวี', 'ติรณสวัสดิ์', 'Ms.', 'Firstname', 'Lastname', 'F', '2.0021E+13', '5331295621.jpg'),
('5331296221', 'นางสาว', 'สุธาสินี', 'ติลกเรืองชัย', 'Ms.', 'Firstname', 'Lastname', 'F', '2.0021E+13', '5331296221.jpg'),
('5331298521', 'นาย', 'สุปรีชา', 'ภัทรสุวรรณ', 'Mr.', 'Firstname', 'Lastname', 'M', '2.0021E+13', '5331298521.jpg'),
('5331299121', 'นาย', 'สุรพัฒน์', 'สมศรี', 'Mr.', 'Firstname', 'Lastname', 'M', '2.0021E+13', '5331299121.jpg'),
('5331300021', 'นาย', 'อภิณัฐ', 'ศิริเผ่าสุวรรณกุล', 'Mr.', 'Firstname', 'Lastname', 'M', '2.0021E+13', '5331300021.jpg'),
('5331301721', 'นาย', 'ภูริต', 'บวรชุติชัย', 'Mr.', 'Firstname', 'Lastname', 'M', '2.0021E+13', '5331301721.jpg'),
('5331303021', 'นางสาว', 'อริสรา', 'อิ่มเอิบ', 'Ms.', 'Firstname', 'Lastname', 'F', '2.0021E+13', '5331303021.jpg'),
('5331304621', 'นาย', 'อานันท์', 'เชาวนโยธิน', 'Mr.', 'Firstname', 'Lastname', 'M', '2.0021E+13', '5331304621.jpg'),
('5331305221', 'นาย', 'อิทธิศักดิ์', 'อัครอภิโภคี', 'Mr.', 'Firstname', 'Lastname', 'M', '2.0021E+13', '5331305221.jpg'),
('5331306921', 'นาย', 'แอริค ปีเตอร์', 'รอสส์', 'Mr.', 'Firstname', 'Lastname', 'M', '2.0021E+13', '5331306921.jpg'),
('5331309821', 'นาย', 'วีรธัช', 'พงษ์เรืองเกียรติ', 'Mr.', 'Firstname', 'Lastname', 'M', '2.0021E+13', '5331309821.jpg'),
('5331311021', 'นาย', 'สุกฤษดิ์', 'รัตนชัยชาญ', 'Mr.', 'Firstname', 'Lastname', 'M', '2.0021E+13', '5331311021.jpg'),
('5331313221', 'นาย', 'เอกชัย', 'ลีลพนัง', 'Mr.', 'Firstname', 'Lastname', 'M', '2.0021E+13', '5331313221.jpg'),
('5331701021', 'นาย', 'คมปัญญา', 'จันทนลาช', 'Mr.', 'Firstname', 'Lastname', 'M', '2.0021E+13', '5331701021.jpg'),
('5331702721', 'นาย', 'ชนินทร์', 'โอภาสกรกุล', 'Mr.', 'Firstname', 'Lastname', 'M', '2.0021E+13', '5331702721.jpg'),
('5331703321', 'นาย', 'ธนวัฒน์', 'เพชรรัตนรังสี', 'Mr.', 'Firstname', 'Lastname', 'M', '2.0021E+13', '5331703321.jpg'),
('5331704021', 'นางสาว', 'เบญจพร', 'ล้อเหล็กเพชร', 'Ms.', 'Firstname', 'Lastname', 'F', '2.0021E+13', '5331704021.jpg'),
('5331706221', 'นาย', 'ธนณัฏฐ์', 'มีนะโยธิน', 'Mr.', 'Firstname', 'Lastname', 'M', '2.0021E+13', '5331706221.jpg'),
('5331707921', 'นาย', 'ภาสวิช', 'ฐานีพานิชสกุล', 'Mr.', 'Firstname', 'Lastname', 'M', '2.0021E+13', '5331707921.jpg'),
('5331710721', 'นาย', 'สุภชาติ', 'เมืองใหญ่', 'Mr.', 'Firstname', 'Lastname', 'M', '2.0021E+13', '5331710721.jpg'),
('5331711321', 'นาย', 'อินทรัตน์', 'พิชญสัจจา', 'Mr.', 'Firstname', 'Lastname', 'M', '2.0021E+13', '5331711321.jpg'),
('5331712021', 'นางสาว', 'ชุติกาญจน์', 'เลิศธัญพันธ์', 'Ms.', 'Firstname', 'Lastname', 'F', '2.0021E+13', '5331712021.jpg'),
('5370204921', 'นาย', 'กิจติศักดิ์', 'รำไพรุจิพงศ์', 'Mr.', 'Firstname', 'Lastname', 'M', '2.0021E+13', '5370204921.jpg'),
('5370209021', 'นาย', 'คมสัน', 'ตันติชูเกียรติ', 'Mr.', 'Firstname', 'Lastname', 'M', '2.0021E+13', '5370209021.jpg'),
('5370217021', 'นางสาว', 'จีราภา', 'เวทีกูล', 'Ms.', 'Firstname', 'Lastname', 'F', '2.0021E+13', '5370217021.jpg'),
('5370218721', 'นางสาว', 'ฉมนรี', 'สุขเกษม', 'Ms.', 'Firstname', 'Lastname', 'F', '2.0021E+13', '5370218721.jpg'),
('5370224421', 'นาย', 'ชัชวาล', 'ศิริปรุ', 'Mr.', 'Firstname', 'Lastname', 'M', '2.0021E+13', '5370224421.jpg'),
('5370231821', 'นาย', 'ณัฐชนนท์', 'ประสมสุข', 'Mr.', 'Firstname', 'Lastname', 'M', '2.0021E+13', '5370231821.jpg'),
('5370233021', 'นางสาว', 'ณัฐณิชา', 'เต็งอำนวย', 'Ms.', 'Firstname', 'Lastname', 'F', '2.0021E+13', '5370233021.jpg'),
('5370234721', 'นาย', 'ณัฐดล', 'อุดมปณิธ', 'Mr.', 'Firstname', 'Lastname', 'M', '2.0021E+13', '5370234721.jpg'),
('5370246221', 'นาย', 'เทพนคร', 'แสงหัวช้าง', 'Mr.', 'Firstname', 'Lastname', 'M', '2.0021E+13', '5370246221.jpg'),
('5370248521', 'นาย', 'ธงชัย', 'อัมพรพะงา', 'Mr.', 'Firstname', 'Lastname', 'M', '2.0021E+13', '5370248521.jpg'),
('5370249121', 'นาย', 'ธนกร', 'เลิศจิระกุล', 'Mr.', 'Firstname', 'Lastname', 'M', '2.0021E+13', '5370249121.jpg'),
('5370251321', 'นางสาว', 'ธนสิตา', 'โชติอนนต์', 'Ms.', 'Firstname', 'Lastname', 'F', '2.0021E+13', '5370251321.jpg'),
('5370256521', 'นาย', 'ธเนศน์', 'วิทยาประภากร', 'Mr.', 'Firstname', 'Lastname', 'M', '2.0021E+13', '5370256521.jpg'),
('5370263921', 'นางสาว', 'นภาจรี', 'แสงสิงห์', 'Ms.', 'Firstname', 'Lastname', 'F', '2.0021E+13', '5370263921.jpg'),
('5370270221', 'นางสาว', 'นีรชา', 'ตรีเดช', 'Ms.', 'Firstname', 'Lastname', 'F', '2.0021E+13', '5370270221.jpg'),
('5370272521', 'นางสาว', 'เบญจวรรณ', 'คำศรี', 'Ms.', 'Firstname', 'Lastname', 'F', '2.0021E+13', '5370272521.jpg'),
('5370273121', 'นาย', 'ปฏิญญา', 'หรรษ์อิทธินันต์', 'Mr.', 'Firstname', 'Lastname', 'M', '2.0021E+13', '5370273121.jpg'),
('5370278321', 'นาย', 'ประกาศศักดิ์', 'เพ็ชรอาภรณ์', 'Mr.', 'Firstname', 'Lastname', 'M', '2.0021E+13', '5370278321.jpg'),
('5370289221', 'นาย', 'พงศกร', 'กองผัด', 'Mr.', 'Firstname', 'Lastname', 'M', '2.0021E+13', '5370289221.jpg'),
('5370296621', 'นางสาว', 'พรรณทภรณ์', 'สิทธิ์พลางกูร', 'Ms.', 'Firstname', 'Lastname', 'F', '2.0021E+13', '5370296621.jpg'),
('5370297221', 'นางสาว', 'พรรณนภา', 'โชคชัยทวี', 'Ms.', 'Firstname', 'Lastname', 'F', '2.0021E+13', '5370297221.jpg'),
('5370304021', 'นาย', 'พลัง', 'วัฒนพานิช', 'Mr.', 'Firstname', 'Lastname', 'M', '2.0021E+13', '5370304021.jpg'),
('5370312021', 'นางสาว', 'เพ็ญพิชญา', 'พินิจธนภาคย์', 'Ms.', 'Firstname', 'Lastname', 'F', '2.0021E+13', '5370312021.jpg'),
('5370332521', 'นางสาว', 'รัชนัน', 'ชำนาญหมอ', 'Ms.', 'Firstname', 'Lastname', 'F', '2.0021E+13', '5370332521.jpg'),
('5370341121', 'นาย', 'วิศรุต', 'เพ็งเลา', 'Mr.', 'Firstname', 'Lastname', 'M', '2.0021E+13', '5370341121.jpg'),
('5370362321', 'นางสาว', 'สินีนารถ', 'ธรรมสุนทร', 'Ms.', 'Firstname', 'Lastname', 'F', '2.0021E+13', '5370362321.jpg'),
('5370363021', 'นางสาว', 'สุกัญญา', 'หมั่นธัม', 'Ms.', 'Firstname', 'Lastname', 'F', '2.0021E+13', '5370363021.jpg'),
('5370367521', 'นาย', 'สุนาท', 'วนไพศาล', 'Mr.', 'Firstname', 'Lastname', 'M', '2.0021E+13', '5370367521.jpg'),
('5370369821', 'นาย', 'สุพัฒน์', 'วงศ์จิรัฐิติกาล', 'Mr.', 'Firstname', 'Lastname', 'M', '2.0021E+13', '5370369821.jpg'),
('5370370321', 'นางสาว', 'สุภารัตน์', 'อุดมเลิศปรีชา', 'Ms.', 'Firstname', 'Lastname', 'F', '2.0021E+13', '5370370321.jpg'),
('5370386421', 'นางสาว', 'อรอินทุ์', 'สีหะกุลัง', 'Ms.', 'Firstname', 'Lastname', 'F', '2.0021E+13', '5370386421.jpg'),
('5370387021', 'นาย', 'อัจฉริย์', 'กรมเมือง', 'Mr.', 'Firstname', 'Lastname', 'M', '2.0021E+13', '5370387021.jpg'),
('5370424621', 'นาย', 'ณรงค์ศักดิ์', 'ราชูการ', 'Mr.', 'Firstname', 'Lastname', 'M', '2.0021E+13', '5370424621.jpg'),
('5370438421', 'นาย', 'ธนากร', 'เพ็ชรขจี', 'Mr.', 'Firstname', 'Lastname', 'M', '2.0021E+13', '5370438421.jpg'),
('5370472721', 'นางสาว', 'แพรวภรณ์', 'พงษ์ภักดี', 'Ms.', 'Firstname', 'Lastname', 'F', '2.0021E+13', '5370472721.jpg'),
('5370481321', 'นางสาว', 'ลลิดา', 'เมฆเสรีวัฒนา', 'Ms.', 'Firstname', 'Lastname', 'F', '2.0021E+13', '5370481321.jpg'),
('5370500621', 'นาย', 'ศุภกิจ', 'เชื้อธนะภิญโญ', 'Mr.', 'Firstname', 'Lastname', 'M', '2.0021E+13', '5370500621.jpg'),
('5370510921', 'นาย', 'สุพัฒน์', 'อิทธาถิรุธ', 'Mr.', 'Firstname', 'Lastname', 'M', '2.0021E+13', '5370510921.jpg'),
('5370512121', 'นาย', 'สุเมธ', 'สิริเรืองอำไพ', 'Mr.', 'Firstname', 'Lastname', 'M', '2.0021E+13', '5370512121.jpg'),
('5370519621', 'นางสาว', 'หนึ่งฤทัย', 'ใจฉวะ', 'Ms.', 'Firstname', 'Lastname', 'F', '2.0021E+13', '5370519621.jpg'),
('5370535621', 'นาย', 'ไกรวุฒิ', 'สาติศากยบุตร', 'Mr.', 'Firstname', 'Lastname', 'M', '2.0021E+13', '5370535621.jpg'),
('5370551621', 'นาย', 'นวคุณ', 'พิมพ์ทิมานนท์', 'Mr.', 'Firstname', 'Lastname', 'M', '2.0021E+13', '5370551621.jpg'),
('5370561921', 'นาย', 'พิทยุตม์', 'พลกายนุวัตร', 'Mr.', 'Firstname', 'Lastname', 'M', '2.0021E+13', '5370561921.jpg'),
('5370565421', 'นาย', 'ภานุวัฒน์', 'พันธ์แก้ว', 'Mr.', 'Firstname', 'Lastname', 'M', '2.0021E+13', '5370565421.jpg'),
('5370567721', 'นาย', 'ยุทธนา', 'ปัญจธนศักดิ์', 'Mr.', 'Firstname', 'Lastname', 'M', '2.0021E+13', '5370567721.jpg'),
('5370569021', 'นางสาว', 'รัตติกานต์', 'ฉ่ำทรัพย์', 'Ms.', 'Firstname', 'Lastname', 'F', '2.0021E+13', '5370569021.jpg'),
('5370571121', 'นาย', 'วันปิยะ', 'สานุกูล', 'Mr.', 'Firstname', 'Lastname', 'M', '2.0021E+13', '5370571121.jpg'),
('5370572821', 'นางสาว', 'วิภาษณีย์', 'ตั้งกิจจาวิสุทธิ์', 'Ms.', 'Firstname', 'Lastname', 'F', '2.0021E+13', '5370572821.jpg'),
('5370576321', 'นางสาว', 'ศิริลักษณ์', 'อมรเศรษฐพงศ์', 'Ms.', 'Firstname', 'Lastname', 'F', '2.0021E+13', '5370576321.jpg'),
('5370577021', 'นาย', 'ศิวารักษ์', 'อุ่นศิวิไลย์', 'Mr.', 'Firstname', 'Lastname', 'M', '2.0021E+13', '5370577021.jpg'),
('5370580821', 'นาย', 'สมคิด', 'เชาว์ช่างเหล็ก', 'Mr.', 'Firstname', 'Lastname', 'M', '2.0021E+13', '5370580821.jpg'),
('5370584321', 'นางสาว', 'สุรางค์รัตน์', 'ต้นหลุบเลา', 'Ms.', 'Firstname', 'Lastname', 'F', '2.0021E+13', '5370584321.jpg'),
('5370613921', 'นางสาว', 'สุพัตรา', 'เฮากระโทก', 'Ms.', 'Firstname', 'Lastname', 'F', '2.0021E+13', '5370613921.jpg'),
('5370629021', 'นาย', 'ชนวีร์', 'เอี่ยมแสงชัยรัตน์', 'Mr.', 'Firstname', 'Lastname', 'M', '2.0021E+13', '5370629021.jpg'),
('5370652321', 'นาย', 'ภัทร', 'วรภู', 'Mr.', 'Firstname', 'Lastname', 'M', '2.0021E+13', '5370652321.jpg'),
('5370660321', 'นาย', 'วีรเดช', 'คุณวิทยไพศาล', 'Mr.', 'Firstname', 'Lastname', 'M', '2.0021E+13', '5370660321.jpg'),
('5370673521', 'นางสาว', 'นภัทร', 'จตุรพรภัทร', 'Ms.', 'Firstname', 'Lastname', 'F', '2.0021E+13', '5370673521.jpg'),
('5370677021', 'นาย', 'จันเพ็ง', 'พรมมาวอน', 'Mr.', 'Firstname', 'Lastname', 'M', '2.0021E+13', '5370677021.jpg'),
('5371408821', 'นางสาว', 'เจตปรียา', 'เบกไธสง', 'Ms.', 'Firstname', 'Lastname', 'F', '2.0021E+13', '5371408821.jpg'),
('5371411621', 'นางสาว', 'ณัฏฐา', 'เยาวรัตนประเสริฐ', 'Ms.', 'Firstname', 'Lastname', 'F', '2.0021E+13', '5371411621.jpg'),
('5371427721', 'นางสาว', 'ปฏิมาพร', 'อุดม', 'Ms.', 'Firstname', 'Lastname', 'F', '2.0021E+13', '5371427721.jpg'),
('5371430521', 'นาย', 'ปานนวัต', 'จานทอง', 'Mr.', 'Firstname', 'Lastname', 'M', '2.0021E+13', '5371430521.jpg'),
('5371437021', 'นางสาว', 'มัสลิน', 'ฤทธิ์รอด', 'Ms.', 'Firstname', 'Lastname', 'F', '2.0021E+13', '5371437021.jpg'),
('5371445021', 'นาย', 'วิสวัส', 'เลิศวณิชกุล', 'Mr.', 'Firstname', 'Lastname', 'M', '2.0021E+13', '5371445021.jpg'),
('5371455221', 'นาย', 'สุริยะศักดิ์', 'ถาวรวัฒนเจริญ', 'Mr.', 'Firstname', 'Lastname', 'M', '2.0021E+13', '5371455221.jpg'),
('5371484421', 'นางสาว', 'วรรณทิพา', 'โอภาปัญญโชติ', 'Ms.', 'Firstname', 'Lastname', 'F', '2.0021E+13', '5371484421.jpg'),
('5371490121', 'นาย', 'สุทัศน์', 'สนคมิ', 'Mr.', 'Firstname', 'Lastname', 'M', '2.0021E+13', '5371490121.jpg'),
('5371492421', 'นาย', 'หุตนัย', 'ปริรัตน์', 'Mr.', 'Firstname', 'Lastname', 'M', '2.0021E+13', '5371492421.jpg'),
('5371500821', 'นางสาว', 'ณัฐธริญา', 'ชาติกานนท์', 'Ms.', 'Firstname', 'Lastname', 'F', '2.0021E+13', '5371500821.jpg'),
('5371502021', 'นาย', 'ธนาธิป', 'ชาตินันทน์', 'Mr.', 'Firstname', 'Lastname', 'M', '2.0021E+13', '5371502021.jpg'),
('5371504321', 'นางสาว', 'บริรักษ์', 'ยงประเสริฐ', 'Ms.', 'Firstname', 'Lastname', 'F', '2.0021E+13', '5371504321.jpg'),
('5371506621', 'นาย', 'ประพจน์', 'ฤทัยผุดผ่อง', 'Mr.', 'Firstname', 'Lastname', 'M', '2.0021E+13', '5371506621.jpg'),
('5371507221', 'นาย', 'ปองพล', 'สุทธิพงษ์เกษตร', 'Mr.', 'Firstname', 'Lastname', 'M', '2.0021E+13', '5371507221.jpg'),
('5371512321', 'นางสาว', 'สุธินันท์', 'ฤทธิ์ทอง', 'Ms.', 'Firstname', 'Lastname', 'F', '2.0021E+13', '5371512321.jpg'),
('5371515221', 'นางสาว', 'อภิวรรณ', 'พิชญเดชะ', 'Ms.', 'Firstname', 'Lastname', 'F', '2.0021E+13', '5371515221.jpg'),
('5371603821', 'นางสาว', 'ดวงกมล', 'จอดนอก', 'Ms.', 'Firstname', 'Lastname', 'F', '2.0021E+13', '5371603821.jpg'),
('5371605021', 'นาย', 'พชระ', 'พรหมวิกร', 'Mr.', 'Firstname', 'Lastname', 'M', '2.0021E+13', '5371605021.jpg'),
('5371607321', 'นางสาว', 'รุ่งฤดี', 'ลุ้ยประเสริฐ', 'Ms.', 'Firstname', 'Lastname', 'F', '2.0021E+13', '5371607321.jpg'),
('5371610121', 'นางสาว', 'อนิวรรณ', 'พันธางกูร', 'Ms.', 'Firstname', 'Lastname', 'F', '2.0021E+13', '5371610121.jpg'),
('5371612421', 'นาย', 'อานนท์', 'ลาภขจรสงวน', 'Mr.', 'Firstname', 'Lastname', 'M', '2.0021E+13', '5371612421.jpg'),
('5371617621', 'นางสาว', 'น้ำพลอย', 'พรพิบูลย์', 'Ms.', 'Firstname', 'Lastname', 'F', '2.0021E+13', '5371617621.jpg'),
('5371618221', 'นางสาว', 'ปิยะรัตน์', 'เหล่ามาลา', 'Ms.', 'Firstname', 'Lastname', 'F', '2.0021E+13', '5371618221.jpg'),
('5371627921', 'นาย', 'ชากร', 'วรรธนาคม', 'Mr.', 'Firstname', 'Lastname', 'M', '2.0021E+13', '5371627921.jpg'),
('5371629121', 'นาย', 'ธนวัฒน์', 'พันธุ์โกศล', 'Mr.', 'Firstname', 'Lastname', 'M', '2.0021E+13', '5371629121.jpg'),
('5371633621', 'นางสาว', 'ณัฐา', 'อัศวถาวรวานิช', 'Ms.', 'Firstname', 'Lastname', 'F', '2.0021E+13', '5371633621.jpg'),
('5371813221', 'นาย', 'ภักดี', 'อมรสุทธิวัฒน์', 'Mr.', 'Firstname', 'Lastname', 'M', '2.0021E+13', '5371813221.jpg'),
('5371824121', 'นางสาว', 'โรปิโต อันนูร', '', 'Ms.', 'Firstname', 'Lastname', 'F', '2.0021E+13', '5371824121.jpg'),
('5371837321', 'นางสาว', 'ศิริพร', 'เต่าแก้ว', 'Ms.', 'Firstname', 'Lastname', 'F', '2.0021E+13', '5371837321.jpg'),
('5371845321', 'นาง', 'ทู อันห์', 'เงียน', 'Mrs.', 'Firstname', 'Lastname', 'F', '2.0021E+13', '5371845321.jpg'),
('5470110621', 'นาย', 'กฤตยพงษ์', 'จันทรเดช', 'Mr.', 'Firstname', 'Lastname', 'M', '2.0021E+13', '5470110621.jpg'),
('5470112921', 'นางสาว', 'กฤติกา', 'วัฒนวิสุทธิ์', 'Ms.', 'Firstname', 'Lastname', 'F', '2.0021E+13', '5470112921.jpg'),
('5470117021', 'นางสาว', 'กัณฐรัตน์', 'เลิศไชย', 'Ms.', 'Firstname', 'Lastname', 'F', '2.0021E+13', '5470117021.jpg'),
('5470119321', 'นางสาว', 'กันยกานต์', 'สมานมิตร', 'Ms.', 'Firstname', 'Lastname', 'F', '2.0021E+13', '5470119321.jpg'),
('5470122121', 'นางสาว', 'กิ่งเพชร', 'อัชฌาอภินันท์', 'Ms.', 'Firstname', 'Lastname', 'F', '2.0021E+13', '5470122121.jpg'),
('5470130121', 'นาย', 'เกียรติคุณ', 'กาวิละ', 'Mr.', 'Firstname', 'Lastname', 'M', '2.0021E+13', '5470130121.jpg'),
('5470139921', 'นางสาว', 'จิตฏสุภา', 'วงศ์สิรทัต', 'Ms.', 'Firstname', 'Lastname', 'F', '2.0021E+13', '5470139921.jpg'),
('5470140421', 'นางสาว', 'จิตราภรณ์', 'เครือทิม', 'Ms.', 'Firstname', 'Lastname', 'F', '2.0021E+13', '5470140421.jpg'),
('5470141021', 'นางสาว', 'จินดาพร', 'สุนทโรทัย', 'Ms.', 'Firstname', 'Lastname', 'F', '2.0021E+13', '5470141021.jpg'),
('5470143321', 'นาย', 'จิรวัฒน์', 'แสงทอง', 'Mr.', 'Firstname', 'Lastname', 'M', '2.0021E+13', '5470143321.jpg'),
('5470147921', 'นาย', 'เรืออากาศโทจีรศักดิ์', 'หมวดโพธิ์กลาง', 'Mr.', 'Firstname', 'Lastname', 'M', '2.0021E+13', '5470147921.jpg'),
('5470148521', 'นางสาว', 'จุฑานันท์', 'คำแพง', 'Ms.', 'Firstname', 'Lastname', 'F', '2.0021E+13', '5470148521.jpg'),
('5470150721', 'นางสาว', 'เจนจิรา', 'บุญนามล', 'Ms.', 'Firstname', 'Lastname', 'F', '2.0021E+13', '5470150721.jpg'),
('5470151321', 'นาย', 'เจษฎา', 'แพรกนันเธอ', 'Mr.', 'Firstname', 'Lastname', 'M', '2.0021E+13', '5470151321.jpg'),
('5470156521', 'นาย', 'ชญาน์', 'แหวนหล่อ', 'Mr.', 'Firstname', 'Lastname', 'M', '2.0021E+13', '5470156521.jpg'),
('5470163921', 'นาย', 'ชลทิตย์', 'ประทีปมโนวงศ์', 'Mr.', 'Firstname', 'Lastname', 'M', '2.0021E+13', '5470163921.jpg'),
('5470165121', 'นางสาว', 'ช่อทิพย์', 'เติมพรวิทิต', 'Ms.', 'Firstname', 'Lastname', 'F', '2.0021E+13', '5470165121.jpg'),
('5470167421', 'นาย', 'ชัยธร', 'โฆษิตศรวณีย์', 'Mr.', 'Firstname', 'Lastname', 'M', '2.0021E+13', '5470167421.jpg'),
('5470170221', 'นาย', 'ชานน', 'สกาว์วัฒนานนท์', 'Mr.', 'Firstname', 'Lastname', 'M', '2.0021E+13', '5470170221.jpg'),
('5470184021', 'นาย', 'ณพ', 'สัยละมัย', 'Mr.', 'Firstname', 'Lastname', 'M', '2.0021E+13', '5470184021.jpg'),
('5470187021', 'นาย', 'ณัฏฐ์', 'ตรงจิตต์รักษา', 'Mr.', 'Firstname', 'Lastname', 'M', '2.0021E+13', '5470187021.jpg'),
('5470189221', 'นาย', 'ณัฏฐกานต์', 'ศรีสุทธิยากร', 'Mr.', 'Firstname', 'Lastname', 'M', '2.0021E+13', '5470189221.jpg'),
('5470194321', 'นางสาว', 'ณัฐพร', 'ตันทอง', 'Ms.', 'Firstname', 'Lastname', 'F', '2.0021E+13', '5470194321.jpg'),
('5470206221', 'นาย', 'ตฤณโชค', 'เอี่ยมมนัสสกุล', 'Mr.', 'Firstname', 'Lastname', 'M', '2.0021E+13', '5470206221.jpg'),
('5470208521', 'นาย', 'โตมร', 'หลินหะตระกูล', 'Mr.', 'Firstname', 'Lastname', 'M', '2.0021E+13', '5470208521.jpg'),
('5470221621', 'นางสาว', 'ธนัธิดา', 'แก้วหวังสกูล', 'Ms.', 'Firstname', 'Lastname', 'F', '2.0021E+13', '5470221621.jpg'),
('5470233121', 'นางสาว', 'ธีราพร', 'เหลืองอ่อน', 'Ms.', 'Firstname', 'Lastname', 'F', '2.0021E+13', '5470233121.jpg'),
('5470236021', 'นางสาว', 'นภพร', 'ชาญเจริญลาภ', 'Ms.', 'Firstname', 'Lastname', 'F', '2.0021E+13', '5470236021.jpg'),
('5470245721', 'นาย', 'นันทวัฒน์', 'ลือสิงหนาท', 'Mr.', 'Firstname', 'Lastname', 'M', '2.0021E+13', '5470245721.jpg'),
('5470247021', 'นาย', 'นาวิน', 'เฟื่องฟู', 'Mr.', 'Firstname', 'Lastname', 'M', '2.0021E+13', '5470247021.jpg'),
('5470248621', 'นางสาว', 'นิจวรรณ', 'อนันตรกิตติ', 'Ms.', 'Firstname', 'Lastname', 'F', '2.0021E+13', '5470248621.jpg'),
('5470251421', 'นางสาว', 'นุชาพร', 'ชีวสาธน์', 'Ms.', 'Firstname', 'Lastname', 'F', '2.0021E+13', '5470251421.jpg'),
('5470252021', 'นางสาว', 'เนตรชนก', 'ศรีแสง', 'Ms.', 'Firstname', 'Lastname', 'F', '2.0021E+13', '5470252021.jpg'),
('5470253721', 'นาย', 'บวร', 'นฤภัย', 'Mr.', 'Firstname', 'Lastname', 'M', '2.0021E+13', '5470253721.jpg'),
('5470260021', 'นางสาว', 'ปณาลี', 'เจริญจิตมั่น', 'Ms.', 'Firstname', 'Lastname', 'F', '2.0021E+13', '5470260021.jpg'),
('5470277821', 'นางสาว', 'ปิ่นปินัทธ์', 'สุทธินนท์', 'Ms.', 'Firstname', 'Lastname', 'F', '2.0021E+13', '5470277821.jpg'),
('5470285821', 'นาย', 'พชร', 'เครือวิทย์', 'Mr.', 'Firstname', 'Lastname', 'M', '2.0021E+13', '5470285821.jpg'),
('5470289321', 'นางสาว', 'พรปวีณ์', 'วรเศรษฐ์พงศา', 'Ms.', 'Firstname', 'Lastname', 'F', '2.0021E+13', '5470289321.jpg'),
('5470295021', 'นางสาว', 'พลอยประไพ', 'มงคลสมัย', 'Ms.', 'Firstname', 'Lastname', 'F', '2.0021E+13', '5470295021.jpg'),
('5470296721', 'นางสาว', 'พลอยไพลิน', 'ร่มโพธิ์ภักดิ์', 'Ms.', 'Firstname', 'Lastname', 'F', '2.0021E+13', '5470296721.jpg'),
('5470301121', 'นางสาว', 'พิชญ์วิภา', 'พรหมมาศ', 'Ms.', 'Firstname', 'Lastname', 'F', '2.0021E+13', '5470301121.jpg'),
('5470305721', 'นาย', 'พิทวัส', 'กัลยา', 'Mr.', 'Firstname', 'Lastname', 'M', '2.0021E+13', '5470305721.jpg'),
('5470307021', 'นางสาว', 'พิมลทิพย์', 'ชุณหพิมล', 'Ms.', 'Firstname', 'Lastname', 'F', '2.0021E+13', '5470307021.jpg'),
('5470308621', 'นาย', 'พิศวัส', 'นุ่มพิบูรณ์มาน', 'Mr.', 'Firstname', 'Lastname', 'M', '2.0021E+13', '5470308621.jpg'),
('5470316621', 'นางสาว', 'แพรวพกุล', 'ศิลธรรม', 'Ms.', 'Firstname', 'Lastname', 'F', '2.0021E+13', '5470316621.jpg'),
('5470321721', 'นางสาว', 'ภัทรศิริ', 'ฟักแก้ว', 'Ms.', 'Firstname', 'Lastname', 'F', '2.0021E+13', '5470321721.jpg'),
('5470322321', 'นาย', 'ภาคภูมิ', 'รวยลาภ', 'Mr.', 'Firstname', 'Lastname', 'M', '2.0021E+13', '5470322321.jpg'),
('5470325221', 'นาย', 'ภาณุพงศ์', 'รัตนดอน', 'Mr.', 'Firstname', 'Lastname', 'M', '2.0021E+13', '5470325221.jpg'),
('5470329821', 'นาย', 'มงคล', 'อุดมมิตรรัก', 'Mr.', 'Firstname', 'Lastname', 'M', '2.0021E+13', '5470329821.jpg'),
('5470336121', 'นาย', 'มุหัมมัด', 'มั่นศรัทธา', 'Mr.', 'Firstname', 'Lastname', 'M', '2.0021E+13', '5470336121.jpg'),
('5470340621', 'นางสาว', 'รัชฎาพร', 'ไชยศรี', 'Ms.', 'Firstname', 'Lastname', 'F', '2.0021E+13', '5470340621.jpg'),
('5470343521', 'นางสาว', 'รัตติยา', 'ฐานะสุนทรฤกษ์', 'Ms.', 'Firstname', 'Lastname', 'F', '2.0021E+13', '5470343521.jpg'),
('5470345821', 'นางสาว', 'รัตนา', 'ธนบูรณ์กาญจน์', 'Ms.', 'Firstname', 'Lastname', 'F', '2.0021E+13', '5470345821.jpg'),
('5470348721', 'นางสาว', 'ลักษิกา', 'กองวิเชียร', 'Ms.', 'Firstname', 'Lastname', 'F', '2.0021E+13', '5470348721.jpg'),
('5470350921', 'นาย', 'วทัญญู', 'ทัศนเอี่ยม', 'Mr.', 'Firstname', 'Lastname', 'M', '2.0021E+13', '5470350921.jpg'),
('5470367621', 'นางสาว', 'วันวิสาข์', 'รุ้งแก้ว', 'Ms.', 'Firstname', 'Lastname', 'F', '2.0021E+13', '5470367621.jpg'),
('5470375621', 'นาย', 'วิวิชญ์', 'กัณฐกมาลากุล', 'Mr.', 'Firstname', 'Lastname', 'M', '2.0021E+13', '5470375621.jpg'),
('5470381321', 'นาย', 'เรืออากาศเอกวีระวัฒน์', 'ฝาระมี', 'Mr.', 'Firstname', 'Lastname', 'M', '2.0021E+13', '5470381321.jpg'),
('5470391621', 'นางสาว', 'ศิริณี', 'เพ็งปรีชา', 'Ms.', 'Firstname', 'Lastname', 'F', '2.0021E+13', '5470391621.jpg'),
('5470399721', 'นาย', 'ศุภบุศย์', 'ดำรงค์กิจการ', 'Mr.', 'Firstname', 'Lastname', 'M', '2.0021E+13', '5470399721.jpg'),
('5470400621', 'นาย', 'เศรษฐศักดิ์', 'ติวะนันทกร', 'Mr.', 'Firstname', 'Lastname', 'M', '2.0021E+13', '5470400621.jpg'),
('5470402921', 'นาย', 'สถาพร', 'โอฬารวิวัฒน์ชัย', 'Mr.', 'Firstname', 'Lastname', 'M', '2.0021E+13', '5470402921.jpg'),
('5470405821', 'นาย', 'สมบูรณ์', 'นามโชติ', 'Mr.', 'Firstname', 'Lastname', 'M', '2.0021E+13', '5470405821.jpg'),
('5470407021', 'นาย', 'สรพล', 'ชมไพศาล', 'Mr.', 'Firstname', 'Lastname', 'M', '2.0021E+13', '5470407021.jpg'),
('5470413821', 'นาย', 'สายชล', 'ส่งเจิม', 'Mr.', 'Firstname', 'Lastname', 'M', '2.0021E+13', '5470413821.jpg'),
('5470420121', 'นาย', 'นพรุจ', 'สังข์แป้น', 'Mr.', 'Firstname', 'Lastname', 'M', '2.0021E+13', '5470420121.jpg'),
('5470421821', 'นางสาว', 'สุธาสิน', 'เสนานิกรม', 'Ms.', 'Firstname', 'Lastname', 'F', '2.0021E+13', '5470421821.jpg'),
('5470422421', 'นางสาว', 'สุธินี', 'พันธุจิตร', 'Ms.', 'Firstname', 'Lastname', 'F', '2.0021E+13', '5470422421.jpg'),
('5470423021', 'นางสาว', 'สุธีรา', 'ภู่กลาง', 'Ms.', 'Firstname', 'Lastname', 'F', '2.0021E+13', '5470423021.jpg'),
('5470424721', 'นางสาว', 'สุนันทา', 'คล้ายโพธิ์สี', 'Ms.', 'Firstname', 'Lastname', 'F', '2.0021E+13', '5470424721.jpg'),
('5470433321', 'นางสาว', 'สุรีย์พร', 'เบญจประดิษฐ์', 'Ms.', 'Firstname', 'Lastname', 'F', '2.0021E+13', '5470433321.jpg'),
('5470435621', 'นาย', 'สุวัชร', 'ตันวัฒนะประทีป', 'Mr.', 'Firstname', 'Lastname', 'M', '2.0021E+13', '5470435621.jpg'),
('5470438521', 'นางสาว', 'หทัยชนก', 'รอดราคี', 'Ms.', 'Firstname', 'Lastname', 'F', '2.0021E+13', '5470438521.jpg'),
('5470439121', 'นางสาว', 'หทัยรัตน์', 'เมืองแสน', 'Ms.', 'Firstname', 'Lastname', 'F', '2.0021E+13', '5470439121.jpg'),
('5470442021', 'นาย', 'อดิเทพ', 'วังบุญคง', 'Mr.', 'Firstname', 'Lastname', 'M', '2.0021E+13', '5470442021.jpg'),
('5470444221', 'นางสาว', 'อตินุช', 'ลิมป์มณีรักษ์', 'Ms.', 'Firstname', 'Lastname', 'F', '2.0021E+13', '5470444221.jpg'),
('5470446521', 'นางสาว', 'อนุธิดา', 'ฉิมทับ', 'Ms.', 'Firstname', 'Lastname', 'F', '2.0021E+13', '5470446521.jpg'),
('5470452221', 'นาย', 'อภิวัฒน์', 'เจนจัดการ', 'Mr.', 'Firstname', 'Lastname', 'M', '2.0021E+13', '5470452221.jpg'),
('5470453921', 'นางสาว', 'อภิสรา', 'ศรีสายหยุด', 'Ms.', 'Firstname', 'Lastname', 'F', '2.0021E+13', '5470453921.jpg'),
('5470458021', 'นางสาว', 'อรุณวรรณ', 'เต้าทิพย์ภูมิรักษ์', 'Ms.', 'Firstname', 'Lastname', 'F', '2.0021E+13', '5470458021.jpg'),
('5470459721', 'นางสาว', 'อลิสา', 'แสงภู่วงษ์', 'Ms.', 'Firstname', 'Lastname', 'F', '2.0021E+13', '5470459721.jpg'),
('5470464821', 'นางสาว', 'อัจฉรา', 'บุญมาหล้า', 'Ms.', 'Firstname', 'Lastname', 'F', '2.0021E+13', '5470464821.jpg'),
('5470465421', 'นางสาว', 'อัญชนา', 'เอนจินทะ', 'Ms.', 'Firstname', 'Lastname', 'F', '2.0021E+13', '5470465421.jpg'),
('5470468321', 'นางสาว', 'อาทิตยา', 'พัฒนิบูลย์', 'Ms.', 'Firstname', 'Lastname', 'F', '2.0021E+13', '5470468321.jpg'),
('5470472821', 'นางสาว', 'อุษา', 'ประสิทธิ์', 'Ms.', 'Firstname', 'Lastname', 'F', '2.0021E+13', '5470472821.jpg'),
('5470474021', 'นาย', 'เอกลักษณ์', 'เข็มเพชร', 'Mr.', 'Firstname', 'Lastname', 'M', '2.0021E+13', '5470474021.jpg'),
('5470477021', 'นาย', 'กรวิชญ์', 'นิยมเสถียร', 'Mr.', 'Firstname', 'Lastname', 'M', '2.0021E+13', '5470477021.jpg'),
('5470485021', 'นาย', 'ภาสกร', 'ปานนอก', 'Mr.', 'Firstname', 'Lastname', 'M', '2.0021E+13', '5470485021.jpg'),
('5470490021', 'นาย', 'สิวะรัฐ', 'ลิมปพยอม', 'Mr.', 'Firstname', 'Lastname', 'M', '2.0021E+13', '5470490021.jpg'),
('5470500721', 'นางสาว', 'จารุรัตน์', 'แดงทน', 'Ms.', 'Firstname', 'Lastname', 'F', '2.0021E+13', '5470500721.jpg'),
('5470501321', 'นาย', 'ณัฏฐ์พัชร์', 'ภิรมย์กิจ', 'Mr.', 'Firstname', 'Lastname', 'M', '2.0021E+13', '5470501321.jpg'),
('5470508821', 'นางสาว', 'นันทิกานต์', 'ลมัยพันธ์', 'Ms.', 'Firstname', 'Lastname', 'F', '2.0021E+13', '5470508821.jpg'),
('5470516821', 'นางสาว', 'มาเรีย อิมิลล่า พามบิด', 'เซวิลล่า', 'Ms.', 'Firstname', 'Lastname', 'F', '2.0021E+13', '5470516821.jpg'),
('5470517421', 'นางสาว', 'มูห์ฟิซาทูราห์มาห์', '', 'Ms.', 'Firstname', 'Lastname', 'F', '2.0021E+13', '5470517421.jpg'),
('5470525421', 'นางสาว', 'ญาสินี', 'วุฒิสันต์', 'Ms.', 'Firstname', 'Lastname', 'F', '2.0021E+13', '5470525421.jpg'),
('5470526021', 'นางสาว', 'ตริตาภรณ์', 'ไชยนรา', 'Ms.', 'Firstname', 'Lastname', 'F', '2.0021E+13', '5470526021.jpg'),
('5470527721', 'นาย', 'ร้อยโทธานี', 'วิพุทธิกุล', 'Mr.', 'Firstname', 'Lastname', 'M', '2.0021E+13', '5470527721.jpg'),
('5470533421', 'นางสาว', 'ลภัสสิริ', 'เทียนทอง', 'Ms.', 'Firstname', 'Lastname', 'F', '2.0021E+13', '5470533421.jpg'),
('5470536321', 'นางสาว', 'วราลี', 'มารุ่งเรือง', 'Ms.', 'Firstname', 'Lastname', 'F', '2.0021E+13', '5470536321.jpg'),
('5470537021', 'นางสาว', 'สุดารัตน์', 'ภู่กลาง', 'Ms.', 'Firstname', 'Lastname', 'F', '2.0021E+13', '5470537021.jpg'),
('5470549521', 'นาย', 'จักรพันธุ์', 'ชินเกียรติสกุล', 'Mr.', 'Firstname', 'Lastname', 'M', '2.0021E+13', '5470549521.jpg'),
('5470552321', 'นาย', 'ฐิตินันท์', 'ศิริประภาวัฒน์', 'Mr.', 'Firstname', 'Lastname', 'M', '2.0021E+13', '5470552321.jpg'),
('5470563221', 'นางสาว', 'มานิตา', 'มโนสิทธิกุล', 'Ms.', 'Firstname', 'Lastname', 'F', '2.0021E+13', '5470563221.jpg'),
('5470564921', 'นาย', 'วิษณุ', 'สามเมือง', 'Mr.', 'Firstname', 'Lastname', 'M', '2.0021E+13', '5470564921.jpg'),
('5470570621', 'นาย', 'คุณัช', 'สุขสมานวงศ์', 'Mr.', 'Firstname', 'Lastname', 'M', '2.0021E+13', '5470570621.jpg'),
('5470571221', 'นาย', 'ชู ซวน ฮวน', '', 'Mr.', 'Firstname', 'Lastname', 'M', '2.0021E+13', '5470571221.jpg'),
('5470572921', 'นาย', 'โซนัม', 'ทาชิ', 'Mr.', 'Firstname', 'Lastname', 'M', '2.0021E+13', '5470572921.jpg');
INSERT INTO `student` (`student_id`, `th_prefix`, `th_firstname`, `th_lastname`, `en_prefix`, `en_firstname`, `en_lastname`, `gender`, `barcode`, `picture_path`) VALUES
('5470573521', 'นาย', 'ยีเช', 'เพ็นโจ', 'Mr.', 'Firstname', 'Lastname', 'M', '2.0021E+13', '5470573521.jpg'),
('5470574121', 'นาย', 'เหงียน ฮอง ไฮ', '', 'Mr.', 'Firstname', 'Lastname', 'M', '2.0021E+13', '5470574121.jpg'),
('5470575821', 'นาย', 'อโศก', 'ซันวา', 'Mr.', 'Firstname', 'Lastname', 'M', '2.0021E+13', '5470575821.jpg'),
('5470903021', 'นางสาว', 'กมลวรรณ', 'เพ็งหมาน', 'Ms.', 'Firstname', 'Lastname', 'F', '2.0021E+13', '5470903021.jpg'),
('5470908121', 'นางสาว', 'กาญจนา', 'เอี่ยมสอาด', 'Ms.', 'Firstname', 'Lastname', 'F', '2.0021E+13', '5470908121.jpg'),
('5470909821', 'นาย', 'กีรติพันธุ์', 'ดำรงเสรี', 'Mr.', 'Firstname', 'Lastname', 'M', '2.0021E+13', '5470909821.jpg'),
('5470914921', 'นาย', 'จตุรพัชร์', 'พัฒนทรงศิวิไล', 'Mr.', 'Firstname', 'Lastname', 'M', '2.0021E+13', '5470914921.jpg'),
('5470915521', 'นางสาว', 'จรีรัตน์', 'อ้วนเสมอ', 'Ms.', 'Firstname', 'Lastname', 'F', '2.0021E+13', '5470915521.jpg'),
('5470920621', 'นางสาว', 'ชลิดา', 'สารใจ', 'Ms.', 'Firstname', 'Lastname', 'F', '2.0021E+13', '5470920621.jpg'),
('5470921221', 'นางสาว', 'ชลิดา', 'เหลี่ยมวิเศษ', 'Ms.', 'Firstname', 'Lastname', 'F', '2.0021E+13', '5470921221.jpg'),
('5470925821', 'นาย', 'ชุมพล', 'โมฆรัตน์', 'Mr.', 'Firstname', 'Lastname', 'M', '2.0021E+13', '5470925821.jpg'),
('5470928721', 'นางสาว', 'ณัฏฐกานต์', 'จุงจิตตเมต', 'Ms.', 'Firstname', 'Lastname', 'F', '2.0021E+13', '5470928721.jpg'),
('5470932121', 'นาย', 'ณัฏฐ์นวัต', 'คีติกาสุตนันท์', 'Mr.', 'Firstname', 'Lastname', 'M', '2.0021E+13', '5470932121.jpg'),
('5470934421', 'นางสาว', 'ณัฐนันท์', 'ครุฑศิริ', 'Ms.', 'Firstname', 'Lastname', 'F', '2.0021E+13', '5470934421.jpg'),
('5470937321', 'นาย', 'ณัฐรัตน์', 'หาญวรวงศ์', 'Mr.', 'Firstname', 'Lastname', 'M', '2.0021E+13', '5470937321.jpg'),
('5470938021', 'นาย', 'ทรงพล', 'ทองคำ', 'Mr.', 'Firstname', 'Lastname', 'M', '2.0021E+13', '5470938021.jpg'),
('5470940121', 'นาย', 'ธนกฤต', 'พุทธชน', 'Mr.', 'Firstname', 'Lastname', 'M', '2.0021E+13', '5470940121.jpg'),
('5470943021', 'นาย', 'ธนวัฒน์', 'พร้อมทวีพงศ์', 'Mr.', 'Firstname', 'Lastname', 'M', '2.0021E+13', '5470943021.jpg'),
('5470949921', 'นางสาว', 'ธิดารัตน์', 'เพ็ชรประสม', 'Ms.', 'Firstname', 'Lastname', 'F', '2.0021E+13', '5470949921.jpg'),
('5470954021', 'นางสาว', 'นฤมล', 'นวลฉวี', 'Ms.', 'Firstname', 'Lastname', 'F', '2.0021E+13', '5470954021.jpg'),
('5470958521', 'นาย', 'นิติพันธ์', 'ป้อมพันธ์', 'Mr.', 'Firstname', 'Lastname', 'M', '2.0021E+13', '5470958521.jpg'),
('5470962021', 'นางสาว', 'ปรมาภรณ์', 'ร่วมจินดา', 'Ms.', 'Firstname', 'Lastname', 'F', '2.0021E+13', '5470962021.jpg'),
('5470967121', 'นางสาว', 'ปาริฉัตร', 'ทิพยางค์', 'Ms.', 'Firstname', 'Lastname', 'F', '2.0021E+13', '5470967121.jpg'),
('5470971621', 'นางสาว', 'ปิยาภรณ์', 'หรินพุทธศีล', 'Ms.', 'Firstname', 'Lastname', 'F', '2.0021E+13', '5470971621.jpg'),
('5470978021', 'นางสาว', 'พิชชากร', 'เอกวรานุกูลศิริ', 'Ms.', 'Firstname', 'Lastname', 'F', '2.0021E+13', '5470978021.jpg'),
('5470979721', 'นาย', 'พิทักษ์ชน', 'วิเศษ', 'Mr.', 'Firstname', 'Lastname', 'M', '2.0021E+13', '5470979721.jpg'),
('5470984821', 'นางสาว', 'แพร', 'เทศนิยม', 'Ms.', 'Firstname', 'Lastname', 'F', '2.0021E+13', '5470984821.jpg'),
('5470991121', 'นาย', 'รัฐพงษ์', 'วงศ์เปียง', 'Mr.', 'Firstname', 'Lastname', 'M', '2.0021E+13', '5470991121.jpg'),
('5471002721', 'นาย', 'วัชรินทร์', 'อูรณการ', 'Mr.', 'Firstname', 'Lastname', 'M', '2.0021E+13', '5471002721.jpg'),
('5471009121', 'นาย', 'ศรัณย์', 'ยามัสเถียร', 'Mr.', 'Firstname', 'Lastname', 'M', '2.0021E+13', '5471009121.jpg'),
('5471012021', 'นาย', 'ศิรเวทย์', 'อัศวไชยวงศ์', 'Mr.', 'Firstname', 'Lastname', 'M', '2.0021E+13', '5471012021.jpg'),
('5471014221', 'นางสาว', 'ศิริวรรณ', 'ศุภโรจน์', 'Ms.', 'Firstname', 'Lastname', 'F', '2.0021E+13', '5471014221.jpg'),
('5471015921', 'นาย', 'ศุภกรณ์', 'มาศิริ', 'Mr.', 'Firstname', 'Lastname', 'M', '2.0021E+13', '5471015921.jpg'),
('5471019421', 'นางสาว', 'ชนิดาภา', 'ผดุงพิทักษ์ชน', 'Ms.', 'Firstname', 'Lastname', 'F', '2.0021E+13', '5471019421.jpg'),
('5471022221', 'นาย', 'สุมติ', 'ฤทธิศิลป์', 'Mr.', 'Firstname', 'Lastname', 'M', '2.0021E+13', '5471022221.jpg'),
('5471025121', 'นาย', 'เสรี', 'กุลปิยะ', 'Mr.', 'Firstname', 'Lastname', 'M', '2.0021E+13', '5471025121.jpg'),
('5471027421', 'นางสาว', 'หฤทัย', 'เทียนกล่ำ', 'Ms.', 'Firstname', 'Lastname', 'F', '2.0021E+13', '5471027421.jpg'),
('5471032521', 'นางสาว', 'อรนุช', 'โสภาสิทธิ์', 'Ms.', 'Firstname', 'Lastname', 'F', '2.0021E+13', '5471032521.jpg'),
('5471033121', 'นางสาว', 'อรอนงค์', 'องค์ศิริพร', 'Ms.', 'Firstname', 'Lastname', 'F', '2.0021E+13', '5471033121.jpg'),
('5471036021', 'นาย', 'อัศวิน', 'พัวพลเทพ', 'Mr.', 'Firstname', 'Lastname', 'M', '2.0021E+13', '5471036021.jpg'),
('5471038321', 'นางสาว', 'อิสราภรณ์', 'วิทยวิรานนท์', 'Ms.', 'Firstname', 'Lastname', 'F', '2.0021E+13', '5471038321.jpg'),
('5471041121', 'นาย', 'เอกพล', 'อินทร์ภิรมย์', 'Mr.', 'Firstname', 'Lastname', 'M', '2.0021E+13', '5471041121.jpg'),
('5471055021', 'นาย', 'ธนกฤต', 'เจริญรัตนากร', 'Mr.', 'Firstname', 'Lastname', 'M', '2.0021E+13', '5471055021.jpg'),
('5471065221', 'นาย', 'กนก', 'หมอกมืด', 'Mr.', 'Firstname', 'Lastname', 'M', '2.0021E+13', '5471065221.jpg'),
('5471071021', 'นาย', 'วราวุฒิ', 'แก้วอ่อน', 'Mr.', 'Firstname', 'Lastname', 'M', '2.0021E+13', '5471071021.jpg'),
('5471072621', 'นาย', 'สุธงไชย', 'สุริยสุภาพงศ์', 'Mr.', 'Firstname', 'Lastname', 'M', '2.0021E+13', '5471072621.jpg'),
('5471076121', 'นาย', 'พีรพงษ์', 'ปวิดาภา', 'Mr.', 'Firstname', 'Lastname', 'M', '2.0021E+13', '5471076121.jpg'),
('5471201221', 'นางสาว', 'กุลวดี', 'ธีรกิจไพบูลย์', 'Ms.', 'Firstname', 'Lastname', 'F', '2.0021E+13', '5471201221.jpg'),
('5471204121', 'นาย', 'ณัชพล', 'มุจลินทโมลี', 'Mr.', 'Firstname', 'Lastname', 'M', '2.0021E+13', '5471204121.jpg'),
('5471207021', 'นาย', 'ธีรวัฒน์', 'วัชรศิริธรรม', 'Mr.', 'Firstname', 'Lastname', 'M', '2.0021E+13', '5471207021.jpg'),
('5471210921', 'นาย', 'ไปรมิศร์', 'ดีประเสริฐดำรง', 'Mr.', 'Firstname', 'Lastname', 'M', '2.0021E+13', '5471210921.jpg'),
('5471212121', 'นางสาว', 'ริญญาภัทร์', 'เจริญโกศัลย์', 'Ms.', 'Firstname', 'Lastname', 'F', '2.0021E+13', '5471212121.jpg'),
('5471214421', 'นาย', 'วิศรุต', 'สาธิตคณิตกุล', 'Mr.', 'Firstname', 'Lastname', 'M', '2.0021E+13', '5471214421.jpg'),
('5471217321', 'นาย', 'สาธวี', 'สัมมาโพธิ์', 'Mr.', 'Firstname', 'Lastname', 'M', '2.0021E+13', '5471217321.jpg'),
('5471218021', 'นาย', 'สุขสันต์', 'เหลืองวัฒนวิไล', 'Mr.', 'Firstname', 'Lastname', 'M', '2.0021E+13', '5471218021.jpg'),
('5471221821', 'นาย', 'โซชีท', 'เค็ม', 'Mr.', 'Firstname', 'Lastname', 'M', '2.0021E+13', '5471221821.jpg'),
('5471225321', 'นาย', 'ณัฐ', 'วงศ์อุไร', 'Mr.', 'Firstname', 'Lastname', 'M', '2.0021E+13', '5471225321.jpg'),
('5471230421', 'นาย', 'รัฐพล', 'นาควิเชียร', 'Mr.', 'Firstname', 'Lastname', 'M', '2.0021E+13', '5471230421.jpg'),
('5471232721', 'นาย', 'สรณะ', 'แก้วมณีชัย', 'Mr.', 'Firstname', 'Lastname', 'M', '2.0021E+13', '5471232721.jpg'),
('5471235621', 'นาย', 'บุริม', 'ศรีวิภาพัฒนา', 'Mr.', 'Firstname', 'Lastname', 'M', '2.0021E+13', '5471235621.jpg'),
('5471402021', 'นาย', 'กุลิสร์', 'ณ นคร', 'Mr.', 'Firstname', 'Lastname', 'M', '2.0021E+13', '5471402021.jpg'),
('5530668021', 'นาย', 'ธนิน', 'วีสมหมาย', 'Mr.', 'Firstname', 'Lastname', 'M', '2.0021E+13', '5530668021.jpg'),
('5530669721', 'นาย', 'ภาณุวัฒน์', 'พิมพ์ประโพธ', 'Mr.', 'Firstname', 'Lastname', 'M', '2.0021E+13', '5530669721.jpg'),
('5530670221', 'นาย', 'สมพร', 'จิระวัฒนาสมกุล', 'Mr.', 'Firstname', 'Lastname', 'M', '2.0021E+13', '5530670221.jpg'),
('5530671921', 'นาย', 'สิทธิชัย', 'สหชัยวัฒนา', 'Mr.', 'Firstname', 'Lastname', 'M', '2.0021E+13', '5530671921.jpg'),
('5570101021', 'นาย', 'กตัญญ์', 'วัฒนวิบูลย์', 'Mr.', 'Firstname', 'Lastname', 'M', '2.0021E+13', '5570101021.jpg'),
('5570107921', 'นาย', 'กรกช', 'นันทะน้อย', 'Mr.', 'Firstname', 'Lastname', 'M', '2.0021E+13', '5570107921.jpg'),
('5570117121', 'นาย', 'กฤษฎา', 'มีสุขอนันต์', 'Mr.', 'Firstname', 'Lastname', 'M', '2.0021E+13', '5570117121.jpg'),
('5570119421', 'นาย', 'กัญชัช', 'ชัชกุล', 'Mr.', 'Firstname', 'Lastname', 'M', '2.0021E+13', '5570119421.jpg'),
('5570141121', 'นาย', 'จิตกร', 'เจษฎาคม', 'Mr.', 'Firstname', 'Lastname', 'M', '2.0021E+13', '5570141121.jpg'),
('5570161721', 'นาย', 'ชัยรัชต์', 'ไกรจันทร์', 'Mr.', 'Firstname', 'Lastname', 'M', '2.0021E+13', '5570161721.jpg'),
('5570163021', 'นาย', 'ชาคริต', 'ไชยวุฒิเทพารักษ์', 'Mr.', 'Firstname', 'Lastname', 'M', '2.0021E+13', '5570163021.jpg'),
('5570175521', 'นางสาว', 'ฐิตินันท์', 'จันทร์เชย', 'Ms.', 'Firstname', 'Lastname', 'F', '2.0021E+13', '5570175521.jpg'),
('5570176121', 'นางสาว', 'ฐิติพร', 'แซ่ลิ้ม', 'Ms.', 'Firstname', 'Lastname', 'F', '2.0021E+13', '5570176121.jpg'),
('5570179021', 'นาย', 'ณปรัชญ์', 'วงษ์เกษม', 'Mr.', 'Firstname', 'Lastname', 'M', '2.0021E+13', '5570179021.jpg'),
('5570180621', 'นางสาว', 'ณัจนันท์', 'บุญอนุวัฒน์', 'Ms.', 'Firstname', 'Lastname', 'F', '2.0021E+13', '5570180621.jpg'),
('5570193821', 'นาย', 'ณัฐวัฒน์', 'วิทยาคุณสถิต', 'Mr.', 'Firstname', 'Lastname', 'M', '2.0021E+13', '5570193821.jpg'),
('5570197321', 'นางสาว', 'ณิชากร', 'ตองอ่อน', 'Ms.', 'Firstname', 'Lastname', 'F', '2.0021E+13', '5570197321.jpg'),
('5570203421', 'นาย', 'ไตรรัตน์', 'อุดมโชค', 'Mr.', 'Firstname', 'Lastname', 'M', '2.0021E+13', '5570203421.jpg'),
('5570210821', 'นาย', 'ธชณัฏฐ์', 'ตันพิทักษ์สิทธิ์', 'Mr.', 'Firstname', 'Lastname', 'M', '2.0021E+13', '5570210821.jpg'),
('5570213721', 'นางสาว', 'ธนพร', 'วรวาส', 'Ms.', 'Firstname', 'Lastname', 'F', '2.0021E+13', '5570213721.jpg'),
('5570227521', 'นาย', 'ธรรมนูญ', 'อินทร์มะณี', 'Mr.', 'Firstname', 'Lastname', 'M', '2.0021E+13', '5570227521.jpg'),
('5570231021', 'นาย', 'ธัชนนท์', 'ชุ่มแอ่น', 'Mr.', 'Firstname', 'Lastname', 'M', '2.0021E+13', '5570231021.jpg'),
('5570238421', 'นาย', 'ธีรพงศ์', 'จุนเจริญวงศา', 'Mr.', 'Firstname', 'Lastname', 'M', '2.0021E+13', '5570238421.jpg'),
('5570241221', 'นาย', 'ธีรภัทร', 'รักษาธรรม', 'Mr.', 'Firstname', 'Lastname', 'M', '2.0021E+13', '5570241221.jpg'),
('5570250921', 'นาย', 'นภสร', 'โกวรรธนะกุล', 'Mr.', 'Firstname', 'Lastname', 'M', '2.0021E+13', '5570250921.jpg'),
('5570259621', 'นาย', 'นวพล', 'ลีวัฒนา', 'Mr.', 'Firstname', 'Lastname', 'M', '2.0021E+13', '5570259621.jpg'),
('5570264721', 'นาย', 'นิติวิศว์', 'แตงไทย', 'Mr.', 'Firstname', 'Lastname', 'M', '2.0021E+13', '5570264721.jpg'),
('5570287121', 'นางสาว', 'ปาริฉัตร', 'พงศ์จิรวัฒน์', 'Ms.', 'Firstname', 'Lastname', 'F', '2.0021E+13', '5570287121.jpg'),
('5570294521', 'นางสาว', 'ผกายรัตน์', 'ศุภพันธุ์', 'Ms.', 'Firstname', 'Lastname', 'F', '2.0021E+13', '5570294521.jpg'),
('5570299721', 'นาย', 'พงษ์พจน์', 'ชัยบุญเรือง', 'Mr.', 'Firstname', 'Lastname', 'M', '2.0021E+13', '5570299721.jpg'),
('5570306421', 'นางสาว', 'พรรวี', 'สมเกื้อ', 'Ms.', 'Firstname', 'Lastname', 'F', '2.0021E+13', '5570306421.jpg'),
('5570317321', 'นางสาว', 'พิชิตา', 'เอกเผ่าพันธุ์', 'Ms.', 'Firstname', 'Lastname', 'F', '2.0021E+13', '5570317321.jpg'),
('5570329921', 'นางสาว', 'ภารินี', 'แก้วสม', 'Ms.', 'Firstname', 'Lastname', 'F', '2.0021E+13', '5570329921.jpg'),
('5570336221', 'นางสาว', 'มินตรา', 'สังข์สุข', 'Ms.', 'Firstname', 'Lastname', 'F', '2.0021E+13', '5570336221.jpg'),
('5570340721', 'นางสาว', 'เยาวลักษณ์', 'จันทร์แก้ว', 'Ms.', 'Firstname', 'Lastname', 'F', '2.0021E+13', '5570340721.jpg'),
('5570347121', 'นางสาว', 'รัตน์ชา', 'เปล่งอุดมกิจ', 'Ms.', 'Firstname', 'Lastname', 'F', '2.0021E+13', '5570347121.jpg'),
('5570351621', 'นางสาว', 'รุ่งทิพย์', 'น้อยสำราญ', 'Ms.', 'Firstname', 'Lastname', 'F', '2.0021E+13', '5570351621.jpg'),
('5570352221', 'นางสาว', 'ลภัสรดา', 'ชื่นกลิ่น', 'Ms.', 'Firstname', 'Lastname', 'F', '2.0021E+13', '5570352221.jpg'),
('5570360221', 'นางสาว', 'วราภรณ์', 'โยธินศิริกุล', 'Ms.', 'Firstname', 'Lastname', 'F', '2.0021E+13', '5570360221.jpg'),
('5570378621', 'นางสาว', 'วิรินทร์', 'กิตติธรรมวงศ์', 'Ms.', 'Firstname', 'Lastname', 'F', '2.0021E+13', '5570378621.jpg'),
('5570382021', 'นางสาว', 'วีรยา', 'สิริวัฒน์วรสกุล', 'Ms.', 'Firstname', 'Lastname', 'F', '2.0021E+13', '5570382021.jpg'),
('5570404221', 'นางสาว', 'ศิวพร', 'เพ็ชรทองช่วย', 'Ms.', 'Firstname', 'Lastname', 'F', '2.0021E+13', '5570404221.jpg'),
('5570409421', 'นางสาว', 'สมฤดี', 'ชัชวาลรัตน์', 'Ms.', 'Firstname', 'Lastname', 'F', '2.0021E+13', '5570409421.jpg'),
('5570414521', 'นาย', 'สาโรช', 'พรหมดี', 'Mr.', 'Firstname', 'Lastname', 'M', '2.0021E+13', '5570414521.jpg'),
('5570427721', 'นาย', 'สุรเดช', 'สุจริตกุล', 'Mr.', 'Firstname', 'Lastname', 'M', '2.0021E+13', '5570427721.jpg'),
('5570435721', 'นางสาว', 'โสวดี', 'สายโสภา', 'Ms.', 'Firstname', 'Lastname', 'F', '2.0021E+13', '5570435721.jpg'),
('5570461021', 'นางสาว', 'อัญรัตน์', 'มโนวรกุล', 'Ms.', 'Firstname', 'Lastname', 'F', '2.0021E+13', '5570461021.jpg'),
('5570464921', 'นาย', 'อานนท์', 'ขำแก้ว', 'Mr.', 'Firstname', 'Lastname', 'M', '2.0021E+13', '5570464921.jpg'),
('5570466121', 'นาย', 'อานันท์', 'สุตาพันธ์', 'Mr.', 'Firstname', 'Lastname', 'M', '2.0021E+13', '5570466121.jpg'),
('5570469021', 'นางสาว', 'อิงดาว', 'วิมล', 'Ms.', 'Firstname', 'Lastname', 'F', '2.0021E+13', '5570469021.jpg'),
('5570473521', 'นาย', 'เอกชัย', 'คงเกษม', 'Mr.', 'Firstname', 'Lastname', 'M', '2.0021E+13', '5570473521.jpg'),
('5570478721', 'นางสาว', 'เจนนิสา', 'อารียาภินันท์', 'Ms.', 'Firstname', 'Lastname', 'F', '2.0021E+13', '5570478721.jpg'),
('5570490121', 'นาย', 'นวิน', 'มาดิการ', 'Mr.', 'Firstname', 'Lastname', 'M', '2.0021E+13', '5570490121.jpg'),
('5570491821', 'นางสาว', 'นัทธมน', 'โมกข์ณรงค์', 'Ms.', 'Firstname', 'Lastname', 'F', '2.0021E+13', '5570491821.jpg'),
('5570500821', 'นาย', 'เลอศักดิ์', 'บุญเพ็ง', 'Mr.', 'Firstname', 'Lastname', 'M', '2.0021E+13', '5570500821.jpg'),
('5570508921', 'นาย', 'ตรัน ทานห์', 'ลอง', 'Mr.', 'Firstname', 'Lastname', 'M', '2.0021E+13', '5570508921.jpg'),
('5570519821', 'นางสาว', 'กรกมล', 'บรรเจิดธีรกุล', 'Ms.', 'Firstname', 'Lastname', 'F', '2.0021E+13', '5570519821.jpg'),
('5570527821', 'นาย', 'เจเมียล ลุย ลักซามานา', 'เจมี่', 'Mr.', 'Firstname', 'Lastname', 'M', '2.0021E+13', '5570527821.jpg'),
('5570528421', 'นาย', 'ดง ฮวง', 'ลี', 'Mr.', 'Firstname', 'Lastname', 'M', '2.0021E+13', '5570528421.jpg'),
('5570531221', 'นางสาว', 'เอริกา อลิส ซาโลมา', 'อุย', 'Ms.', 'Firstname', 'Lastname', 'F', '2.0021E+13', '5570531221.jpg'),
('5570541521', 'นาย', 'ฐิติพงษ์', 'โชคอำนวย', 'Mr.', 'Firstname', 'Lastname', 'M', '2.0021E+13', '5570541521.jpg'),
('5570904721', 'นาย', 'เกียรติศักดิ์', 'น้อยราช', 'Mr.', 'Firstname', 'Lastname', 'M', '2.0021E+13', '5570904721.jpg'),
('5570917921', 'นาย', 'นพดนัย', 'ขจรไพศาล', 'Mr.', 'Firstname', 'Lastname', 'M', '2.0021E+13', '5570917921.jpg'),
('5570919121', 'นางสาว', 'นารีรัตน์', 'ปาระมีสัก', 'Ms.', 'Firstname', 'Lastname', 'F', '2.0021E+13', '5570919121.jpg'),
('5570926521', 'นางสาว', 'พรรณพัชรา', 'ลาภิศพงศ์ภรณ์', 'Ms.', 'Firstname', 'Lastname', 'F', '2.0021E+13', '5570926521.jpg'),
('5570953421', 'นางสาว', 'สลักจิตต์', 'พุทธจักร', 'Ms.', 'Firstname', 'Lastname', 'F', '2.0021E+13', '5570953421.jpg'),
('5570966621', 'นาย', 'คณิน', 'โชติวรรักษ์', 'Mr.', 'Firstname', 'Lastname', 'M', '2.0021E+13', '5570966621.jpg'),
('5570967221', 'นางสาว', 'จตุพิศ', 'อัยราคม', 'Ms.', 'Firstname', 'Lastname', 'F', '2.0021E+13', '5570967221.jpg'),
('5570974621', 'นาย', 'ณัฐพงศ์', 'ภุมวารพฤษภ์', 'Mr.', 'Firstname', 'Lastname', 'M', '2.0021E+13', '5570974621.jpg'),
('5570975221', 'นาย', 'ณัฐพล', 'แซ่ลิ้ม', 'Mr.', 'Firstname', 'Lastname', 'M', '2.0021E+13', '5570975221.jpg'),
('5570992921', 'นาย', 'รพีพงศ์', 'ศรีวิบูลย์', 'Mr.', 'Firstname', 'Lastname', 'M', '2.0021E+13', '5570992921.jpg'),
('5570994121', 'นาย', 'วรพงษ์', 'รัตนประสิทธิ์', 'Mr.', 'Firstname', 'Lastname', 'M', '2.0021E+13', '5570994121.jpg'),
('5570995821', 'นาย', 'วิทวัส', 'สัจจเจริญพงษ์', 'Mr.', 'Firstname', 'Lastname', 'M', '2.0021E+13', '5570995821.jpg'),
('5570999321', 'นางสาว', 'สมฤดี', 'แก้วขาว', 'Ms.', 'Firstname', 'Lastname', 'F', '2.0021E+13', '5570999321.jpg'),
('5670183621', 'นาย', 'ณรงค์', 'อินทร์ธิรักษ์', 'Mr.', 'Firstname', 'Lastname', 'M', '2.00216E+13', '5670183621.jpg'),
('5670193921', 'นางสาว', 'ณัฐชยา', 'ลายล้อมทอง', 'Ms.', 'Firstname', 'Lastname', 'F', '2.00216E+13', '5670193921.jpg'),
('5670288921', 'นางสาว', 'ผ่องรัมภา', 'ศรีสุวรรณ', 'Ms.', 'Firstname', 'Lastname', 'F', '2.00216E+13', '5670288921.jpg'),
('5670319721', 'นาย', 'พีรพัศ', 'ผลดีนานา', 'Mr.', 'Firstname', 'Lastname', 'M', '2.00216E+13', '5670319721.jpg'),
('5670349521', 'นาย', 'รดิศ', 'สมัญญาหิรัญ', 'Mr.', 'Firstname', 'Lastname', 'M', '2.00216E+13', '5670349521.jpg'),
('5670359821', 'นาย', 'วรจักร', 'จันทร์แว่น', 'Mr.', 'Firstname', 'Lastname', 'M', '2.00216E+13', '5670359821.jpg');

-- --------------------------------------------------------

--
-- Table structure for table `student_belong_to`
--

CREATE TABLE IF NOT EXISTS `student_belong_to` (
  `STUDENT_student_id` varchar(10) COLLATE utf8_unicode_ci NOT NULL,
  `FACULTY_faculty_id` int(11) NOT NULL
) ENGINE=InnoDB DEFAULT CHARSET=utf8 COLLATE=utf8_unicode_ci;

--
-- Dumping data for table `student_belong_to`
--

INSERT INTO `student_belong_to` (`STUDENT_student_id`, `FACULTY_faculty_id`) VALUES
('4771863721', 21),
('4830532321', 21),
('4871802521', 21),
('4871862121', 21),
('4971871921', 21),
('4971874821', 21),
('5071822621', 21),
('5071870721', 21),
('5130161821', 21),
('5130264821', 21),
('5130424921', 21),
('5131245021', 21),
('5131246721', 21),
('5131482421', 21),
('5131486021', 21),
('5131490421', 21),
('5131528721', 21),
('5171813021', 21),
('5171828521', 21),
('5171829121', 21),
('5171831321', 21),
('5171842221', 21),
('5171844521', 21),
('5171855421', 21),
('5171856021', 21),
('5171860521', 21),
('5230020021', 21),
('5230030321', 21),
('5230051521', 21),
('5230090021', 21),
('5230106421', 21),
('5230119621', 21),
('5230154521', 21),
('5230157421', 21),
('5230175721', 21),
('5230200721', 21),
('5230207121', 21),
('5230212221', 21),
('5230233421', 21),
('5230275821', 21),
('5230302021', 21),
('5230310021', 21),
('5230321021', 21),
('5230458321', 21),
('5230528621', 21),
('5230544621', 21),
('5230545221', 21),
('5230551021', 21),
('5230555521', 21),
('5230590421', 21),
('5230593321', 21),
('5230594021', 21),
('5230599121', 21),
('5230603021', 21),
('5230827221', 21),
('5230836921', 21),
('5231241621', 21),
('5231243921', 21),
('5231255421', 21),
('5231303921', 21),
('5231701021', 21),
('5231702621', 21),
('5231709021', 21),
('5231727321', 21),
('5270280421', 21),
('5270501121', 21),
('5270514321', 21),
('5270684321', 21),
('5270727721', 21),
('5270729021', 21),
('5270743721', 21),
('5270774121', 21),
('5270788021', 21),
('5270792421', 21),
('5270802021', 21),
('5270808921', 21),
('5270812321', 21),
('5270816921', 21),
('5270818121', 21),
('5270835821', 21),
('5270842121', 21),
('5270844421', 21),
('5270851821', 21),
('5271519721', 21),
('5271547221', 21),
('5271550021', 21),
('5271555221', 21),
('5271559821', 21),
('5271567821', 21),
('5271568421', 21),
('5271648021', 21),
('5271651821', 21),
('5271802221', 21),
('5271808021', 21),
('5271820521', 21),
('5271827021', 21),
('5271829221', 21),
('5271841721', 21),
('5271864121', 21),
('5271866421', 21),
('5271869321', 21),
('5271870921', 21),
('5330001221', 21),
('5330003521', 21),
('5330005821', 21),
('5330006421', 21),
('5330008721', 21),
('5330009321', 21),
('5330010921', 21),
('5330011521', 21),
('5330012121', 21),
('5330013821', 21),
('5330014421', 21),
('5330017321', 21),
('5330018021', 21),
('5330019621', 21),
('5330020121', 21),
('5330021821', 21),
('5330022421', 21),
('5330024721', 21),
('5330025321', 21),
('5330026021', 21),
('5330027621', 21),
('5330029921', 21),
('5330030421', 21),
('5330031021', 21),
('5330032721', 21),
('5330033321', 21),
('5330034021', 21),
('5330036221', 21),
('5330037921', 21),
('5330038521', 21),
('5330039121', 21),
('5330040721', 21),
('5330041321', 21),
('5330042021', 21),
('5330043621', 21),
('5330044221', 21),
('5330045921', 21),
('5330046521', 21),
('5330047121', 21),
('5330048821', 21),
('5330049421', 21),
('5330051621', 21),
('5330052221', 21),
('5330053921', 21),
('5330054521', 21),
('5330056821', 21),
('5330057421', 21),
('5330058021', 21),
('5330059721', 21),
('5330060221', 21),
('5330061921', 21),
('5330062521', 21),
('5330064821', 21),
('5330065421', 21),
('5330066021', 21),
('5330067721', 21),
('5330068321', 21),
('5330069021', 21),
('5330070521', 21),
('5330071121', 21),
('5330073421', 21),
('5330077021', 21),
('5330078621', 21),
('5330080821', 21),
('5330081421', 21),
('5330082021', 21),
('5330083721', 21),
('5330084321', 21),
('5330085021', 21),
('5330087221', 21),
('5330088921', 21),
('5330089521', 21),
('5330090021', 21),
('5330091721', 21),
('5330092321', 21),
('5330093021', 21),
('5330094621', 21),
('5330095221', 21),
('5330096921', 21),
('5330099821', 21),
('5330101321', 21),
('5330102021', 21),
('5330103621', 21),
('5330104221', 21),
('5330106521', 21),
('5330108821', 21),
('5330109421', 21),
('5330110021', 21),
('5330111621', 21),
('5330112221', 21),
('5330113921', 21),
('5330114521', 21),
('5330115121', 21),
('5330116821', 21),
('5330117421', 21),
('5330118021', 21),
('5330119721', 21),
('5330120221', 21),
('5330122521', 21),
('5330123121', 21),
('5330124821', 21),
('5330125421', 21),
('5330126021', 21),
('5330127721', 21),
('5330128321', 21),
('5330129021', 21),
('5330130521', 21),
('5330131121', 21),
('5330132821', 21),
('5330134021', 21),
('5330135721', 21),
('5330136321', 21),
('5330137021', 21),
('5330138621', 21),
('5330140821', 21),
('5330141421', 21),
('5330142021', 21),
('5330143721', 21),
('5330144321', 21),
('5330145021', 21),
('5330146621', 21),
('5330147221', 21),
('5330148921', 21),
('5330149521', 21),
('5330150021', 21),
('5330151721', 21),
('5330152321', 21),
('5330153021', 21),
('5330154621', 21),
('5330155221', 21),
('5330156921', 21),
('5330157521', 21),
('5330158121', 21),
('5330159821', 21),
('5330160321', 21),
('5330161021', 21),
('5330162621', 21),
('5330163221', 21),
('5330164921', 21),
('5330165521', 21),
('5330167821', 21),
('5330168421', 21),
('5330169021', 21),
('5330170621', 21),
('5330171221', 21),
('5330172921', 21),
('5330176421', 21),
('5330177021', 21),
('5330178721', 21),
('5330179321', 21),
('5330180921', 21),
('5330181521', 21),
('5330182121', 21),
('5330183821', 21),
('5330184421', 21),
('5330185021', 21),
('5330186721', 21),
('5330188021', 21),
('5330190121', 21),
('5330191821', 21),
('5330193021', 21),
('5330194721', 21),
('5330195321', 21),
('5330196021', 21),
('5330197621', 21),
('5330199921', 21),
('5330200821', 21),
('5330201421', 21),
('5330202021', 21),
('5330203721', 21),
('5330204321', 21),
('5330205021', 21),
('5330207221', 21),
('5330208921', 21),
('5330210021', 21),
('5330211721', 21),
('5330212321', 21),
('5330213021', 21),
('5330214621', 21),
('5330216921', 21),
('5330217521', 21),
('5330218121', 21),
('5330219821', 21),
('5330220321', 21),
('5330221021', 21),
('5330222621', 21),
('5330223221', 21),
('5330224921', 21),
('5330225521', 21),
('5330226121', 21),
('5330227821', 21),
('5330228421', 21),
('5330229021', 21),
('5330230621', 21),
('5330233521', 21),
('5330234121', 21),
('5330235821', 21),
('5330236421', 21),
('5330238721', 21),
('5330239321', 21),
('5330240921', 21),
('5330241521', 21),
('5330242121', 21),
('5330243821', 21),
('5330244421', 21),
('5330246721', 21),
('5330248021', 21),
('5330249621', 21),
('5330250121', 21),
('5330251821', 21),
('5330253021', 21),
('5330254721', 21),
('5330256021', 21),
('5330257621', 21),
('5330259921', 21),
('5330260421', 21),
('5330261021', 21),
('5330262721', 21),
('5330263321', 21),
('5330264021', 21),
('5330265621', 21),
('5330266221', 21),
('5330267921', 21),
('5330268521', 21),
('5330270721', 21),
('5330271321', 21),
('5330272021', 21),
('5330274221', 21),
('5330276521', 21),
('5330277121', 21),
('5330279421', 21),
('5330280021', 21),
('5330281621', 21),
('5330282221', 21),
('5330283921', 21),
('5330284521', 21),
('5330285121', 21),
('5330287421', 21),
('5330288021', 21),
('5330289721', 21),
('5330290221', 21),
('5330291921', 21),
('5330292521', 21),
('5330293121', 21),
('5330294821', 21),
('5330295421', 21),
('5330297721', 21),
('5330299021', 21),
('5330300921', 21),
('5330301521', 21),
('5330303821', 21),
('5330304421', 21),
('5330305021', 21),
('5330307321', 21),
('5330308021', 21),
('5330309621', 21),
('5330310121', 21),
('5330311821', 21),
('5330312421', 21),
('5330313021', 21),
('5330314721', 21),
('5330315321', 21),
('5330316021', 21),
('5330317621', 21),
('5330318221', 21),
('5330319921', 21),
('5330320421', 21),
('5330321021', 21),
('5330322721', 21),
('5330323321', 21),
('5330324021', 21),
('5330325621', 21),
('5330326221', 21),
('5330327921', 21),
('5330328521', 21),
('5330329121', 21),
('5330330721', 21),
('5330331321', 21),
('5330332021', 21),
('5330333621', 21),
('5330334221', 21),
('5330335921', 21),
('5330336521', 21),
('5330337121', 21),
('5330340021', 21),
('5330341621', 21),
('5330342221', 21),
('5330343921', 21),
('5330344521', 21),
('5330345121', 21),
('5330346821', 21),
('5330347421', 21),
('5330348021', 21),
('5330349721', 21),
('5330350221', 21),
('5330351921', 21),
('5330352521', 21),
('5330354821', 21),
('5330355421', 21),
('5330356021', 21),
('5330357721', 21),
('5330359021', 21),
('5330360521', 21),
('5330361121', 21),
('5330362821', 21),
('5330363421', 21),
('5330364021', 21),
('5330365721', 21),
('5330367021', 21),
('5330368621', 21),
('5330369221', 21),
('5330370821', 21),
('5330371421', 21),
('5330372021', 21),
('5330373721', 21),
('5330375021', 21),
('5330376621', 21),
('5330377221', 21),
('5330378921', 21),
('5330379521', 21),
('5330380021', 21),
('5330382321', 21),
('5330383021', 21),
('5330385221', 21),
('5330386921', 21),
('5330387521', 21),
('5330388121', 21),
('5330390321', 21),
('5330391021', 21),
('5330392621', 21),
('5330393221', 21),
('5330394921', 21),
('5330395521', 21),
('5330396121', 21),
('5330398421', 21),
('5330399021', 21),
('5330400021', 21),
('5330401621', 21),
('5330402221', 21),
('5330403921', 21),
('5330406821', 21),
('5330407421', 21),
('5330408021', 21),
('5330409721', 21),
('5330410221', 21),
('5330411921', 21),
('5330413121', 21),
('5330414821', 21),
('5330416021', 21),
('5330418321', 21),
('5330419021', 21),
('5330420521', 21),
('5330421121', 21),
('5330422821', 21),
('5330424021', 21),
('5330425721', 21),
('5330426321', 21),
('5330427021', 21),
('5330428621', 21),
('5330429221', 21),
('5330430821', 21),
('5330431421', 21),
('5330433721', 21),
('5330434321', 21),
('5330435021', 21),
('5330437221', 21),
('5330440021', 21),
('5330442321', 21),
('5330444621', 21),
('5330445221', 21),
('5330446921', 21),
('5330447521', 21),
('5330448121', 21),
('5330449821', 21),
('5330451021', 21),
('5330452621', 21),
('5330454921', 21),
('5330456121', 21),
('5330458421', 21),
('5330460621', 21),
('5330462921', 21),
('5330463521', 21),
('5330464121', 21),
('5330465821', 21),
('5330466421', 21),
('5330467021', 21),
('5330468721', 21),
('5330469321', 21),
('5330470921', 21),
('5330471521', 21),
('5330472121', 21),
('5330473821', 21),
('5330474421', 21),
('5330475021', 21),
('5330476721', 21),
('5330478021', 21),
('5330479621', 21),
('5330480121', 21),
('5330482421', 21),
('5330483021', 21),
('5330485321', 21),
('5330488221', 21),
('5330489921', 21),
('5330490421', 21),
('5330491021', 21),
('5330492721', 21),
('5330493321', 21),
('5330494021', 21),
('5330495621', 21),
('5330496221', 21),
('5330498521', 21),
('5330499121', 21),
('5330500021', 21),
('5330501721', 21),
('5330502321', 21),
('5330504621', 21),
('5330505221', 21),
('5330506921', 21),
('5330507521', 21),
('5330508121', 21),
('5330509821', 21),
('5330510321', 21),
('5330511021', 21),
('5330512621', 21),
('5330513221', 21),
('5330514921', 21),
('5330515521', 21),
('5330516121', 21),
('5330518421', 21),
('5330520621', 21),
('5330522921', 21),
('5330524121', 21),
('5330525821', 21),
('5330526421', 21),
('5330527021', 21),
('5330528721', 21),
('5330531521', 21),
('5330532121', 21),
('5330533821', 21),
('5330534421', 21),
('5330537321', 21),
('5330538021', 21),
('5330539621', 21),
('5330540121', 21),
('5330541821', 21),
('5330542421', 21),
('5330543021', 21),
('5330544721', 21),
('5330547621', 21),
('5330548221', 21),
('5330549921', 21),
('5330550421', 21),
('5330552721', 21),
('5330553321', 21),
('5330554021', 21),
('5330556221', 21),
('5330557921', 21),
('5330558521', 21),
('5330559121', 21),
('5330802621', 21),
('5330804921', 21),
('5330805521', 21),
('5330806121', 21),
('5330807821', 21),
('5330808421', 21),
('5330811221', 21),
('5330812921', 21),
('5330813521', 21),
('5330814121', 21),
('5330818721', 21),
('5330819321', 21),
('5330820921', 21),
('5330821521', 21),
('5330822121', 21),
('5330823821', 21),
('5330824421', 21),
('5330825021', 21),
('5330826721', 21),
('5330830121', 21),
('5330833021', 21),
('5330834721', 21),
('5330901021', 21),
('5330902721', 21),
('5330903321', 21),
('5330905621', 21),
('5330906221', 21),
('5330907921', 21),
('5330910721', 21),
('5330911321', 21),
('5330912021', 21),
('5330913621', 21),
('5330914221', 21),
('5330915921', 21),
('5330916521', 21),
('5330917121', 21),
('5330919421', 21),
('5330921621', 21),
('5330922221', 21),
('5331001421', 21),
('5331003721', 21),
('5331004321', 21),
('5331006621', 21),
('5331007221', 21),
('5331008921', 21),
('5331009521', 21),
('5331010021', 21),
('5331011721', 21),
('5331012321', 21),
('5331013021', 21),
('5331015221', 21),
('5331016921', 21),
('5331018121', 21),
('5331019821', 21),
('5331020321', 21),
('5331024921', 21),
('5331025521', 21),
('5331026121', 21),
('5331027821', 21),
('5331028421', 21),
('5331029021', 21),
('5331030621', 21),
('5331032921', 21),
('5331033521', 21),
('5331035821', 21),
('5331036421', 21),
('5331037021', 21),
('5331038721', 21),
('5331039321', 21),
('5331040921', 21),
('5331041521', 21),
('5331043821', 21),
('5331044421', 21),
('5331045021', 21),
('5331046721', 21),
('5331047321', 21),
('5331050121', 21),
('5331051821', 21),
('5331052421', 21),
('5331053021', 21),
('5331054721', 21),
('5331055321', 21),
('5331056021', 21),
('5331057621', 21),
('5331058221', 21),
('5331061021', 21),
('5331067921', 21),
('5331068521', 21),
('5331069121', 21),
('5331070721', 21),
('5331072021', 21),
('5331074221', 21),
('5331075921', 21),
('5331076521', 21),
('5331077121', 21),
('5331201621', 21),
('5331202221', 21),
('5331203921', 21),
('5331204521', 21),
('5331205121', 21),
('5331206821', 21),
('5331207421', 21),
('5331209721', 21),
('5331210221', 21),
('5331211921', 21),
('5331212521', 21),
('5331213121', 21),
('5331215421', 21),
('5331216021', 21),
('5331217721', 21),
('5331218321', 21),
('5331219021', 21),
('5331220521', 21),
('5331223421', 21),
('5331225721', 21),
('5331226321', 21),
('5331227021', 21),
('5331228621', 21),
('5331229221', 21),
('5331230821', 21),
('5331231421', 21),
('5331232021', 21),
('5331233721', 21),
('5331234321', 21),
('5331235021', 21),
('5331236621', 21),
('5331237221', 21),
('5331238921', 21),
('5331241721', 21),
('5331243021', 21),
('5331245221', 21),
('5331247521', 21),
('5331248121', 21),
('5331249821', 21),
('5331250321', 21),
('5331251021', 21),
('5331252621', 21),
('5331254921', 21),
('5331255521', 21),
('5331260621', 21),
('5331261221', 21),
('5331262921', 21),
('5331263521', 21),
('5331264121', 21),
('5331265821', 21),
('5331266421', 21),
('5331267021', 21),
('5331268721', 21),
('5331269321', 21),
('5331271521', 21),
('5331273821', 21),
('5331274421', 21),
('5331276721', 21),
('5331277321', 21),
('5331278021', 21),
('5331279621', 21),
('5331280121', 21),
('5331281821', 21),
('5331282421', 21),
('5331283021', 21),
('5331284721', 21),
('5331285321', 21),
('5331286021', 21),
('5331287621', 21),
('5331288221', 21),
('5331289921', 21),
('5331290421', 21),
('5331291021', 21),
('5331292721', 21),
('5331293321', 21),
('5331294021', 21),
('5331295621', 21),
('5331296221', 21),
('5331298521', 21),
('5331299121', 21),
('5331300021', 21),
('5331301721', 21),
('5331303021', 21),
('5331304621', 21),
('5331305221', 21),
('5331306921', 21),
('5331309821', 21),
('5331311021', 21),
('5331313221', 21),
('5331701021', 21),
('5331702721', 21),
('5331703321', 21),
('5331704021', 21),
('5331706221', 21),
('5331707921', 21),
('5331710721', 21),
('5331711321', 21),
('5331712021', 21),
('5370204921', 21),
('5370209021', 21),
('5370217021', 21),
('5370218721', 21),
('5370224421', 21),
('5370231821', 21),
('5370233021', 21),
('5370234721', 21),
('5370246221', 21),
('5370248521', 21),
('5370249121', 21),
('5370251321', 21),
('5370256521', 21),
('5370263921', 21),
('5370270221', 21),
('5370272521', 21),
('5370273121', 21),
('5370278321', 21),
('5370289221', 21),
('5370296621', 21),
('5370297221', 21),
('5370304021', 21),
('5370312021', 21),
('5370332521', 21),
('5370341121', 21),
('5370362321', 21),
('5370363021', 21),
('5370367521', 21),
('5370369821', 21),
('5370370321', 21),
('5370386421', 21),
('5370387021', 21),
('5370424621', 21),
('5370438421', 21),
('5370472721', 21),
('5370481321', 21),
('5370500621', 21),
('5370510921', 21),
('5370512121', 21),
('5370519621', 21),
('5370535621', 21),
('5370551621', 21),
('5370561921', 21),
('5370565421', 21),
('5370567721', 21),
('5370569021', 21),
('5370571121', 21),
('5370572821', 21),
('5370576321', 21),
('5370577021', 21),
('5370580821', 21),
('5370584321', 21),
('5370613921', 21),
('5370629021', 21),
('5370652321', 21),
('5370660321', 21),
('5370673521', 21),
('5370677021', 21),
('5371408821', 21),
('5371411621', 21),
('5371427721', 21),
('5371430521', 21),
('5371437021', 21),
('5371445021', 21),
('5371455221', 21),
('5371484421', 21),
('5371490121', 21),
('5371492421', 21),
('5371500821', 21),
('5371502021', 21),
('5371504321', 21),
('5371506621', 21),
('5371507221', 21),
('5371512321', 21),
('5371515221', 21),
('5371603821', 21),
('5371605021', 21),
('5371607321', 21),
('5371610121', 21),
('5371612421', 21),
('5371617621', 21),
('5371618221', 21),
('5371627921', 21),
('5371629121', 21),
('5371633621', 21),
('5371813221', 21),
('5371824121', 21),
('5371837321', 21),
('5371845321', 21),
('5470110621', 21),
('5470112921', 21),
('5470117021', 21),
('5470119321', 21),
('5470122121', 21),
('5470130121', 21),
('5470139921', 21),
('5470140421', 21),
('5470141021', 21),
('5470143321', 21),
('5470147921', 21),
('5470148521', 21),
('5470150721', 21),
('5470151321', 21),
('5470156521', 21),
('5470163921', 21),
('5470165121', 21),
('5470167421', 21),
('5470170221', 21),
('5470184021', 21),
('5470187021', 21),
('5470189221', 21),
('5470194321', 21),
('5470206221', 21),
('5470208521', 21),
('5470221621', 21),
('5470233121', 21),
('5470236021', 21),
('5470245721', 21),
('5470247021', 21),
('5470248621', 21),
('5470251421', 21),
('5470252021', 21),
('5470253721', 21),
('5470260021', 21),
('5470277821', 21),
('5470285821', 21),
('5470289321', 21),
('5470295021', 21),
('5470296721', 21),
('5470301121', 21),
('5470305721', 21),
('5470307021', 21),
('5470308621', 21),
('5470316621', 21),
('5470321721', 21),
('5470322321', 21),
('5470325221', 21),
('5470329821', 21),
('5470336121', 21),
('5470340621', 21),
('5470343521', 21),
('5470345821', 21),
('5470348721', 21),
('5470350921', 21),
('5470367621', 21),
('5470375621', 21),
('5470381321', 21),
('5470391621', 21),
('5470399721', 21),
('5470400621', 21),
('5470402921', 21),
('5470405821', 21),
('5470407021', 21),
('5470413821', 21),
('5470420121', 21),
('5470421821', 21),
('5470422421', 21),
('5470423021', 21),
('5470424721', 21),
('5470433321', 21),
('5470435621', 21),
('5470438521', 21),
('5470439121', 21),
('5470442021', 21),
('5470444221', 21),
('5470446521', 21),
('5470452221', 21),
('5470453921', 21),
('5470458021', 21),
('5470459721', 21),
('5470464821', 21),
('5470465421', 21),
('5470468321', 21),
('5470472821', 21),
('5470474021', 21),
('5470477021', 21),
('5470485021', 21),
('5470490021', 21),
('5470500721', 21),
('5470501321', 21),
('5470508821', 21),
('5470516821', 21),
('5470517421', 21),
('5470525421', 21),
('5470526021', 21),
('5470527721', 21),
('5470533421', 21),
('5470536321', 21),
('5470537021', 21),
('5470549521', 21),
('5470552321', 21),
('5470563221', 21),
('5470564921', 21),
('5470570621', 21),
('5470571221', 21),
('5470572921', 21),
('5470573521', 21),
('5470574121', 21),
('5470575821', 21),
('5470903021', 21),
('5470908121', 21),
('5470909821', 21),
('5470914921', 21),
('5470915521', 21),
('5470920621', 21),
('5470921221', 21),
('5470925821', 21),
('5470928721', 21),
('5470932121', 21),
('5470934421', 21),
('5470937321', 21),
('5470938021', 21),
('5470940121', 21),
('5470943021', 21),
('5470949921', 21),
('5470954021', 21),
('5470958521', 21),
('5470962021', 21),
('5470967121', 21),
('5470971621', 21),
('5470978021', 21),
('5470979721', 21),
('5470984821', 21),
('5470991121', 21),
('5471002721', 21),
('5471009121', 21),
('5471012021', 21),
('5471014221', 21),
('5471015921', 21),
('5471019421', 21),
('5471022221', 21),
('5471025121', 21),
('5471027421', 21),
('5471032521', 21),
('5471033121', 21),
('5471036021', 21),
('5471038321', 21),
('5471041121', 21),
('5471055021', 21),
('5471065221', 21),
('5471071021', 21),
('5471072621', 21),
('5471076121', 21),
('5471201221', 21),
('5471204121', 21),
('5471207021', 21),
('5471210921', 21),
('5471212121', 21),
('5471214421', 21),
('5471217321', 21),
('5471218021', 21),
('5471221821', 21),
('5471225321', 21),
('5471230421', 21),
('5471232721', 21),
('5471235621', 21),
('5471402021', 21),
('5530668021', 21),
('5530669721', 21),
('5530670221', 21),
('5530671921', 21),
('5570101021', 21),
('5570107921', 21),
('5570117121', 21),
('5570119421', 21),
('5570141121', 21),
('5570161721', 21),
('5570163021', 21),
('5570175521', 21),
('5570176121', 21),
('5570179021', 21),
('5570180621', 21),
('5570193821', 21),
('5570197321', 21),
('5570203421', 21),
('5570210821', 21),
('5570213721', 21),
('5570227521', 21),
('5570231021', 21),
('5570238421', 21),
('5570241221', 21),
('5570250921', 21),
('5570259621', 21),
('5570264721', 21),
('5570287121', 21),
('5570294521', 21),
('5570299721', 21),
('5570306421', 21),
('5570317321', 21),
('5570329921', 21),
('5570336221', 21),
('5570340721', 21),
('5570347121', 21),
('5570351621', 21),
('5570352221', 21),
('5570360221', 21),
('5570378621', 21),
('5570382021', 21),
('5570404221', 21),
('5570409421', 21),
('5570414521', 21),
('5570427721', 21),
('5570435721', 21),
('5570461021', 21),
('5570464921', 21),
('5570466121', 21),
('5570469021', 21),
('5570473521', 21),
('5570478721', 21),
('5570490121', 21),
('5570491821', 21),
('5570500821', 21),
('5570508921', 21),
('5570519821', 21),
('5570527821', 21),
('5570528421', 21),
('5570531221', 21),
('5570541521', 21),
('5570904721', 21),
('5570917921', 21),
('5570919121', 21),
('5570926521', 21),
('5570953421', 21),
('5570966621', 21),
('5570967221', 21),
('5570974621', 21),
('5570975221', 21),
('5570992921', 21),
('5570994121', 21),
('5570995821', 21),
('5570999321', 21),
('5670183621', 21),
('5670193921', 21),
('5670288921', 21),
('5670319721', 21),
('5670349521', 21),
('5670359821', 21);

-- --------------------------------------------------------

--
-- Table structure for table `teacher`
--

CREATE TABLE IF NOT EXISTS `teacher` (
  `teacher_id` varchar(10) COLLATE utf8_unicode_ci NOT NULL,
  `th_prefix` varchar(50) COLLATE utf8_unicode_ci DEFAULT NULL,
  `th_firstname` varchar(50) COLLATE utf8_unicode_ci DEFAULT NULL,
  `th_lastname` varchar(50) COLLATE utf8_unicode_ci DEFAULT NULL,
  `en_prefix` varchar(50) COLLATE utf8_unicode_ci DEFAULT NULL,
  `en_firstname` varchar(50) COLLATE utf8_unicode_ci DEFAULT NULL,
  `en_lastname` varchar(50) COLLATE utf8_unicode_ci DEFAULT NULL,
  `tel_number` varchar(50) COLLATE utf8_unicode_ci DEFAULT NULL
) ENGINE=InnoDB DEFAULT CHARSET=utf8 COLLATE=utf8_unicode_ci;

-- --------------------------------------------------------

--
-- Table structure for table `teacher_belong_to`
--

CREATE TABLE IF NOT EXISTS `teacher_belong_to` (
  `TEACHER_teacher_id` varchar(10) COLLATE utf8_unicode_ci NOT NULL,
  `FACULTY_faculty_id` int(11) NOT NULL
) ENGINE=InnoDB DEFAULT CHARSET=utf8 COLLATE=utf8_unicode_ci;

-- --------------------------------------------------------

--
-- Table structure for table `transaction`
--

CREATE TABLE IF NOT EXISTS `transaction` (
  `STUDENT_student_id` varchar(10) COLLATE utf8_unicode_ci NOT NULL,
  `SCHEDULE_schedule_id` int(11) NOT NULL,
  `seat` varchar(10) COLLATE utf8_unicode_ci DEFAULT NULL,
  `transaction_time` datetime DEFAULT NULL
) ENGINE=InnoDB DEFAULT CHARSET=utf8 COLLATE=utf8_unicode_ci;

-- --------------------------------------------------------

--
-- Table structure for table `vip_seats`
--

CREATE TABLE IF NOT EXISTS `vip_seats` (
  `SCHEDULE_schedule_id` int(11) NOT NULL,
  `vip_seat` varchar(10) COLLATE utf8_unicode_ci NOT NULL
) ENGINE=InnoDB DEFAULT CHARSET=utf8 COLLATE=utf8_unicode_ci;

--
-- Indexes for dumped tables
--

--
-- Indexes for table `attend`
--
ALTER TABLE `attend`
 ADD PRIMARY KEY (`GROUP_group_id`,`SCHEDULE_schedule_id`), ADD KEY `fk_GROUP_has_SCHEDULE_SCHEDULE1_idx` (`SCHEDULE_schedule_id`), ADD KEY `fk_GROUP_has_SCHEDULE_GROUP1_idx` (`GROUP_group_id`);

--
-- Indexes for table `conduct`
--
ALTER TABLE `conduct`
 ADD PRIMARY KEY (`TEACHER_teacher_id`,`SCHEDULE_schedule_id`), ADD KEY `fk_TEACHER_has_SCHEDULE_SCHEDULE1_idx` (`SCHEDULE_schedule_id`), ADD KEY `fk_TEACHER_has_SCHEDULE_TEACHER1_idx` (`TEACHER_teacher_id`);

--
-- Indexes for table `extra_extend`
--
ALTER TABLE `extra_extend`
 ADD PRIMARY KEY (`STUDENT_student_id`,`SCHEDULE_schedule_id`), ADD KEY `fk_STUDENT_has_SCHEDULE_SCHEDULE2_idx` (`SCHEDULE_schedule_id`), ADD KEY `fk_STUDENT_has_SCHEDULE_STUDENT2_idx` (`STUDENT_student_id`), ADD KEY `fk_EXTRA_EXTEND_TEACHER1_idx` (`TEACHER_teacher_id`);

--
-- Indexes for table `faculty`
--
ALTER TABLE `faculty`
 ADD PRIMARY KEY (`faculty_id`);

--
-- Indexes for table `group`
--
ALTER TABLE `group`
 ADD PRIMARY KEY (`group_id`);

--
-- Indexes for table `join`
--
ALTER TABLE `join`
 ADD PRIMARY KEY (`STUDENT_student_id`,`GROUP_group_id`), ADD KEY `fk_STUDENT_has_GROUP_GROUP1_idx` (`GROUP_group_id`), ADD KEY `fk_STUDENT_has_GROUP_STUDENT1_idx` (`STUDENT_student_id`);

--
-- Indexes for table `place`
--
ALTER TABLE `place`
 ADD PRIMARY KEY (`place_id`);

--
-- Indexes for table `schedule`
--
ALTER TABLE `schedule`
 ADD PRIMARY KEY (`schedule_id`), ADD KEY `fk_SCHEDULE_PLACE1_idx` (`PLACE_place_id`);

--
-- Indexes for table `student`
--
ALTER TABLE `student`
 ADD PRIMARY KEY (`student_id`);

--
-- Indexes for table `student_belong_to`
--
ALTER TABLE `student_belong_to`
 ADD PRIMARY KEY (`STUDENT_student_id`,`FACULTY_faculty_id`), ADD KEY `fk_STUDENT_BELONG_TO_STUDENT1_idx` (`STUDENT_student_id`), ADD KEY `fk_STUDENT_BELONG_TO_FACULTY1_idx` (`FACULTY_faculty_id`);

--
-- Indexes for table `teacher`
--
ALTER TABLE `teacher`
 ADD PRIMARY KEY (`teacher_id`);

--
-- Indexes for table `teacher_belong_to`
--
ALTER TABLE `teacher_belong_to`
 ADD PRIMARY KEY (`TEACHER_teacher_id`,`FACULTY_faculty_id`), ADD KEY `fk_TEACHER_BELONG_TO_TEACHER1_idx` (`TEACHER_teacher_id`), ADD KEY `fk_TEACHER_BELONG_TO_FACULTY1_idx` (`FACULTY_faculty_id`);

--
-- Indexes for table `transaction`
--
ALTER TABLE `transaction`
 ADD PRIMARY KEY (`STUDENT_student_id`,`SCHEDULE_schedule_id`), ADD KEY `fk_STUDENT_has_SCHEDULE_SCHEDULE1_idx` (`SCHEDULE_schedule_id`), ADD KEY `fk_STUDENT_has_SCHEDULE_STUDENT1_idx` (`STUDENT_student_id`);

--
-- Indexes for table `vip_seats`
--
ALTER TABLE `vip_seats`
 ADD PRIMARY KEY (`vip_seat`,`SCHEDULE_schedule_id`), ADD KEY `fk_VIP_SEATS_SCHEDULE_idx` (`SCHEDULE_schedule_id`);

--
-- AUTO_INCREMENT for dumped tables
--

--
-- AUTO_INCREMENT for table `group`
--
ALTER TABLE `group`
MODIFY `group_id` int(11) NOT NULL AUTO_INCREMENT,AUTO_INCREMENT=3;
--
-- AUTO_INCREMENT for table `place`
--
ALTER TABLE `place`
MODIFY `place_id` int(11) NOT NULL AUTO_INCREMENT,AUTO_INCREMENT=2;
--
-- AUTO_INCREMENT for table `schedule`
--
ALTER TABLE `schedule`
MODIFY `schedule_id` int(11) NOT NULL AUTO_INCREMENT,AUTO_INCREMENT=3;
--
-- Constraints for dumped tables
--

--
-- Constraints for table `attend`
--
ALTER TABLE `attend`
ADD CONSTRAINT `fk_GROUP_has_SCHEDULE_GROUP1` FOREIGN KEY (`GROUP_group_id`) REFERENCES `group` (`group_id`) ON DELETE NO ACTION ON UPDATE NO ACTION,
ADD CONSTRAINT `fk_GROUP_has_SCHEDULE_SCHEDULE1` FOREIGN KEY (`SCHEDULE_schedule_id`) REFERENCES `schedule` (`schedule_id`) ON DELETE NO ACTION ON UPDATE NO ACTION;

--
-- Constraints for table `conduct`
--
ALTER TABLE `conduct`
ADD CONSTRAINT `fk_TEACHER_has_SCHEDULE_SCHEDULE1` FOREIGN KEY (`SCHEDULE_schedule_id`) REFERENCES `schedule` (`schedule_id`) ON DELETE NO ACTION ON UPDATE NO ACTION,
ADD CONSTRAINT `fk_TEACHER_has_SCHEDULE_TEACHER1` FOREIGN KEY (`TEACHER_teacher_id`) REFERENCES `teacher` (`teacher_id`) ON DELETE NO ACTION ON UPDATE NO ACTION;

--
-- Constraints for table `extra_extend`
--
ALTER TABLE `extra_extend`
ADD CONSTRAINT `fk_EXTRA_EXTEND_TEACHER1` FOREIGN KEY (`TEACHER_teacher_id`) REFERENCES `teacher` (`teacher_id`) ON DELETE NO ACTION ON UPDATE NO ACTION,
ADD CONSTRAINT `fk_STUDENT_has_SCHEDULE_SCHEDULE2` FOREIGN KEY (`SCHEDULE_schedule_id`) REFERENCES `schedule` (`schedule_id`) ON DELETE NO ACTION ON UPDATE NO ACTION,
ADD CONSTRAINT `fk_STUDENT_has_SCHEDULE_STUDENT2` FOREIGN KEY (`STUDENT_student_id`) REFERENCES `student` (`student_id`) ON DELETE NO ACTION ON UPDATE NO ACTION;

--
-- Constraints for table `join`
--
ALTER TABLE `join`
ADD CONSTRAINT `fk_STUDENT_has_GROUP_GROUP1` FOREIGN KEY (`GROUP_group_id`) REFERENCES `group` (`group_id`) ON DELETE NO ACTION ON UPDATE NO ACTION,
ADD CONSTRAINT `fk_STUDENT_has_GROUP_STUDENT1` FOREIGN KEY (`STUDENT_student_id`) REFERENCES `student` (`student_id`) ON DELETE NO ACTION ON UPDATE NO ACTION;

--
-- Constraints for table `schedule`
--
ALTER TABLE `schedule`
ADD CONSTRAINT `fk_SCHEDULE_PLACE1` FOREIGN KEY (`PLACE_place_id`) REFERENCES `place` (`place_id`) ON DELETE NO ACTION ON UPDATE NO ACTION;

--
-- Constraints for table `student_belong_to`
--
ALTER TABLE `student_belong_to`
ADD CONSTRAINT `fk_STUDENT_BELONG_TO_FACULTY1` FOREIGN KEY (`FACULTY_faculty_id`) REFERENCES `faculty` (`faculty_id`) ON DELETE NO ACTION ON UPDATE NO ACTION,
ADD CONSTRAINT `fk_STUDENT_BELONG_TO_STUDENT1` FOREIGN KEY (`STUDENT_student_id`) REFERENCES `student` (`student_id`) ON DELETE NO ACTION ON UPDATE NO ACTION;

--
-- Constraints for table `teacher_belong_to`
--
ALTER TABLE `teacher_belong_to`
ADD CONSTRAINT `fk_TEACHER_BELONG_TO_FACULTY1` FOREIGN KEY (`FACULTY_faculty_id`) REFERENCES `faculty` (`faculty_id`) ON DELETE NO ACTION ON UPDATE NO ACTION,
ADD CONSTRAINT `fk_TEACHER_BELONG_TO_TEACHER1` FOREIGN KEY (`TEACHER_teacher_id`) REFERENCES `teacher` (`teacher_id`) ON DELETE NO ACTION ON UPDATE NO ACTION;

--
-- Constraints for table `transaction`
--
ALTER TABLE `transaction`
ADD CONSTRAINT `fk_STUDENT_has_SCHEDULE_SCHEDULE1` FOREIGN KEY (`SCHEDULE_schedule_id`) REFERENCES `schedule` (`schedule_id`) ON DELETE NO ACTION ON UPDATE NO ACTION,
ADD CONSTRAINT `fk_STUDENT_has_SCHEDULE_STUDENT1` FOREIGN KEY (`STUDENT_student_id`) REFERENCES `student` (`student_id`) ON DELETE NO ACTION ON UPDATE NO ACTION;

--
-- Constraints for table `vip_seats`
--
ALTER TABLE `vip_seats`
ADD CONSTRAINT `fk_VIP_SEATS_SCHEDULE` FOREIGN KEY (`SCHEDULE_schedule_id`) REFERENCES `schedule` (`schedule_id`) ON DELETE NO ACTION ON UPDATE NO ACTION;

/*!40101 SET CHARACTER_SET_CLIENT=@OLD_CHARACTER_SET_CLIENT */;
/*!40101 SET CHARACTER_SET_RESULTS=@OLD_CHARACTER_SET_RESULTS */;
/*!40101 SET COLLATION_CONNECTION=@OLD_COLLATION_CONNECTION */;
