-- phpMyAdmin SQL Dump
-- version 4.2.11
-- http://www.phpmyadmin.net
--
-- Host: 127.0.0.1
-- Generation Time: Apr 18, 2015 at 06:11 PM
-- Server version: 5.6.21
-- PHP Version: 5.6.3

INSERT INTO `attend` (`GROUP_group_id`, `SCHEDULE_schedule_id`, `attendance_order`) VALUES
(1, 1, 1);

INSERT INTO `faculty` (`faculty_id`, `th_faculty_name`, `en_faculty_name`) VALUES
(21, 'วิศวกรรมศาสตร์', 'Engineering');
INSERT INTO `group` (`group_id`, `th_group_name`, `en_group_name`, `international`, `degree`) VALUES
(1, 'วิศวกรรมศาสตร์ปริญญาตรี', 'Undergraduation Engineering', 0, 'ปริญญาตรี');
INSERT INTO `join` (`STUDENT_student_id`, `GROUP_group_id`, `order`, `honors`) VALUES
('4830532321', 1, 629, 'วิศวกรรมศาสตร์บัณฑิต'),
('5130161821', 1, 352, 'วิศวกรรมศาสตร์บัณฑิต'),
('5130264821', 1, 431, 'วิศวกรรมศาสตร์บัณฑิต'),
('5130424921', 1, 542, 'วิศวกรรมศาสตร์บัณฑิต'),
('5131245021', 1, 293, 'วิศวกรรมศาสตร์บัณฑิต'),
('5131246721', 1, 294, 'วิศวกรรมศาสตร์บัณฑิต'),
('5131482421', 1, 630, 'วิศวกรรมศาสตร์บัณฑิต'),
('5131486021', 1, 640, 'วิศวกรรมศาสตร์บัณฑิต'),
('5131490421', 1, 647, 'วิศวกรรมศาสตร์บัณฑิต'),
('5131528721', 1, 551, 'วิศวกรรมศาสตร์บัณฑิต'),
('5230020021', 1, 256, 'วิศวกรรมศาสตร์บัณฑิต'),
('5230030321', 1, 269, 'วิศวกรรมศาสตร์บัณฑิต'),
('5230051521', 1, 284, 'วิศวกรรมศาสตร์บัณฑิต'),
('5230090021', 1, 12, 'วิศวกรรมศาสตร์บัณฑิต'),
('5230106421', 1, 320, 'วิศวกรรมศาสตร์บัณฑิต'),
('5230119621', 1, 329, 'วิศวกรรมศาสตร์บัณฑิต'),
('5230154521', 1, 354, 'วิศวกรรมศาสตร์บัณฑิต'),
('5230157421', 1, 355, 'วิศวกรรมศาสตร์บัณฑิต'),
('5230175721', 1, 366, 'วิศวกรรมศาสตร์บัณฑิต'),
('5230200721', 1, 391, 'วิศวกรรมศาสตร์บัณฑิต'),
('5230207121', 1, 395, 'วิศวกรรมศาสตร์บัณฑิต'),
('5230212221', 1, 402, 'วิศวกรรมศาสตร์บัณฑิต'),
('5230233421', 1, 419, 'วิศวกรรมศาสตร์บัณฑิต'),
('5230275821', 1, 439, 'วิศวกรรมศาสตร์บัณฑิต'),
('5230302021', 1, 458, 'วิศวกรรมศาสตร์บัณฑิต'),
('5230310021', 1, 469, 'วิศวกรรมศาสตร์บัณฑิต'),
('5230321021', 1, 474, 'วิศวกรรมศาสตร์บัณฑิต'),
('5230458321', 1, 572, 'วิศวกรรมศาสตร์บัณฑิต'),
('5230528621', 1, 617, 'วิศวกรรมศาสตร์บัณฑิต'),
('5230544621', 1, 635, 'วิศวกรรมศาสตร์บัณฑิต'),
('5230545221', 1, 636, 'วิศวกรรมศาสตร์บัณฑิต'),
('5230551021', 1, 641, 'วิศวกรรมศาสตร์บัณฑิต'),
('5230555521', 1, 643, 'วิศวกรรมศาสตร์บัณฑิต'),
('5230590421', 1, 671, 'วิศวกรรมศาสตร์บัณฑิต'),
('5230593321', 1, 672, 'วิศวกรรมศาสตร์บัณฑิต'),
('5230594021', 1, 673, 'วิศวกรรมศาสตร์บัณฑิต'),
('5230599121', 1, 678, 'วิศวกรรมศาสตร์บัณฑิต'),
('5230603021', 1, 682, 'วิศวกรรมศาสตร์บัณฑิต'),
('5230827221', 1, 604, 'วิศวกรรมศาสตร์บัณฑิต'),
('5230836921', 1, 683, 'วิศวกรรมศาสตร์บัณฑิต'),
('5231241621', 1, 356, 'วิศวกรรมศาสตร์บัณฑิต'),
('5231243921', 1, 522, 'วิศวกรรมศาสตร์บัณฑิต'),
('5231255421', 1, 408, 'วิศวกรรมศาสตร์บัณฑิต'),
('5231303921', 1, 598, 'วิศวกรรมศาสตร์บัณฑิต'),
('5231701021', 1, 245, 'วิศวกรรมศาสตร์บัณฑิต'),
('5231702621', 1, 254, 'วิศวกรรมศาสตร์บัณฑิต'),
('5231709021', 1, 459, 'วิศวกรรมศาสตร์บัณฑิต'),
('5231727321', 1, 255, 'วิศวกรรมศาสตร์บัณฑิต'),
('5330001221', 1, 241, 'วิศวกรรมศาสตร์บัณฑิต'),
('5330003521', 1, 242, 'วิศวกรรมศาสตร์บัณฑิต'),
('5330005821', 1, 243, 'วิศวกรรมศาสตร์บัณฑิต'),
('5330006421', 1, 244, 'วิศวกรรมศาสตร์บัณฑิต'),
('5330008721', 1, 246, 'วิศวกรรมศาสตร์บัณฑิต'),
('5330009321', 1, 247, 'วิศวกรรมศาสตร์บัณฑิต'),
('5330010921', 1, 249, 'วิศวกรรมศาสตร์บัณฑิต'),
('5330011521', 1, 250, 'วิศวกรรมศาสตร์บัณฑิต'),
('5330012121', 1, 2, 'วิศวกรรมศาสตร์บัณฑิต'),
('5330013821', 1, 251, 'วิศวกรรมศาสตร์บัณฑิต'),
('5330014421', 1, 252, 'วิศวกรรมศาสตร์บัณฑิต'),
('5330017321', 1, 101, 'วิศวกรรมศาสตร์บัณฑิต'),
('5330018021', 1, 257, 'วิศวกรรมศาสตร์บัณฑิต'),
('5330019621', 1, 102, 'วิศวกรรมศาสตร์บัณฑิต'),
('5330020121', 1, 258, 'วิศวกรรมศาสตร์บัณฑิต'),
('5330021821', 1, 259, 'วิศวกรรมศาสตร์บัณฑิต'),
('5330022421', 1, 260, 'วิศวกรรมศาสตร์บัณฑิต'),
('5330024721', 1, 261, 'วิศวกรรมศาสตร์บัณฑิต'),
('5330025321', 1, 263, 'วิศวกรรมศาสตร์บัณฑิต'),
('5330026021', 1, 265, 'วิศวกรรมศาสตร์บัณฑิต'),
('5330027621', 1, 4, 'วิศวกรรมศาสตร์บัณฑิต'),
('5330029921', 1, 266, 'วิศวกรรมศาสตร์บัณฑิต'),
('5330030421', 1, 267, 'วิศวกรรมศาสตร์บัณฑิต'),
('5330031021', 1, 270, 'วิศวกรรมศาสตร์บัณฑิต'),
('5330032721', 1, 271, 'วิศวกรรมศาสตร์บัณฑิต'),
('5330033321', 1, 273, 'วิศวกรรมศาสตร์บัณฑิต'),
('5330034021', 1, 5, 'วิศวกรรมศาสตร์บัณฑิต'),
('5330036221', 1, 274, 'วิศวกรรมศาสตร์บัณฑิต'),
('5330037921', 1, 104, 'วิศวกรรมศาสตร์บัณฑิต'),
('5330038521', 1, 275, 'วิศวกรรมศาสตร์บัณฑิต'),
('5330039121', 1, 105, 'วิศวกรรมศาสตร์บัณฑิต'),
('5330040721', 1, 106, 'วิศวกรรมศาสตร์บัณฑิต'),
('5330041321', 1, 276, 'วิศวกรรมศาสตร์บัณฑิต'),
('5330042021', 1, 277, 'วิศวกรรมศาสตร์บัณฑิต'),
('5330043621', 1, 107, 'วิศวกรรมศาสตร์บัณฑิต'),
('5330044221', 1, 278, 'วิศวกรรมศาสตร์บัณฑิต'),
('5330045921', 1, 280, 'วิศวกรรมศาสตร์บัณฑิต'),
('5330046521', 1, 281, 'วิศวกรรมศาสตร์บัณฑิต'),
('5330047121', 1, 7, 'วิศวกรรมศาสตร์บัณฑิต'),
('5330048821', 1, 282, 'วิศวกรรมศาสตร์บัณฑิต'),
('5330049421', 1, 283, 'วิศวกรรมศาสตร์บัณฑิต'),
('5330051621', 1, 285, 'วิศวกรรมศาสตร์บัณฑิต'),
('5330052221', 1, 286, 'วิศวกรรมศาสตร์บัณฑิต'),
('5330053921', 1, 287, 'วิศวกรรมศาสตร์บัณฑิต'),
('5330054521', 1, 288, 'วิศวกรรมศาสตร์บัณฑิต'),
('5330056821', 1, 8, 'วิศวกรรมศาสตร์บัณฑิต'),
('5330057421', 1, 289, 'วิศวกรรมศาสตร์บัณฑิต'),
('5330058021', 1, 108, 'วิศวกรรมศาสตร์บัณฑิต'),
('5330059721', 1, 109, 'วิศวกรรมศาสตร์บัณฑิต'),
('5330060221', 1, 110, 'วิศวกรรมศาสตร์บัณฑิต'),
('5330061921', 1, 297, 'วิศวกรรมศาสตร์บัณฑิต'),
('5330062521', 1, 298, 'วิศวกรรมศาสตร์บัณฑิต'),
('5330064821', 1, 299, 'วิศวกรรมศาสตร์บัณฑิต'),
('5330065421', 1, 300, 'วิศวกรรมศาสตร์บัณฑิต'),
('5330066021', 1, 111, 'วิศวกรรมศาสตร์บัณฑิต'),
('5330067721', 1, 301, 'วิศวกรรมศาสตร์บัณฑิต'),
('5330068321', 1, 112, 'วิศวกรรมศาสตร์บัณฑิต'),
('5330069021', 1, 302, 'วิศวกรรมศาสตร์บัณฑิต'),
('5330070521', 1, 114, 'วิศวกรรมศาสตร์บัณฑิต'),
('5330071121', 1, 115, 'วิศวกรรมศาสตร์บัณฑิต'),
('5330073421', 1, 116, 'วิศวกรรมศาสตร์บัณฑิต'),
('5330077021', 1, 305, 'วิศวกรรมศาสตร์บัณฑิต'),
('5330078621', 1, 11, 'วิศวกรรมศาสตร์บัณฑิต'),
('5330080821', 1, 117, 'วิศวกรรมศาสตร์บัณฑิต'),
('5330081421', 1, 307, 'วิศวกรรมศาสตร์บัณฑิต'),
('5330082021', 1, 308, 'วิศวกรรมศาสตร์บัณฑิต'),
('5330083721', 1, 118, 'วิศวกรรมศาสตร์บัณฑิต'),
('5330084321', 1, 310, 'วิศวกรรมศาสตร์บัณฑิต'),
('5330085021', 1, 13, 'วิศวกรรมศาสตร์บัณฑิต'),
('5330087221', 1, 14, 'วิศวกรรมศาสตร์บัณฑิต'),
('5330088921', 1, 312, 'วิศวกรรมศาสตร์บัณฑิต'),
('5330089521', 1, 313, 'วิศวกรรมศาสตร์บัณฑิต'),
('5330090021', 1, 314, 'วิศวกรรมศาสตร์บัณฑิต'),
('5330091721', 1, 315, 'วิศวกรรมศาสตร์บัณฑิต'),
('5330092321', 1, 119, 'วิศวกรรมศาสตร์บัณฑิต'),
('5330093021', 1, 317, 'วิศวกรรมศาสตร์บัณฑิต'),
('5330094621', 1, 321, 'วิศวกรรมศาสตร์บัณฑิต'),
('5330095221', 1, 122, 'วิศวกรรมศาสตร์บัณฑิต'),
('5330096921', 1, 322, 'วิศวกรรมศาสตร์บัณฑิต'),
('5330099821', 1, 123, 'วิศวกรรมศาสตร์บัณฑิต'),
('5330101321', 1, 326, 'วิศวกรรมศาสตร์บัณฑิต'),
('5330102021', 1, 15, 'วิศวกรรมศาสตร์บัณฑิต'),
('5330103621', 1, 328, 'วิศวกรรมศาสตร์บัณฑิต'),
('5330104221', 1, 330, 'วิศวกรรมศาสตร์บัณฑิต'),
('5330106521', 1, 331, 'วิศวกรรมศาสตร์บัณฑิต'),
('5330108821', 1, 126, 'วิศวกรรมศาสตร์บัณฑิต'),
('5330109421', 1, 332, 'วิศวกรรมศาสตร์บัณฑิต'),
('5330110021', 1, 16, 'วิศวกรรมศาสตร์บัณฑิต'),
('5330111621', 1, 336, 'วิศวกรรมศาสตร์บัณฑิต'),
('5330112221', 1, 337, 'วิศวกรรมศาสตร์บัณฑิต'),
('5330113921', 1, 338, 'วิศวกรรมศาสตร์บัณฑิต'),
('5330114521', 1, 339, 'วิศวกรรมศาสตร์บัณฑิต'),
('5330115121', 1, 340, 'วิศวกรรมศาสตร์บัณฑิต'),
('5330116821', 1, 341, 'วิศวกรรมศาสตร์บัณฑิต'),
('5330117421', 1, 343, 'วิศวกรรมศาสตร์บัณฑิต'),
('5330118021', 1, 344, 'วิศวกรรมศาสตร์บัณฑิต'),
('5330119721', 1, 18, 'วิศวกรรมศาสตร์บัณฑิต'),
('5330120221', 1, 19, 'วิศวกรรมศาสตร์บัณฑิต'),
('5330122521', 1, 345, 'วิศวกรรมศาสตร์บัณฑิต'),
('5330123121', 1, 20, 'วิศวกรรมศาสตร์บัณฑิต'),
('5330124821', 1, 127, 'วิศวกรรมศาสตร์บัณฑิต'),
('5330125421', 1, 128, 'วิศวกรรมศาสตร์บัณฑิต'),
('5330126021', 1, 346, 'วิศวกรรมศาสตร์บัณฑิต'),
('5330127721', 1, 347, 'วิศวกรรมศาสตร์บัณฑิต'),
('5330128321', 1, 130, 'วิศวกรรมศาสตร์บัณฑิต'),
('5330129021', 1, 349, 'วิศวกรรมศาสตร์บัณฑิต'),
('5330130521', 1, 133, 'วิศวกรรมศาสตร์บัณฑิต'),
('5330131121', 1, 351, 'วิศวกรรมศาสตร์บัณฑิต'),
('5330132821', 1, 353, 'วิศวกรรมศาสตร์บัณฑิต'),
('5330134021', 1, 357, 'วิศวกรรมศาสตร์บัณฑิต'),
('5330135721', 1, 134, 'วิศวกรรมศาสตร์บัณฑิต'),
('5330136321', 1, 358, 'วิศวกรรมศาสตร์บัณฑิต'),
('5330137021', 1, 359, 'วิศวกรรมศาสตร์บัณฑิต'),
('5330138621', 1, 360, 'วิศวกรรมศาสตร์บัณฑิต'),
('5330140821', 1, 361, 'วิศวกรรมศาสตร์บัณฑิต'),
('5330141421', 1, 362, 'วิศวกรรมศาสตร์บัณฑิต'),
('5330142021', 1, 363, 'วิศวกรรมศาสตร์บัณฑิต'),
('5330143721', 1, 364, 'วิศวกรรมศาสตร์บัณฑิต'),
('5330144321', 1, 365, 'วิศวกรรมศาสตร์บัณฑิต'),
('5330145021', 1, 136, 'วิศวกรรมศาสตร์บัณฑิต'),
('5330146621', 1, 27, 'วิศวกรรมศาสตร์บัณฑิต'),
('5330147221', 1, 367, 'วิศวกรรมศาสตร์บัณฑิต'),
('5330148921', 1, 368, 'วิศวกรรมศาสตร์บัณฑิต'),
('5330149521', 1, 28, 'วิศวกรรมศาสตร์บัณฑิต'),
('5330150021', 1, 369, 'วิศวกรรมศาสตร์บัณฑิต'),
('5330151721', 1, 29, 'วิศวกรรมศาสตร์บัณฑิต'),
('5330152321', 1, 370, 'วิศวกรรมศาสตร์บัณฑิต'),
('5330153021', 1, 371, 'วิศวกรรมศาสตร์บัณฑิต'),
('5330154621', 1, 372, 'วิศวกรรมศาสตร์บัณฑิต'),
('5330155221', 1, 373, 'วิศวกรรมศาสตร์บัณฑิต'),
('5330156921', 1, 375, 'วิศวกรรมศาสตร์บัณฑิต'),
('5330157521', 1, 377, 'วิศวกรรมศาสตร์บัณฑิต'),
('5330158121', 1, 378, 'วิศวกรรมศาสตร์บัณฑิต'),
('5330159821', 1, 379, 'วิศวกรรมศาสตร์บัณฑิต'),
('5330160321', 1, 139, 'วิศวกรรมศาสตร์บัณฑิต'),
('5330161021', 1, 380, 'วิศวกรรมศาสตร์บัณฑิต'),
('5330162621', 1, 31, 'วิศวกรรมศาสตร์บัณฑิต'),
('5330163221', 1, 381, 'วิศวกรรมศาสตร์บัณฑิต'),
('5330164921', 1, 382, 'วิศวกรรมศาสตร์บัณฑิต'),
('5330165521', 1, 383, 'วิศวกรรมศาสตร์บัณฑิต'),
('5330167821', 1, 384, 'วิศวกรรมศาสตร์บัณฑิต'),
('5330168421', 1, 385, 'วิศวกรรมศาสตร์บัณฑิต'),
('5330169021', 1, 141, 'วิศวกรรมศาสตร์บัณฑิต'),
('5330170621', 1, 386, 'วิศวกรรมศาสตร์บัณฑิต'),
('5330171221', 1, 142, 'วิศวกรรมศาสตร์บัณฑิต'),
('5330172921', 1, 387, 'วิศวกรรมศาสตร์บัณฑิต'),
('5330176421', 1, 388, 'วิศวกรรมศาสตร์บัณฑิต'),
('5330177021', 1, 389, 'วิศวกรรมศาสตร์บัณฑิต'),
('5330178721', 1, 33, 'วิศวกรรมศาสตร์บัณฑิต'),
('5330179321', 1, 390, 'วิศวกรรมศาสตร์บัณฑิต'),
('5330180921', 1, 34, 'วิศวกรรมศาสตร์บัณฑิต'),
('5330181521', 1, 392, 'วิศวกรรมศาสตร์บัณฑิต'),
('5330182121', 1, 393, 'วิศวกรรมศาสตร์บัณฑิต'),
('5330183821', 1, 394, 'วิศวกรรมศาสตร์บัณฑิต'),
('5330184421', 1, 396, 'วิศวกรรมศาสตร์บัณฑิต'),
('5330185021', 1, 397, 'วิศวกรรมศาสตร์บัณฑิต'),
('5330186721', 1, 398, 'วิศวกรรมศาสตร์บัณฑิต'),
('5330188021', 1, 403, 'วิศวกรรมศาสตร์บัณฑิต'),
('5330190121', 1, 405, 'วิศวกรรมศาสตร์บัณฑิต'),
('5330191821', 1, 406, 'วิศวกรรมศาสตร์บัณฑิต'),
('5330193021', 1, 411, 'วิศวกรรมศาสตร์บัณฑิต'),
('5330194721', 1, 412, 'วิศวกรรมศาสตร์บัณฑิต'),
('5330195321', 1, 416, 'วิศวกรรมศาสตร์บัณฑิต'),
('5330196021', 1, 38, 'วิศวกรรมศาสตร์บัณฑิต'),
('5330197621', 1, 417, 'วิศวกรรมศาสตร์บัณฑิต'),
('5330199921', 1, 420, 'วิศวกรรมศาสตร์บัณฑิต'),
('5330200821', 1, 421, 'วิศวกรรมศาสตร์บัณฑิต'),
('5330201421', 1, 39, 'วิศวกรรมศาสตร์บัณฑิต'),
('5330202021', 1, 144, 'วิศวกรรมศาสตร์บัณฑิต'),
('5330203721', 1, 40, 'วิศวกรรมศาสตร์บัณฑิต'),
('5330204321', 1, 146, 'วิศวกรรมศาสตร์บัณฑิต'),
('5330205021', 1, 147, 'วิศวกรรมศาสตร์บัณฑิต'),
('5330207221', 1, 424, 'วิศวกรรมศาสตร์บัณฑิต'),
('5330208921', 1, 148, 'วิศวกรรมศาสตร์บัณฑิต'),
('5330210021', 1, 149, 'วิศวกรรมศาสตร์บัณฑิต'),
('5330211721', 1, 150, 'วิศวกรรมศาสตร์บัณฑิต'),
('5330212321', 1, 151, 'วิศวกรรมศาสตร์บัณฑิต'),
('5330213021', 1, 425, 'วิศวกรรมศาสตร์บัณฑิต'),
('5330214621', 1, 426, 'วิศวกรรมศาสตร์บัณฑิต'),
('5330216921', 1, 427, 'วิศวกรรมศาสตร์บัณฑิต'),
('5330217521', 1, 152, 'วิศวกรรมศาสตร์บัณฑิต'),
('5330218121', 1, 153, 'วิศวกรรมศาสตร์บัณฑิต'),
('5330219821', 1, 428, 'วิศวกรรมศาสตร์บัณฑิต'),
('5330220321', 1, 154, 'วิศวกรรมศาสตร์บัณฑิต'),
('5330221021', 1, 430, 'วิศวกรรมศาสตร์บัณฑิต'),
('5330222621', 1, 155, 'วิศวกรรมศาสตร์บัณฑิต'),
('5330223221', 1, 432, 'วิศวกรรมศาสตร์บัณฑิต'),
('5330224921', 1, 433, 'วิศวกรรมศาสตร์บัณฑิต'),
('5330225521', 1, 434, 'วิศวกรรมศาสตร์บัณฑิต'),
('5330226121', 1, 435, 'วิศวกรรมศาสตร์บัณฑิต'),
('5330227821', 1, 436, 'วิศวกรรมศาสตร์บัณฑิต'),
('5330228421', 1, 42, 'วิศวกรรมศาสตร์บัณฑิต'),
('5330229021', 1, 158, 'วิศวกรรมศาสตร์บัณฑิต'),
('5330230621', 1, 43, 'วิศวกรรมศาสตร์บัณฑิต'),
('5330233521', 1, 159, 'วิศวกรรมศาสตร์บัณฑิต'),
('5330234121', 1, 438, 'วิศวกรรมศาสตร์บัณฑิต'),
('5330235821', 1, 440, 'วิศวกรรมศาสตร์บัณฑิต'),
('5330236421', 1, 441, 'วิศวกรรมศาสตร์บัณฑิต'),
('5330238721', 1, 160, 'วิศวกรรมศาสตร์บัณฑิต'),
('5330239321', 1, 445, 'วิศวกรรมศาสตร์บัณฑิต'),
('5330240921', 1, 446, 'วิศวกรรมศาสตร์บัณฑิต'),
('5330241521', 1, 447, 'วิศวกรรมศาสตร์บัณฑิต'),
('5330242121', 1, 448, 'วิศวกรรมศาสตร์บัณฑิต'),
('5330243821', 1, 449, 'วิศวกรรมศาสตร์บัณฑิต'),
('5330244421', 1, 450, 'วิศวกรรมศาสตร์บัณฑิต'),
('5330246721', 1, 47, 'วิศวกรรมศาสตร์บัณฑิต'),
('5330248021', 1, 452, 'วิศวกรรมศาสตร์บัณฑิต'),
('5330249621', 1, 453, 'วิศวกรรมศาสตร์บัณฑิต'),
('5330250121', 1, 454, 'วิศวกรรมศาสตร์บัณฑิต'),
('5330251821', 1, 161, 'วิศวกรรมศาสตร์บัณฑิต'),
('5330253021', 1, 455, 'วิศวกรรมศาสตร์บัณฑิต'),
('5330254721', 1, 456, 'วิศวกรรมศาสตร์บัณฑิต'),
('5330256021', 1, 457, 'วิศวกรรมศาสตร์บัณฑิต'),
('5330257621', 1, 162, 'วิศวกรรมศาสตร์บัณฑิต'),
('5330259921', 1, 49, 'วิศวกรรมศาสตร์บัณฑิต'),
('5330260421', 1, 460, 'วิศวกรรมศาสตร์บัณฑิต'),
('5330261021', 1, 462, 'วิศวกรรมศาสตร์บัณฑิต'),
('5330262721', 1, 163, 'วิศวกรรมศาสตร์บัณฑิต'),
('5330263321', 1, 463, 'วิศวกรรมศาสตร์บัณฑิต'),
('5330264021', 1, 164, 'วิศวกรรมศาสตร์บัณฑิต'),
('5330265621', 1, 464, 'วิศวกรรมศาสตร์บัณฑิต'),
('5330266221', 1, 465, 'วิศวกรรมศาสตร์บัณฑิต'),
('5330267921', 1, 467, 'วิศวกรรมศาสตร์บัณฑิต'),
('5330268521', 1, 165, 'วิศวกรรมศาสตร์บัณฑิต'),
('5330270721', 1, 166, 'วิศวกรรมศาสตร์บัณฑิต'),
('5330271321', 1, 471, 'วิศวกรรมศาสตร์บัณฑิต'),
('5330272021', 1, 472, 'วิศวกรรมศาสตร์บัณฑิต'),
('5330274221', 1, 473, 'วิศวกรรมศาสตร์บัณฑิต'),
('5330276521', 1, 475, 'วิศวกรรมศาสตร์บัณฑิต'),
('5330277121', 1, 476, 'วิศวกรรมศาสตร์บัณฑิต'),
('5330279421', 1, 167, 'วิศวกรรมศาสตร์บัณฑิต'),
('5330280021', 1, 52, 'วิศวกรรมศาสตร์บัณฑิต'),
('5330281621', 1, 478, 'วิศวกรรมศาสตร์บัณฑิต'),
('5330282221', 1, 480, 'วิศวกรรมศาสตร์บัณฑิต'),
('5330283921', 1, 481, 'วิศวกรรมศาสตร์บัณฑิต'),
('5330284521', 1, 482, 'วิศวกรรมศาสตร์บัณฑิต'),
('5330285121', 1, 483, 'วิศวกรรมศาสตร์บัณฑิต'),
('5330287421', 1, 169, 'วิศวกรรมศาสตร์บัณฑิต'),
('5330288021', 1, 484, 'วิศวกรรมศาสตร์บัณฑิต'),
('5330289721', 1, 170, 'วิศวกรรมศาสตร์บัณฑิต'),
('5330290221', 1, 55, 'วิศวกรรมศาสตร์บัณฑิต'),
('5330291921', 1, 485, 'วิศวกรรมศาสตร์บัณฑิต'),
('5330292521', 1, 56, 'วิศวกรรมศาสตร์บัณฑิต'),
('5330293121', 1, 57, 'วิศวกรรมศาสตร์บัณฑิต'),
('5330294821', 1, 487, 'วิศวกรรมศาสตร์บัณฑิต'),
('5330295421', 1, 488, 'วิศวกรรมศาสตร์บัณฑิต'),
('5330297721', 1, 489, 'วิศวกรรมศาสตร์บัณฑิต'),
('5330299021', 1, 491, 'วิศวกรรมศาสตร์บัณฑิต'),
('5330300921', 1, 492, 'วิศวกรรมศาสตร์บัณฑิต'),
('5330301521', 1, 493, 'วิศวกรรมศาสตร์บัณฑิต'),
('5330303821', 1, 494, 'วิศวกรรมศาสตร์บัณฑิต'),
('5330304421', 1, 495, 'วิศวกรรมศาสตร์บัณฑิต'),
('5330305021', 1, 496, 'วิศวกรรมศาสตร์บัณฑิต'),
('5330307321', 1, 497, 'วิศวกรรมศาสตร์บัณฑิต'),
('5330308021', 1, 171, 'วิศวกรรมศาสตร์บัณฑิต'),
('5330309621', 1, 60, 'วิศวกรรมศาสตร์บัณฑิต'),
('5330310121', 1, 172, 'วิศวกรรมศาสตร์บัณฑิต'),
('5330311821', 1, 499, 'วิศวกรรมศาสตร์บัณฑิต'),
('5330312421', 1, 500, 'วิศวกรรมศาสตร์บัณฑิต'),
('5330313021', 1, 501, 'วิศวกรรมศาสตร์บัณฑิต'),
('5330314721', 1, 502, 'วิศวกรรมศาสตร์บัณฑิต'),
('5330315321', 1, 503, 'วิศวกรรมศาสตร์บัณฑิต'),
('5330316021', 1, 173, 'วิศวกรรมศาสตร์บัณฑิต'),
('5330317621', 1, 505, 'วิศวกรรมศาสตร์บัณฑิต'),
('5330318221', 1, 506, 'วิศวกรรมศาสตร์บัณฑิต'),
('5330319921', 1, 61, 'วิศวกรรมศาสตร์บัณฑิต'),
('5330320421', 1, 507, 'วิศวกรรมศาสตร์บัณฑิต'),
('5330321021', 1, 508, 'วิศวกรรมศาสตร์บัณฑิต'),
('5330322721', 1, 509, 'วิศวกรรมศาสตร์บัณฑิต'),
('5330323321', 1, 174, 'วิศวกรรมศาสตร์บัณฑิต'),
('5330324021', 1, 510, 'วิศวกรรมศาสตร์บัณฑิต'),
('5330325621', 1, 175, 'วิศวกรรมศาสตร์บัณฑิต'),
('5330326221', 1, 511, 'วิศวกรรมศาสตร์บัณฑิต'),
('5330327921', 1, 512, 'วิศวกรรมศาสตร์บัณฑิต'),
('5330328521', 1, 513, 'วิศวกรรมศาสตร์บัณฑิต'),
('5330329121', 1, 177, 'วิศวกรรมศาสตร์บัณฑิต'),
('5330330721', 1, 59, 'วิศวกรรมศาสตร์บัณฑิต'),
('5330331321', 1, 514, 'วิศวกรรมศาสตร์บัณฑิต'),
('5330332021', 1, 515, 'วิศวกรรมศาสตร์บัณฑิต'),
('5330333621', 1, 178, 'วิศวกรรมศาสตร์บัณฑิต'),
('5330334221', 1, 179, 'วิศวกรรมศาสตร์บัณฑิต'),
('5330335921', 1, 518, 'วิศวกรรมศาสตร์บัณฑิต'),
('5330336521', 1, 520, 'วิศวกรรมศาสตร์บัณฑิต'),
('5330337121', 1, 180, 'วิศวกรรมศาสตร์บัณฑิต'),
('5330340021', 1, 527, 'วิศวกรรมศาสตร์บัณฑิต'),
('5330341621', 1, 528, 'วิศวกรรมศาสตร์บัณฑิต'),
('5330342221', 1, 529, 'วิศวกรรมศาสตร์บัณฑิต'),
('5330343921', 1, 530, 'วิศวกรรมศาสตร์บัณฑิต'),
('5330344521', 1, 531, 'วิศวกรรมศาสตร์บัณฑิต'),
('5330345121', 1, 65, 'วิศวกรรมศาสตร์บัณฑิต'),
('5330346821', 1, 182, 'วิศวกรรมศาสตร์บัณฑิต'),
('5330347421', 1, 533, 'วิศวกรรมศาสตร์บัณฑิต'),
('5330348021', 1, 534, 'วิศวกรรมศาสตร์บัณฑิต'),
('5330349721', 1, 184, 'วิศวกรรมศาสตร์บัณฑิต'),
('5330350221', 1, 539, 'วิศวกรรมศาสตร์บัณฑิต'),
('5330351921', 1, 540, 'วิศวกรรมศาสตร์บัณฑิต'),
('5330352521', 1, 186, 'วิศวกรรมศาสตร์บัณฑิต'),
('5330354821', 1, 543, 'วิศวกรรมศาสตร์บัณฑิต'),
('5330355421', 1, 187, 'วิศวกรรมศาสตร์บัณฑิต'),
('5330356021', 1, 545, 'วิศวกรรมศาสตร์บัณฑิต'),
('5330357721', 1, 546, 'วิศวกรรมศาสตร์บัณฑิต'),
('5330359021', 1, 547, 'วิศวกรรมศาสตร์บัณฑิต'),
('5330360521', 1, 190, 'วิศวกรรมศาสตร์บัณฑิต'),
('5330361121', 1, 68, 'วิศวกรรมศาสตร์บัณฑิต'),
('5330362821', 1, 548, 'วิศวกรรมศาสตร์บัณฑิต'),
('5330363421', 1, 549, 'วิศวกรรมศาสตร์บัณฑิต'),
('5330364021', 1, 191, 'วิศวกรรมศาสตร์บัณฑิต'),
('5330365721', 1, 69, 'วิศวกรรมศาสตร์บัณฑิต'),
('5330367021', 1, 552, 'วิศวกรรมศาสตร์บัณฑิต'),
('5330368621', 1, 193, 'วิศวกรรมศาสตร์บัณฑิต'),
('5330369221', 1, 553, 'วิศวกรรมศาสตร์บัณฑิต'),
('5330370821', 1, 554, 'วิศวกรรมศาสตร์บัณฑิต'),
('5330371421', 1, 557, 'วิศวกรรมศาสตร์บัณฑิต'),
('5330372021', 1, 196, 'วิศวกรรมศาสตร์บัณฑิต'),
('5330373721', 1, 558, 'วิศวกรรมศาสตร์บัณฑิต'),
('5330375021', 1, 318, 'วิศวกรรมศาสตร์บัณฑิต'),
('5330376621', 1, 197, 'วิศวกรรมศาสตร์บัณฑิต'),
('5330377221', 1, 562, 'วิศวกรรมศาสตร์บัณฑิต'),
('5330378921', 1, 71, 'วิศวกรรมศาสตร์บัณฑิต'),
('5330379521', 1, 198, 'วิศวกรรมศาสตร์บัณฑิต'),
('5330380021', 1, 201, 'วิศวกรรมศาสตร์บัณฑิต'),
('5330382321', 1, 564, 'วิศวกรรมศาสตร์บัณฑิต'),
('5330383021', 1, 565, 'วิศวกรรมศาสตร์บัณฑิต'),
('5330385221', 1, 566, 'วิศวกรรมศาสตร์บัณฑิต'),
('5330386921', 1, 202, 'วิศวกรรมศาสตร์บัณฑิต'),
('5330387521', 1, 568, 'วิศวกรรมศาสตร์บัณฑิต'),
('5330388121', 1, 203, 'วิศวกรรมศาสตร์บัณฑิต'),
('5330390321', 1, 569, 'วิศวกรรมศาสตร์บัณฑิต'),
('5330391021', 1, 72, 'วิศวกรรมศาสตร์บัณฑิต'),
('5330392621', 1, 570, 'วิศวกรรมศาสตร์บัณฑิต'),
('5330393221', 1, 204, 'วิศวกรรมศาสตร์บัณฑิต'),
('5330394921', 1, 571, 'วิศวกรรมศาสตร์บัณฑิต'),
('5330395521', 1, 73, 'วิศวกรรมศาสตร์บัณฑิต'),
('5330396121', 1, 303, 'วิศวกรรมศาสตร์บัณฑิต'),
('5330398421', 1, 573, 'วิศวกรรมศาสตร์บัณฑิต'),
('5330399021', 1, 574, 'วิศวกรรมศาสตร์บัณฑิต'),
('5330400021', 1, 575, 'วิศวกรรมศาสตร์บัณฑิต'),
('5330401621', 1, 576, 'วิศวกรรมศาสตร์บัณฑิต'),
('5330402221', 1, 207, 'วิศวกรรมศาสตร์บัณฑิต'),
('5330403921', 1, 208, 'วิศวกรรมศาสตร์บัณฑิต'),
('5330406821', 1, 578, 'วิศวกรรมศาสตร์บัณฑิต'),
('5330407421', 1, 579, 'วิศวกรรมศาสตร์บัณฑิต'),
('5330408021', 1, 580, 'วิศวกรรมศาสตร์บัณฑิต'),
('5330409721', 1, 75, 'วิศวกรรมศาสตร์บัณฑิต'),
('5330410221', 1, 581, 'วิศวกรรมศาสตร์บัณฑิต'),
('5330411921', 1, 583, 'วิศวกรรมศาสตร์บัณฑิต'),
('5330413121', 1, 584, 'วิศวกรรมศาสตร์บัณฑิต'),
('5330414821', 1, 585, 'วิศวกรรมศาสตร์บัณฑิต'),
('5330416021', 1, 586, 'วิศวกรรมศาสตร์บัณฑิต'),
('5330418321', 1, 587, 'วิศวกรรมศาสตร์บัณฑิต'),
('5330419021', 1, 588, 'วิศวกรรมศาสตร์บัณฑิต'),
('5330420521', 1, 209, 'วิศวกรรมศาสตร์บัณฑิต'),
('5330421121', 1, 589, 'วิศวกรรมศาสตร์บัณฑิต'),
('5330422821', 1, 590, 'วิศวกรรมศาสตร์บัณฑิต'),
('5330424021', 1, 592, 'วิศวกรรมศาสตร์บัณฑิต'),
('5330425721', 1, 593, 'วิศวกรรมศาสตร์บัณฑิต'),
('5330426321', 1, 594, 'วิศวกรรมศาสตร์บัณฑิต'),
('5330427021', 1, 210, 'วิศวกรรมศาสตร์บัณฑิต'),
('5330428621', 1, 595, 'วิศวกรรมศาสตร์บัณฑิต'),
('5330429221', 1, 596, 'วิศวกรรมศาสตร์บัณฑิต'),
('5330430821', 1, 212, 'วิศวกรรมศาสตร์บัณฑิต'),
('5330431421', 1, 78, 'วิศวกรรมศาสตร์บัณฑิต'),
('5330433721', 1, 213, 'วิศวกรรมศาสตร์บัณฑิต'),
('5330434321', 1, 214, 'วิศวกรรมศาสตร์บัณฑิต'),
('5330435021', 1, 599, 'วิศวกรรมศาสตร์บัณฑิต'),
('5330437221', 1, 600, 'วิศวกรรมศาสตร์บัณฑิต'),
('5330440021', 1, 602, 'วิศวกรรมศาสตร์บัณฑิต'),
('5330442321', 1, 603, 'วิศวกรรมศาสตร์บัณฑิต'),
('5330444621', 1, 605, 'วิศวกรรมศาสตร์บัณฑิต'),
('5330445221', 1, 606, 'วิศวกรรมศาสตร์บัณฑิต'),
('5330446921', 1, 607, 'วิศวกรรมศาสตร์บัณฑิต'),
('5330447521', 1, 608, 'วิศวกรรมศาสตร์บัณฑิต'),
('5330448121', 1, 609, 'วิศวกรรมศาสตร์บัณฑิต'),
('5330449821', 1, 610, 'วิศวกรรมศาสตร์บัณฑิต'),
('5330451021', 1, 613, 'วิศวกรรมศาสตร์บัณฑิต'),
('5330452621', 1, 81, 'วิศวกรรมศาสตร์บัณฑิต'),
('5330454921', 1, 82, 'วิศวกรรมศาสตร์บัณฑิต'),
('5330456121', 1, 615, 'วิศวกรรมศาสตร์บัณฑิต'),
('5330458421', 1, 216, 'วิศวกรรมศาสตร์บัณฑิต'),
('5330460621', 1, 85, 'วิศวกรรมศาสตร์บัณฑิต'),
('5330462921', 1, 619, 'วิศวกรรมศาสตร์บัณฑิต'),
('5330463521', 1, 620, 'วิศวกรรมศาสตร์บัณฑิต'),
('5330464121', 1, 623, 'วิศวกรรมศาสตร์บัณฑิต'),
('5330465821', 1, 86, 'วิศวกรรมศาสตร์บัณฑิต'),
('5330466421', 1, 625, 'วิศวกรรมศาสตร์บัณฑิต'),
('5330467021', 1, 626, 'วิศวกรรมศาสตร์บัณฑิต'),
('5330468721', 1, 217, 'วิศวกรรมศาสตร์บัณฑิต'),
('5330469321', 1, 87, 'วิศวกรรมศาสตร์บัณฑิต'),
('5330470921', 1, 627, 'วิศวกรรมศาสตร์บัณฑิต'),
('5330471521', 1, 628, 'วิศวกรรมศาสตร์บัณฑิต'),
('5330472121', 1, 89, 'วิศวกรรมศาสตร์บัณฑิต'),
('5330473821', 1, 631, 'วิศวกรรมศาสตร์บัณฑิต'),
('5330474421', 1, 219, 'วิศวกรรมศาสตร์บัณฑิต'),
('5330475021', 1, 632, 'วิศวกรรมศาสตร์บัณฑิต'),
('5330476721', 1, 633, 'วิศวกรรมศาสตร์บัณฑิต'),
('5330478021', 1, 637, 'วิศวกรรมศาสตร์บัณฑิต'),
('5330479621', 1, 638, 'วิศวกรรมศาสตร์บัณฑิต'),
('5330480121', 1, 222, 'วิศวกรรมศาสตร์บัณฑิต'),
('5330482421', 1, 223, 'วิศวกรรมศาสตร์บัณฑิต'),
('5330483021', 1, 642, 'วิศวกรรมศาสตร์บัณฑิต'),
('5330485321', 1, 224, 'วิศวกรรมศาสตร์บัณฑิต'),
('5330488221', 1, 645, 'วิศวกรรมศาสตร์บัณฑิต'),
('5330489921', 1, 646, 'วิศวกรรมศาสตร์บัณฑิต'),
('5330490421', 1, 225, 'วิศวกรรมศาสตร์บัณฑิต'),
('5330491021', 1, 226, 'วิศวกรรมศาสตร์บัณฑิต'),
('5330492721', 1, 650, 'วิศวกรรมศาสตร์บัณฑิต'),
('5330493321', 1, 651, 'วิศวกรรมศาสตร์บัณฑิต'),
('5330494021', 1, 652, 'วิศวกรรมศาสตร์บัณฑิต'),
('5330495621', 1, 653, 'วิศวกรรมศาสตร์บัณฑิต'),
('5330496221', 1, 654, 'วิศวกรรมศาสตร์บัณฑิต'),
('5330498521', 1, 655, 'วิศวกรรมศาสตร์บัณฑิต'),
('5330499121', 1, 656, 'วิศวกรรมศาสตร์บัณฑิต'),
('5330500021', 1, 230, 'วิศวกรรมศาสตร์บัณฑิต'),
('5330501721', 1, 231, 'วิศวกรรมศาสตร์บัณฑิต'),
('5330502321', 1, 92, 'วิศวกรรมศาสตร์บัณฑิต'),
('5330504621', 1, 659, 'วิศวกรรมศาสตร์บัณฑิต'),
('5330505221', 1, 93, 'วิศวกรรมศาสตร์บัณฑิต'),
('5330506921', 1, 662, 'วิศวกรรมศาสตร์บัณฑิต'),
('5330507521', 1, 232, 'วิศวกรรมศาสตร์บัณฑิต'),
('5330508121', 1, 663, 'วิศวกรรมศาสตร์บัณฑิต'),
('5330509821', 1, 94, 'วิศวกรรมศาสตร์บัณฑิต'),
('5330510321', 1, 664, 'วิศวกรรมศาสตร์บัณฑิต'),
('5330511021', 1, 95, 'วิศวกรรมศาสตร์บัณฑิต'),
('5330512621', 1, 665, 'วิศวกรรมศาสตร์บัณฑิต'),
('5330513221', 1, 666, 'วิศวกรรมศาสตร์บัณฑิต'),
('5330514921', 1, 667, 'วิศวกรรมศาสตร์บัณฑิต'),
('5330515521', 1, 668, 'วิศวกรรมศาสตร์บัณฑิต'),
('5330516121', 1, 233, 'วิศวกรรมศาสตร์บัณฑิต'),
('5330518421', 1, 669, 'วิศวกรรมศาสตร์บัณฑิต'),
('5330520621', 1, 670, 'วิศวกรรมศาสตร์บัณฑิต'),
('5330522921', 1, 676, 'วิศวกรรมศาสตร์บัณฑิต'),
('5330524121', 1, 677, 'วิศวกรรมศาสตร์บัณฑิต'),
('5330525821', 1, 679, 'วิศวกรรมศาสตร์บัณฑิต'),
('5330526421', 1, 680, 'วิศวกรรมศาสตร์บัณฑิต'),
('5330527021', 1, 681, 'วิศวกรรมศาสตร์บัณฑิต'),
('5330528721', 1, 234, 'วิศวกรรมศาสตร์บัณฑิต'),
('5330531521', 1, 96, 'วิศวกรรมศาสตร์บัณฑิต'),
('5330532121', 1, 686, 'วิศวกรรมศาสตร์บัณฑิต'),
('5330533821', 1, 687, 'วิศวกรรมศาสตร์บัณฑิต'),
('5330534421', 1, 688, 'วิศวกรรมศาสตร์บัณฑิต'),
('5330537321', 1, 235, 'วิศวกรรมศาสตร์บัณฑิต'),
('5330538021', 1, 689, 'วิศวกรรมศาสตร์บัณฑิต'),
('5330539621', 1, 97, 'วิศวกรรมศาสตร์บัณฑิต'),
('5330540121', 1, 690, 'วิศวกรรมศาสตร์บัณฑิต'),
('5330541821', 1, 691, 'วิศวกรรมศาสตร์บัณฑิต'),
('5330542421', 1, 692, 'วิศวกรรมศาสตร์บัณฑิต'),
('5330543021', 1, 693, 'วิศวกรรมศาสตร์บัณฑิต'),
('5330544721', 1, 694, 'วิศวกรรมศาสตร์บัณฑิต'),
('5330547621', 1, 238, 'วิศวกรรมศาสตร์บัณฑิต'),
('5330548221', 1, 695, 'วิศวกรรมศาสตร์บัณฑิต'),
('5330549921', 1, 98, 'วิศวกรรมศาสตร์บัณฑิต'),
('5330550421', 1, 239, 'วิศวกรรมศาสตร์บัณฑิต'),
('5330552721', 1, 700, 'วิศวกรรมศาสตร์บัณฑิต'),
('5330553321', 1, 701, 'วิศวกรรมศาสตร์บัณฑิต'),
('5330554021', 1, 702, 'วิศวกรรมศาสตร์บัณฑิต'),
('5330556221', 1, 240, 'วิศวกรรมศาสตร์บัณฑิต'),
('5330557921', 1, 220, 'วิศวกรรมศาสตร์บัณฑิต'),
('5330558521', 1, 44, 'วิศวกรรมศาสตร์บัณฑิต'),
('5330559121', 1, 268, 'วิศวกรรมศาสตร์บัณฑิต'),
('5330802621', 1, 248, 'วิศวกรรมศาสตร์บัณฑิต'),
('5330804921', 1, 272, 'วิศวกรรมศาสตร์บัณฑิต'),
('5330805521', 1, 279, 'วิศวกรรมศาสตร์บัณฑิต'),
('5330806121', 1, 295, 'วิศวกรรมศาสตร์บัณฑิต'),
('5330807821', 1, 319, 'วิศวกรรมศาสตร์บัณฑิต'),
('5330808421', 1, 120, 'วิศวกรรมศาสตร์บัณฑิต'),
('5330811221', 1, 334, 'วิศวกรรมศาสตร์บัณฑิต'),
('5330812921', 1, 374, 'วิศวกรรมศาสตร์บัณฑิต'),
('5330813521', 1, 376, 'วิศวกรรมศาสตร์บัณฑิต'),
('5330814121', 1, 407, 'วิศวกรรมศาสตร์บัณฑิต'),
('5330818721', 1, 181, 'วิศวกรรมศาสตร์บัณฑิต'),
('5330819321', 1, 524, 'วิศวกรรมศาสตร์บัณฑิต'),
('5330820921', 1, 544, 'วิศวกรรมศาสตร์บัณฑิต'),
('5330821521', 1, 192, 'วิศวกรรมศาสตร์บัณฑิต'),
('5330822121', 1, 563, 'วิศวกรรมศาสตร์บัณฑิต'),
('5330823821', 1, 567, 'วิศวกรรมศาสตร์บัณฑิต'),
('5330824421', 1, 74, 'วิศวกรรมศาสตร์บัณฑิต'),
('5330825021', 1, 206, 'วิศวกรรมศาสตร์บัณฑิต'),
('5330826721', 1, 582, 'วิศวกรรมศาสตร์บัณฑิต'),
('5330830121', 1, 601, 'วิศวกรรมศาสตร์บัณฑิต'),
('5330833021', 1, 684, 'วิศวกรรมศาสตร์บัณฑิต'),
('5330834721', 1, 644, 'วิศวกรรมศาสตร์บัณฑิต'),
('5330901021', 1, 490, 'วิศวกรรมศาสตร์บัณฑิต'),
('5330902721', 1, 470, 'วิศวกรรมศาสตร์บัณฑิต'),
('5330903321', 1, 262, 'วิศวกรรมศาสตร์บัณฑิต'),
('5330905621', 1, 525, 'วิศวกรรมศาสตร์บัณฑิต'),
('5330906221', 1, 311, 'วิศวกรรมศาสตร์บัณฑิต'),
('5330907921', 1, 335, 'วิศวกรรมศาสตร์บัณฑิต'),
('5330910721', 1, 415, 'วิศวกรรมศาสตร์บัณฑิต'),
('5330911321', 1, 157, 'วิศวกรรมศาสตร์บัณฑิต'),
('5330912021', 1, 442, 'วิศวกรรมศาสตร์บัณฑิต'),
('5330913621', 1, 477, 'วิศวกรรมศาสตร์บัณฑิต'),
('5330914221', 1, 504, 'วิศวกรรมศาสตร์บัณฑิต'),
('5330915921', 1, 523, 'วิศวกรรมศาสตร์บัณฑิต'),
('5330916521', 1, 526, 'วิศวกรรมศาสตร์บัณฑิต'),
('5330917121', 1, 536, 'วิศวกรรมศาสตร์บัณฑิต'),
('5330919421', 1, 559, 'วิศวกรรมศาสตร์บัณฑิต'),
('5330921621', 1, 227, 'วิศวกรรมศาสตร์บัณฑิต'),
('5330922221', 1, 661, 'วิศวกรรมศาสตร์บัณฑิต'),
('5331001421', 1, 1, 'วิศวกรรมศาสตร์บัณฑิต'),
('5331003721', 1, 100, 'วิศวกรรมศาสตร์บัณฑิต'),
('5331004321', 1, 6, 'วิศวกรรมศาสตร์บัณฑิต'),
('5331006621', 1, 9, 'วิศวกรรมศาสตร์บัณฑิต'),
('5331007221', 1, 296, 'วิศวกรรมศาสตร์บัณฑิต'),
('5331008921', 1, 121, 'วิศวกรรมศาสตร์บัณฑิต'),
('5331009521', 1, 333, 'วิศวกรรมศาสตร์บัณฑิต'),
('5331010021', 1, 17, 'วิศวกรรมศาสตร์บัณฑิต'),
('5331011721', 1, 21, 'วิศวกรรมศาสตร์บัณฑิต'),
('5331012321', 1, 129, 'วิศวกรรมศาสตร์บัณฑิต'),
('5331013021', 1, 350, 'วิศวกรรมศาสตร์บัณฑิต'),
('5331015221', 1, 135, 'วิศวกรรมศาสตร์บัณฑิต'),
('5331016921', 1, 25, 'วิศวกรรมศาสตร์บัณฑิต'),
('5331018121', 1, 30, 'วิศวกรรมศาสตร์บัณฑิต'),
('5331019821', 1, 137, 'วิศวกรรมศาสตร์บัณฑิต'),
('5331020321', 1, 32, 'วิศวกรรมศาสตร์บัณฑิต'),
('5331024921', 1, 401, 'วิศวกรรมศาสตร์บัณฑิต'),
('5331025521', 1, 404, 'วิศวกรรมศาสตร์บัณฑิต'),
('5331026121', 1, 35, 'วิศวกรรมศาสตร์บัณฑิต'),
('5331027821', 1, 36, 'วิศวกรรมศาสตร์บัณฑิต'),
('5331028421', 1, 37, 'วิศวกรรมศาสตร์บัณฑิต'),
('5331029021', 1, 418, 'วิศวกรรมศาสตร์บัณฑิต'),
('5331030621', 1, 429, 'วิศวกรรมศาสตร์บัณฑิต'),
('5331032921', 1, 45, 'วิศวกรรมศาสตร์บัณฑิต'),
('5331033521', 1, 443, 'วิศวกรรมศาสตร์บัณฑิต'),
('5331035821', 1, 48, 'วิศวกรรมศาสตร์บัณฑิต'),
('5331036421', 1, 461, 'วิศวกรรมศาสตร์บัณฑิต'),
('5331037021', 1, 468, 'วิศวกรรมศาสตร์บัณฑิต'),
('5331038721', 1, 50, 'วิศวกรรมศาสตร์บัณฑิต'),
('5331039321', 1, 53, 'วิศวกรรมศาสตร์บัณฑิต'),
('5331040921', 1, 479, 'วิศวกรรมศาสตร์บัณฑิต'),
('5331041521', 1, 54, 'วิศวกรรมศาสตร์บัณฑิต'),
('5331043821', 1, 58, 'วิศวกรรมศาสตร์บัณฑิต'),
('5331044421', 1, 62, 'วิศวกรรมศาสตร์บัณฑิต'),
('5331045021', 1, 63, 'วิศวกรรมศาสตร์บัณฑิต');
INSERT INTO `join` (`STUDENT_student_id`, `GROUP_group_id`, `order`, `honors`) VALUES
('5331046721', 1, 517, 'วิศวกรรมศาสตร์บัณฑิต'),
('5331047321', 1, 521, 'วิศวกรรมศาสตร์บัณฑิต'),
('5331050121', 1, 532, 'วิศวกรรมศาสตร์บัณฑิต'),
('5331051821', 1, 185, 'วิศวกรรมศาสตร์บัณฑิต'),
('5331052421', 1, 66, 'วิศวกรรมศาสตร์บัณฑิต'),
('5331053021', 1, 188, 'วิศวกรรมศาสตร์บัณฑิต'),
('5331054721', 1, 555, 'วิศวกรรมศาสตร์บัณฑิต'),
('5331055321', 1, 195, 'วิศวกรรมศาสตร์บัณฑิต'),
('5331056021', 1, 556, 'วิศวกรรมศาสตร์บัณฑิต'),
('5331057621', 1, 560, 'วิศวกรรมศาสตร์บัณฑิต'),
('5331058221', 1, 200, 'วิศวกรรมศาสตร์บัณฑิต'),
('5331061021', 1, 76, 'วิศวกรรมศาสตร์บัณฑิต'),
('5331067921', 1, 80, 'วิศวกรรมศาสตร์บัณฑิต'),
('5331068521', 1, 83, 'วิศวกรรมศาสตร์บัณฑิต'),
('5331069121', 1, 215, 'วิศวกรรมศาสตร์บัณฑิต'),
('5331070721', 1, 621, 'วิศวกรรมศาสตร์บัณฑิต'),
('5331072021', 1, 91, 'วิศวกรรมศาสตร์บัณฑิต'),
('5331074221', 1, 674, 'วิศวกรรมศาสตร์บัณฑิต'),
('5331075921', 1, 237, 'วิศวกรรมศาสตร์บัณฑิต'),
('5331076521', 1, 703, 'วิศวกรรมศาสตร์บัณฑิต'),
('5331077121', 1, 696, 'วิศวกรรมศาสตร์บัณฑิต'),
('5331201621', 1, 253, 'วิศวกรรมศาสตร์บัณฑิต'),
('5331202221', 1, 99, 'วิศวกรรมศาสตร์บัณฑิต'),
('5331203921', 1, 103, 'วิศวกรรมศาสตร์บัณฑิต'),
('5331204521', 1, 3, 'วิศวกรรมศาสตร์บัณฑิต'),
('5331205121', 1, 264, 'วิศวกรรมศาสตร์บัณฑิต'),
('5331206821', 1, 290, 'วิศวกรรมศาสตร์บัณฑิต'),
('5331207421', 1, 292, 'วิศวกรรมศาสตร์บัณฑิต'),
('5331209721', 1, 10, 'วิศวกรรมศาสตร์บัณฑิต'),
('5331210221', 1, 113, 'วิศวกรรมศาสตร์บัณฑิต'),
('5331211921', 1, 304, 'วิศวกรรมศาสตร์บัณฑิต'),
('5331212521', 1, 306, 'วิศวกรรมศาสตร์บัณฑิต'),
('5331213121', 1, 309, 'วิศวกรรมศาสตร์บัณฑิต'),
('5331215421', 1, 316, 'วิศวกรรมศาสตร์บัณฑิต'),
('5331216021', 1, 324, 'วิศวกรรมศาสตร์บัณฑิต'),
('5331217721', 1, 325, 'วิศวกรรมศาสตร์บัณฑิต'),
('5331218321', 1, 327, 'วิศวกรรมศาสตร์บัณฑิต'),
('5331219021', 1, 124, 'วิศวกรรมศาสตร์บัณฑิต'),
('5331220521', 1, 125, 'วิศวกรรมศาสตร์บัณฑิต'),
('5331223421', 1, 22, 'วิศวกรรมศาสตร์บัณฑิต'),
('5331225721', 1, 348, 'วิศวกรรมศาสตร์บัณฑิต'),
('5331226321', 1, 23, 'วิศวกรรมศาสตร์บัณฑิต'),
('5331227021', 1, 131, 'วิศวกรรมศาสตร์บัณฑิต'),
('5331228621', 1, 132, 'วิศวกรรมศาสตร์บัณฑิต'),
('5331229221', 1, 24, 'วิศวกรรมศาสตร์บัณฑิต'),
('5331230821', 1, 26, 'วิศวกรรมศาสตร์บัณฑิต'),
('5331231421', 1, 437, 'วิศวกรรมศาสตร์บัณฑิต'),
('5331232021', 1, 138, 'วิศวกรรมศาสตร์บัณฑิต'),
('5331233721', 1, 140, 'วิศวกรรมศาสตร์บัณฑิต'),
('5331234321', 1, 400, 'วิศวกรรมศาสตร์บัณฑิต'),
('5331235021', 1, 409, 'วิศวกรรมศาสตร์บัณฑิต'),
('5331236621', 1, 410, 'วิศวกรรมศาสตร์บัณฑิต'),
('5331237221', 1, 414, 'วิศวกรรมศาสตร์บัณฑิต'),
('5331238921', 1, 143, 'วิศวกรรมศาสตร์บัณฑิต'),
('5331241721', 1, 145, 'วิศวกรรมศาสตร์บัณฑิต'),
('5331243021', 1, 423, 'วิศวกรรมศาสตร์บัณฑิต'),
('5331245221', 1, 41, 'วิศวกรรมศาสตร์บัณฑิต'),
('5331247521', 1, 156, 'วิศวกรรมศาสตร์บัณฑิต'),
('5331248121', 1, 444, 'วิศวกรรมศาสตร์บัณฑิต'),
('5331249821', 1, 46, 'วิศวกรรมศาสตร์บัณฑิต'),
('5331250321', 1, 466, 'วิศวกรรมศาสตร์บัณฑิต'),
('5331251021', 1, 51, 'วิศวกรรมศาสตร์บัณฑิต'),
('5331252621', 1, 168, 'วิศวกรรมศาสตร์บัณฑิต'),
('5331254921', 1, 486, 'วิศวกรรมศาสตร์บัณฑิต'),
('5331255521', 1, 498, 'วิศวกรรมศาสตร์บัณฑิต'),
('5331260621', 1, 176, 'วิศวกรรมศาสตร์บัณฑิต'),
('5331261221', 1, 64, 'วิศวกรรมศาสตร์บัณฑิต'),
('5331262921', 1, 516, 'วิศวกรรมศาสตร์บัณฑิต'),
('5331263521', 1, 519, 'วิศวกรรมศาสตร์บัณฑิต'),
('5331264121', 1, 183, 'วิศวกรรมศาสตร์บัณฑิต'),
('5331265821', 1, 535, 'วิศวกรรมศาสตร์บัณฑิต'),
('5331266421', 1, 538, 'วิศวกรรมศาสตร์บัณฑิต'),
('5331267021', 1, 189, 'วิศวกรรมศาสตร์บัณฑิต'),
('5331268721', 1, 550, 'วิศวกรรมศาสตร์บัณฑิต'),
('5331269321', 1, 194, 'วิศวกรรมศาสตร์บัณฑิต'),
('5331271521', 1, 561, 'วิศวกรรมศาสตร์บัณฑิต'),
('5331273821', 1, 199, 'วิศวกรรมศาสตร์บัณฑิต'),
('5331274421', 1, 205, 'วิศวกรรมศาสตร์บัณฑิต'),
('5331276721', 1, 70, 'วิศวกรรมศาสตร์บัณฑิต'),
('5331277321', 1, 577, 'วิศวกรรมศาสตร์บัณฑิต'),
('5331278021', 1, 77, 'วิศวกรรมศาสตร์บัณฑิต'),
('5331279621', 1, 591, 'วิศวกรรมศาสตร์บัณฑิต'),
('5331280121', 1, 211, 'วิศวกรรมศาสตร์บัณฑิต'),
('5331281821', 1, 79, 'วิศวกรรมศาสตร์บัณฑิต'),
('5331282421', 1, 611, 'วิศวกรรมศาสตร์บัณฑิต'),
('5331283021', 1, 612, 'วิศวกรรมศาสตร์บัณฑิต'),
('5331284721', 1, 614, 'วิศวกรรมศาสตร์บัณฑิต'),
('5331285321', 1, 616, 'วิศวกรรมศาสตร์บัณฑิต'),
('5331286021', 1, 84, 'วิศวกรรมศาสตร์บัณฑิต'),
('5331287621', 1, 618, 'วิศวกรรมศาสตร์บัณฑิต'),
('5331288221', 1, 622, 'วิศวกรรมศาสตร์บัณฑิต'),
('5331289921', 1, 218, 'วิศวกรรมศาสตร์บัณฑิต'),
('5331290421', 1, 88, 'วิศวกรรมศาสตร์บัณฑิต'),
('5331291021', 1, 90, 'วิศวกรรมศาสตร์บัณฑิต'),
('5331292721', 1, 634, 'วิศวกรรมศาสตร์บัณฑิต'),
('5331293321', 1, 221, 'วิศวกรรมศาสตร์บัณฑิต'),
('5331294021', 1, 649, 'วิศวกรรมศาสตร์บัณฑิต'),
('5331295621', 1, 228, 'วิศวกรรมศาสตร์บัณฑิต'),
('5331296221', 1, 229, 'วิศวกรรมศาสตร์บัณฑิต'),
('5331298521', 1, 657, 'วิศวกรรมศาสตร์บัณฑิต'),
('5331299121', 1, 660, 'วิศวกรรมศาสตร์บัณฑิต'),
('5331300021', 1, 675, 'วิศวกรรมศาสตร์บัณฑิต'),
('5331301721', 1, 67, 'วิศวกรรมศาสตร์บัณฑิต'),
('5331303021', 1, 685, 'วิศวกรรมศาสตร์บัณฑิต'),
('5331304621', 1, 236, 'วิศวกรรมศาสตร์บัณฑิต'),
('5331305221', 1, 697, 'วิศวกรรมศาสตร์บัณฑิต'),
('5331306921', 1, 704, 'วิศวกรรมศาสตร์บัณฑิต'),
('5331309821', 1, 597, 'วิศวกรรมศาสตร์บัณฑิต'),
('5331311021', 1, 648, 'วิศวกรรมศาสตร์บัณฑิต'),
('5331313221', 1, 699, 'วิศวกรรมศาสตร์บัณฑิต'),
('5331701021', 1, 291, 'วิศวกรรมศาสตร์บัณฑิต'),
('5331702721', 1, 323, 'วิศวกรรมศาสตร์บัณฑิต'),
('5331703321', 1, 413, 'วิศวกรรมศาสตร์บัณฑิต'),
('5331704021', 1, 451, 'วิศวกรรมศาสตร์บัณฑิต'),
('5331706221', 1, 399, 'วิศวกรรมศาสตร์บัณฑิต'),
('5331707921', 1, 541, 'วิศวกรรมศาสตร์บัณฑิต'),
('5331710721', 1, 658, 'วิศวกรรมศาสตร์บัณฑิต'),
('5331711321', 1, 698, 'วิศวกรรมศาสตร์บัณฑิต'),
('5331712021', 1, 342, 'วิศวกรรมศาสตร์บัณฑิต'),
('5530668021', 1, 422, 'วิศวกรรมศาสตร์บัณฑิต'),
('5530669721', 1, 537, 'วิศวกรรมศาสตร์บัณฑิต'),
('5530670221', 1, 624, 'วิศวกรรมศาสตร์บัณฑิต'),
('5530671921', 1, 639, 'วิศวกรรมศาสตร์บัณฑิต');
INSERT INTO `place` (`place_id`, `th_building`, `en_building`, `floor`, `room`, `floor_plan_file`, `total_seat`) VALUES
(1, 'หอประชุมจุฬาลงกรณ์มหาวิทยาลัย', 'Chulalongkorn University Auditorium', '1', '1', 'floorplan1.csv', 1000);

INSERT INTO `schedule` (`schedule_id`, `date`, `start_time`, `end_time`, `type`, `round`, `PLACE_place_id`) VALUES
(1, '2015-04-20', '08:00:00', '12:00:00', 'Practice', 1, 1),
(2, '2015-04-21', '08:00:00', '12:00:00', 'Practice', 1, 1);
INSERT INTO `student` (`student_id`, `th_prefix`, `th_firstname`, `th_lastname`, `en_prefix`, `en_firstname`, `en_lastname`, `gender`, `barcode`, `picture_path`) VALUES
('4830532321', 'นาย', 'สันติ', 'วจนพานิช', 'Mr.', 'NameE', 'SurnameE', 'M', '20021002271304', '4830532321.jpg'),
('5130161821', 'นาย', 'ธนวัฒน์', 'เพชรรัตนรังสี', 'Mr.', 'NameE', 'SurnameE', 'M', '20021002271478', '5130161821.jpg'),
('5130264821', 'นาย', 'ปิยนันท์', 'ศรีสิรินันท์', 'Mr.', 'NameE', 'SurnameE', 'M', '20021002266288', '5130264821.jpg'),
('5130424921', 'นาย', 'วรทัต', 'ใจพิทักษ์เจริญ', 'Mr.', 'NameE', 'SurnameE', 'M', '20021002269308', '5130424921.jpg'),
('5131245021', 'นาย', 'ณัฐธวัช', 'ภู่สุนทรศรี', 'Mr.', 'NameE', 'SurnameE', 'M', '20021002264895', '5131245021.jpg'),
('5131246721', 'นาย', 'ณัฐพงษ์', 'สกุลวัชรโยธิน', 'Mr.', 'NameE', 'SurnameE', 'M', '20021002270686', '5131246721.jpg'),
('5131482421', 'นาย', 'สันติภาพ', 'ทองพนัง', 'Mr.', 'NameE', 'SurnameE', 'M', '20021002144477', '5131482421.jpg'),
('5131486021', 'นาย', 'สิรวิชญ์', 'หวังวิทยากุล', 'Mr.', 'NameE', 'SurnameE', 'M', '20021002268367', '5131486021.jpg'),
('5131490421', 'นาย', 'สุกฤษดิ์', 'รัตนชัยชาญ', 'Mr.', 'NameE', 'SurnameE', 'M', '20021002341149', '5131490421.jpg'),
('5131528721', 'นาย', 'วรวุฒิ', 'ถาวรวัฒนเจริญ', 'Mr.', 'NameE', 'SurnameE', 'M', '20021002143610', '5131528721.jpg'),
('5230020021', 'นาย', 'ชัชพงศ์', 'อินทรการุณเวช', 'Mr.', 'NameE', 'SurnameE', 'M', '20021002270587', '5230020021.jpg'),
('5230030321', 'นาย', 'ชุติพงศ์', 'จงอรุณงามแสง', 'Mr.', 'NameE', 'SurnameE', 'M', '20021002264689', '5230030321.jpg'),
('5230051521', 'นาย', 'ณภัทร', 'ตังคเศรษฐกุล', 'Mr.', 'NameE', 'SurnameE', 'M', '20021002264804', '5230051521.jpg'),
('5230090021', 'นางสาว', 'กุลพิชฌาย์', 'สุดยอดประเสริฐ', 'Mrs.', 'NameE', 'SurnameE', 'F', '20021002263988', '5230090021.jpg'),
('5230106421', 'นาย', 'เติมศักดิ์', 'ลิ้มศิริรัตนกุล', 'Mr.', 'NameE', 'SurnameE', 'M', '20021002265165', '5230106421.jpg'),
('5230119621', 'นาย', 'ทินกฤต', 'อรุณนันทพานิช', 'Mr.', 'NameE', 'SurnameE', 'M', '20021002265306', '5230119621.jpg'),
('5230154521', 'นาย', 'ธนวิทย์', 'โคตรโสภา', 'Mr.', 'NameE', 'SurnameE', 'M', '20021002269506', '5230154521.jpg'),
('5230157421', 'นาย', 'ธนวุฒิ', 'อนันต์พิริยะกุล', 'Mr.', 'NameE', 'SurnameE', 'M', '20021002269902', '5230157421.jpg'),
('5230175721', 'นาย', 'ธัช', 'สุขธงไชยกูล', 'Mr.', 'NameE', 'SurnameE', 'M', '20021002270819', '5230175721.jpg'),
('5230200721', 'นาย', 'นรุตม์', 'ยอดวานิช', 'Mr.', 'NameE', 'SurnameE', 'M', '20021002265843', '5230200721.jpg'),
('5230207121', 'นาย', 'นัคนันท์', 'นิลธวัช', 'Mr.', 'NameE', 'SurnameE', 'M', '20021002265868', '5230207121.jpg'),
('5230212221', 'นาย', 'นิรวิทธ์', 'อั้งอารีย์', 'Mr.', 'NameE', 'SurnameE', 'M', '20021002265942', '5230212221.jpg'),
('5230233421', 'นาย', 'ปริญญา', 'มาเสริฐศรี', 'Mr.', 'NameE', 'SurnameE', 'M', '20021002266163', '5230233421.jpg'),
('5230275821', 'นาย', 'ปุณณวัชร', 'จงพาณิชย์กุลธร', 'Mr.', 'NameE', 'SurnameE', 'M', '20021002270033', '5230275821.jpg'),
('5230302021', 'นาย', 'พลธวัฒน์', 'ฐานวรนนท์', 'Mr.', 'NameE', 'SurnameE', 'M', '20021002266817', '5230302021.jpg'),
('5230310021', 'นาย', 'พิชญุตม์', 'เอกปรัชญากุล', 'Mr.', 'NameE', 'SurnameE', 'M', '20021002266734', '5230310021.jpg'),
('5230321021', 'นาย', 'พีรพันธ์', 'วานิโชดม', 'Mr.', 'NameE', 'SurnameE', 'M', '20021002266809', '5230321021.jpg'),
('5230458321', 'นาย', 'วิทวัส', 'โชคศิลปสาท', 'Mr.', 'NameE', 'SurnameE', 'M', '20021002267732', '5230458321.jpg'),
('5230528621', 'นาย', 'สรวิศ', 'ศรีภินันท์', 'Mr.', 'NameE', 'SurnameE', 'M', '20021002268193', '5230528621.jpg'),
('5230544621', 'นาย', 'สิทธิชัย', 'สหชัยวัฒนา', 'Mr.', 'NameE', 'SurnameE', 'M', '20021002601245', '5230544621.jpg'),
('5230545221', 'นาย', 'สิทธิบูรณ์', 'พงษ์วัชรารักษ์', 'Mr.', 'NameE', 'SurnameE', 'M', '20021002017814', '5230545221.jpg'),
('5230551021', 'นาย', 'สิริสิทธิ์', 'สาครดี', 'Mr.', 'NameE', 'SurnameE', 'M', '20021002144584', '5230551021.jpg'),
('5230555521', 'นาย', 'สุกฤษฎิ์', 'ใจหาญ', 'Mr.', 'NameE', 'SurnameE', 'M', '20021002268417', '5230555521.jpg'),
('5230590421', 'นาย', 'อภิณัฐ', 'ศิริเผ่าสุวรรณกุล', 'Mr.', 'NameE', 'SurnameE', 'M', '20021002271387', '5230590421.jpg'),
('5230593321', 'นาย', 'อภิธาน', 'ธาราจันทร์', 'Mr.', 'NameE', 'SurnameE', 'M', '20021002268730', '5230593321.jpg'),
('5230594021', 'นาย', 'อภิวัฒน์', 'ปานาราช', 'Mr.', 'NameE', 'SurnameE', 'M', '20021002268755', '5230594021.jpg'),
('5230599121', 'นาย', 'อมร', 'กิติชัยวัฒน์', 'Mr.', 'NameE', 'SurnameE', 'M', '20021002268797', '5230599121.jpg'),
('5230603021', 'นาย', 'อัคร', 'กลิ่นจันทร์', 'Mr.', 'NameE', 'SurnameE', 'M', '20021002268854', '5230603021.jpg'),
('5230827221', 'นาย', 'ศุภฤกษ์', 'โชคปัญญาพงษ์', 'Mr.', 'NameE', 'SurnameE', 'M', '20021002268078', '5230827221.jpg'),
('5230836921', 'นาย', 'อาณัติ', 'คล้ายสุบรรณ', 'Mr.', 'NameE', 'SurnameE', 'M', '20021002268896', '5230836921.jpg'),
('5231241621', 'นาย', 'ธนัชชัย', 'ศิริวิชยกุล', 'Mr.', 'NameE', 'SurnameE', 'M', '20021002265462', '5231241621.jpg'),
('5231243921', 'นาย', 'ยุคลเทพ', 'วิเศษสมิต', 'Mr.', 'NameE', 'SurnameE', 'M', '20021002271072', '5231243921.jpg'),
('5231255421', 'นาย', 'ปรมัตถ์', 'ชนบดีเฉลิมรุ่ง', 'Mr.', 'NameE', 'SurnameE', 'M', '20021002269977', '5231255421.jpg'),
('5231303921', 'นาย', 'ศุภกร', 'ชีวะถาวร', 'Mr.', 'NameE', 'SurnameE', 'M', '20021002268029', '5231303921.jpg'),
('5231701021', 'นาย', 'ชนัตถ์', 'ศิริสุนทร', 'Mr.', 'NameE', 'SurnameE', 'M', '20021002264465', '5231701021.jpg'),
('5231702621', 'นาย', 'ชวนัฏฐ์', 'อาญาพิทักษ์', 'Mr.', 'NameE', 'SurnameE', 'M', '20021002264572', '5231702621.jpg'),
('5231709021', 'นาย', 'พศิน', 'สุขเกิด', 'Mr.', 'NameE', 'SurnameE', 'M', '20021002266585', '5231709021.jpg'),
('5231727321', 'นาย', 'ชัชนนท์', 'ชินเวชกิจวานิชย์', 'Mr.', 'NameE', 'SurnameE', 'M', '20021002270579', '5231727321.jpg'),
('5330001221', 'นาย', 'ชนสรณ์', 'ยงยศรุ่งเรือง', 'Mr.', 'NameE', 'SurnameE', 'M', '20021002269159', '5330001221.jpg'),
('5330003521', 'นาย', 'ชนะ', 'ชาญสุข', 'Mr.', 'NameE', 'SurnameE', 'M', '20021002140095', '5330003521.jpg'),
('5330005821', 'นาย', 'ชนะชัย', 'เลิศบุญยพันธ์', 'Mr.', 'NameE', 'SurnameE', 'M', '20021002269704', '5330005821.jpg'),
('5330006421', 'นาย', 'ชนัต', 'เจริญอาภรณ์วัฒนา', 'Mr.', 'NameE', 'SurnameE', 'M', '20021002264457', '5330006421.jpg'),
('5330008721', 'นาย', 'ชนันต์', 'อิสระภักดีรัตน์', 'Mr.', 'NameE', 'SurnameE', 'M', '20021002264473', '5330008721.jpg'),
('5330009321', 'นาย', 'ชนินทร์', 'โอภาสกรกุล', 'Mr.', 'NameE', 'SurnameE', 'M', '20021002271460', '5330009321.jpg'),
('5330010921', 'นาย', 'ชยุตพงศ์', 'วงศ์พัฒนาสิน', 'Mr.', 'NameE', 'SurnameE', 'M', '20021002270546', '5330010921.jpg'),
('5330011521', 'นาย', 'ชยุตม์', 'เกียรติไกรภพ', 'Mr.', 'NameE', 'SurnameE', 'M', '20021002270553', '5330011521.jpg'),
('5330012121', 'นางสาว', 'กนกอร', 'ศรีรุจิทัศนากร', 'Mrs.', 'NameE', 'SurnameE', 'F', '20021002263574', '5330012121.jpg'),
('5330013821', 'นาย', 'ชลัท', 'หลิ่วผลวณิชย์', 'Mr.', 'NameE', 'SurnameE', 'M', '20021002270561', '5330013821.jpg'),
('5330014421', 'นาย', 'ชลัมพล', 'เทิดปฐวีพงศ์', 'Mr.', 'NameE', 'SurnameE', 'M', '20021002264531', '5330014421.jpg'),
('5330017321', 'นางสาว', 'ภัคภิณญา', 'ชินานนท์', 'Mrs.', 'NameE', 'SurnameE', 'F', '20021002146977', '5330017321.jpg'),
('5330018021', 'นาย', 'ชัชพล', 'กิตติคุณเสรี', 'Mr.', 'NameE', 'SurnameE', 'M', '20021002264598', '5330018021.jpg'),
('5330019621', 'นางสาว', 'ภัฐธิรา', 'หงษ์ทอง', 'Mrs.', 'NameE', 'SurnameE', 'F', '20021002269555', '5330019621.jpg'),
('5330020121', 'นาย', 'ชัชวาล', 'กิมเห', 'Mr.', 'NameE', 'SurnameE', 'M', '20021002264606', '5330020121.jpg'),
('5330021821', 'นาย', 'ชัยทัต', 'หาญนฤตนันต์', 'Mr.', 'NameE', 'SurnameE', 'M', '20021002264614', '5330021821.jpg'),
('5330022421', 'นาย', 'ชัยพร', 'กิจประชา', 'Mr.', 'NameE', 'SurnameE', 'M', '20021002269183', '5330022421.jpg'),
('5330024721', 'นาย', 'ชาคริต', 'ปักษ์ประจำ', 'Mr.', 'NameE', 'SurnameE', 'M', '20021002269472', '5330024721.jpg'),
('5330025321', 'นาย', 'ชารีฟ', 'มะแส', 'Mr.', 'NameE', 'SurnameE', 'M', '20021002264630', '5330025321.jpg'),
('5330026021', 'นาย', 'ชินกฤต', 'ศิษยนเรนทร์', 'Mr.', 'NameE', 'SurnameE', 'M', '20021002264655', '5330026021.jpg'),
('5330027621', 'นางสาว', 'กรวรรณ', 'เข็มทอง', 'Mrs.', 'NameE', 'SurnameE', 'F', '20021002269092', '5330027621.jpg'),
('5330029921', 'นาย', 'ชินดนัย', 'รัตนพรเจริญ', 'Mr.', 'NameE', 'SurnameE', 'M', '20021002264663', '5330029921.jpg'),
('5330030421', 'นาย', 'ชินวัฒน์', 'เทพหัสดิน ณ อยุธยา', 'Mr.', 'NameE', 'SurnameE', 'M', '20021002269720', '5330030421.jpg'),
('5330031021', 'นาย', 'ซามูเอล', 'จันทร์หอม', 'Mr.', 'NameE', 'SurnameE', 'M', '20021002264697', '5330031021.jpg'),
('5330032721', 'นาย', 'ญาณพล', 'ศรีพฤทธิ์เกียรติ', 'Mr.', 'NameE', 'SurnameE', 'M', '20021002264705', '5330032721.jpg'),
('5330033321', 'นาย', 'ฐิติพงศ์', 'ลิ้มประเสริฐ', 'Mr.', 'NameE', 'SurnameE', 'M', '20021002264747', '5330033321.jpg'),
('5330034021', 'นางสาว', 'กฤตยา', 'ธัชศฤงคารสกุล', 'Mrs.', 'NameE', 'SurnameE', 'F', '20021002147801', '5330034021.jpg'),
('5330036221', 'นาย', 'ฐิติพันธ์', 'วรรณกิจมงคล', 'Mr.', 'NameE', 'SurnameE', 'M', '20021002269738', '5330036221.jpg'),
('5330037921', 'นางสาว', 'ภัทรปภา', 'นาคหล่อ', 'Mrs.', 'NameE', 'SurnameE', 'F', '20021002269456', '5330037921.jpg'),
('5330038521', 'นาย', 'ฐิติภัทร์', 'อ่าวสถาพร', 'Mr.', 'NameE', 'SurnameE', 'M', '20021002270611', '5330038521.jpg'),
('5330039121', 'นางสาว', 'ภัทราพร', 'วงษ์ประดิษฐ์', 'Mrs.', 'NameE', 'SurnameE', 'F', '20021002266973', '5330039121.jpg'),
('5330040721', 'นางสาว', 'ภาชรี', 'ฑูรกฤษณา', 'Mrs.', 'NameE', 'SurnameE', 'F', '20021002271031', '5330040721.jpg'),
('5330041321', 'นาย', 'ณชดิช', 'อุทยานัง', 'Mr.', 'NameE', 'SurnameE', 'M', '20021002264754', '5330041321.jpg'),
('5330042021', 'นาย', 'ณฐพล', 'แซ่ฮุย', 'Mr.', 'NameE', 'SurnameE', 'M', '20021002264762', '5330042021.jpg'),
('5330043621', 'นางสาว', 'ภาชิณี', 'สารา', 'Mrs.', 'NameE', 'SurnameE', 'F', '20021002269571', '5330043621.jpg'),
('5330044221', 'นาย', 'ณพดล', 'สันติธนธาดา', 'Mr.', 'NameE', 'SurnameE', 'M', '20021002264770', '5330044221.jpg'),
('5330045921', 'นาย', 'ณภัทร', 'ภัทรศิริน', 'Mr.', 'NameE', 'SurnameE', 'M', '20021002270645', '5330045921.jpg'),
('5330046521', 'นาย', 'ณภัทร', 'ดาราราช', 'Mr.', 'NameE', 'SurnameE', 'M', '20021002264796', '5330046521.jpg'),
('5330047121', 'นางสาว', 'กฤติยา', 'วอง', 'Mrs.', 'NameE', 'SurnameE', 'F', '20021002270405', '5330047121.jpg'),
('5330048821', 'นาย', 'ณภัทร', 'ขาวไพศาล', 'Mr.', 'NameE', 'SurnameE', 'M', '20021002264788', '5330048821.jpg'),
('5330049421', 'นาย', 'ณภัทร', 'แซ่ลิ่ม', 'Mr.', 'NameE', 'SurnameE', 'M', '20021002270637', '5330049421.jpg'),
('5330051621', 'นาย', 'ณสิทธิ์', 'จงกิตติพงศ์', 'Mr.', 'NameE', 'SurnameE', 'M', '20021002264812', '5330051621.jpg'),
('5330052221', 'นาย', 'ณัชพล', 'ศรีศิริ', 'Mr.', 'NameE', 'SurnameE', 'M', '20021002009050', '5330052221.jpg'),
('5330053921', 'นาย', 'ณัฏฐ์', 'รุ่งเรือง', 'Mr.', 'NameE', 'SurnameE', 'M', '20021002264838', '5330053921.jpg'),
('5330054521', 'นาย', 'ณัฐ', 'สว่างพาณิชย์', 'Mr.', 'NameE', 'SurnameE', 'M', '20021002270678', '5330054521.jpg'),
('5330056821', 'นางสาว', 'กัญปรางค์สร', 'โชติเฉลิมโรจน์', 'Mrs.', 'NameE', 'SurnameE', 'F', '20021002263814', '5330056821.jpg'),
('5330057421', 'นาย', 'ณัฐ', 'วศินยนต์', 'Mr.', 'NameE', 'SurnameE', 'M', '20021002140608', '5330057421.jpg'),
('5330058021', 'นางสาว', 'มณทิรา', 'กูรมะสุวรรณ', 'Mrs.', 'NameE', 'SurnameE', 'F', '20021002271056', '5330058021.jpg'),
('5330059721', 'นางสาว', 'มณี', 'รุ่งวิทยาคม', 'Mrs.', 'NameE', 'SurnameE', 'F', '20021002267104', '5330059721.jpg'),
('5330060221', 'นางสาว', 'มนทิรา', 'ธีระชาติแพทย์', 'Mrs.', 'NameE', 'SurnameE', 'F', '20021002267112', '5330060221.jpg'),
('5330061921', 'นาย', 'ณัฐพงษ์', 'วัชรชัยทโลสถ', 'Mr.', 'NameE', 'SurnameE', 'M', '20021002264937', '5330061921.jpg'),
('5330062521', 'นาย', 'ณัฐพงษ์', 'อังศุภศิริกุล', 'Mr.', 'NameE', 'SurnameE', 'M', '20021002264945', '5330062521.jpg'),
('5330064821', 'นาย', 'ณัฐพงษ์', 'เอกอัครโภคิน', 'Mr.', 'NameE', 'SurnameE', 'M', '20021002264952', '5330064821.jpg'),
('5330065421', 'นาย', 'ณัฐพจน์', 'เกษมโกเมศ', 'Mr.', 'NameE', 'SurnameE', 'M', '20021002264960', '5330065421.jpg'),
('5330066021', 'นางสาว', 'มนัสชญา', 'หอมประเสริฐ', 'Mrs.', 'NameE', 'SurnameE', 'F', '20021002267138', '5330066021.jpg'),
('5330067721', 'นาย', 'ณัฐพล', 'เจริญงาน', 'Mr.', 'NameE', 'SurnameE', 'M', '20021002264978', '5330067721.jpg'),
('5330068321', 'นางสาว', 'มยุรา', 'อรุณเรืองศิริเลิศ', 'Mrs.', 'NameE', 'SurnameE', 'F', '20021002267146', '5330068321.jpg'),
('5330069021', 'นาย', 'ณัฐพล', 'เลิศอุดมวิริยะ', 'Mr.', 'NameE', 'SurnameE', 'M', '20021002140780', '5330069021.jpg'),
('5330070521', 'นางสาว', 'ยุวรัตน์', 'ศรีประพฤทธิ์ชัย', 'Mrs.', 'NameE', 'SurnameE', 'F', '20021002267211', '5330070521.jpg'),
('5330071121', 'นางสาว', 'รินรดา', 'จิราวรรณสถิตย์', 'Mrs.', 'NameE', 'SurnameE', 'F', '20021002267286', '5330071121.jpg'),
('5330073421', 'นางสาว', 'ลักษมี', 'ลี่สถาพรวงศา', 'Mrs.', 'NameE', 'SurnameE', 'F', '20021002267302', '5330073421.jpg'),
('5330077021', 'นาย', 'ณัฐวัตร', 'อำนวยหาญ', 'Mr.', 'NameE', 'SurnameE', 'M', '20021002269803', '5330077021.jpg'),
('5330078621', 'นางสาว', 'กิติยา', 'ปุสันเทียะ', 'Mrs.', 'NameE', 'SurnameE', 'F', '20021002269126', '5330078621.jpg'),
('5330080821', 'นางสาว', 'ลักษิกา', 'ณ สงขลา', 'Mrs.', 'NameE', 'SurnameE', 'F', '20021002271114', '5330080821.jpg'),
('5330081421', 'นาย', 'ณัฐวุฒิ', 'คิดดี', 'Mr.', 'NameE', 'SurnameE', 'M', '20021002269811', '5330081421.jpg'),
('5330082021', 'นาย', 'ณัฐวุฒิ', 'ฟุ้งเฟื่อง', 'Mr.', 'NameE', 'SurnameE', 'M', '20021002265058', '5330082021.jpg'),
('5330083721', 'นางสาว', 'วรรณิต', 'บุญเจริญทวีสุข', 'Mrs.', 'NameE', 'SurnameE', 'F', '20021002267443', '5330083721.jpg'),
('5330084321', 'นาย', 'ณัฐสรณ์', 'คุปตะวาณิช', 'Mr.', 'NameE', 'SurnameE', 'M', '20021002269191', '5330084321.jpg'),
('5330085021', 'นางสาว', 'กุลวิรัษชาร์', 'โรจน์รัตนะธานี', 'Mrs.', 'NameE', 'SurnameE', 'F', '20021002264002', '5330085021.jpg'),
('5330087221', 'นางสาว', 'ขนิษฐา', 'ก้านขุนทด', 'Mrs.', 'NameE', 'SurnameE', 'F', '20021002264044', '5330087221.jpg'),
('5330088921', 'นาย', 'ดรัณภพ', 'ภาณุมาศรัศมี', 'Mr.', 'NameE', 'SurnameE', 'M', '20021002265082', '5330088921.jpg'),
('5330089521', 'นาย', 'เดชา', 'เทสาภิรัติ', 'Mr.', 'NameE', 'SurnameE', 'M', '20021002270702', '5330089521.jpg'),
('5330090021', 'นาย', 'เดชาวัต', 'เฉลิมการนนท์', 'Mr.', 'NameE', 'SurnameE', 'M', '20021002265116', '5330090021.jpg'),
('5330091721', 'นาย', 'ตฤณ', 'รัตนกฤตนนท์', 'Mr.', 'NameE', 'SurnameE', 'M', '20021002265124', '5330091721.jpg'),
('5330092321', 'นางสาว', 'วรันธร', 'เทพบัญชาพร', 'Mrs.', 'NameE', 'SurnameE', 'F', '20021002271122', '5330092321.jpg'),
('5330093021', 'นาย', 'ตุลารักษ์', 'จำเดิม', 'Mr.', 'NameE', 'SurnameE', 'M', '20021002265140', '5330093021.jpg'),
('5330094621', 'นาย', 'ถิรวัฒน์', 'บุรีเทศน์', 'Mr.', 'NameE', 'SurnameE', 'M', '20021002265199', '5330094621.jpg'),
('5330095221', 'นางสาว', 'วสิรินทร์', 'ตัณฑ์ศิริ', 'Mrs.', 'NameE', 'SurnameE', 'F', '20021002267591', '5330095221.jpg'),
('5330096921', 'นาย', 'ทน', 'จิโรภาส', 'Mr.', 'NameE', 'SurnameE', 'M', '20021002270710', '5330096921.jpg'),
('5330099821', 'นางสาว', 'วัศยา', 'ประภาทรง', 'Mrs.', 'NameE', 'SurnameE', 'F', '20021002267674', '5330099821.jpg'),
('5330101321', 'นาย', 'ทศพร', 'ธรรมิกพงษ์', 'Mr.', 'NameE', 'SurnameE', 'M', '20021002265231', '5330101321.jpg'),
('5330102021', 'นางสาว', 'จิตรานุช', 'ก่อเกิด', 'Mrs.', 'NameE', 'SurnameE', 'F', '20021002264150', '5330102021.jpg'),
('5330103621', 'นาย', 'ทายาท', 'ก่อศรีเจริญพันธ์', 'Mr.', 'NameE', 'SurnameE', 'M', '20021002265298', '5330103621.jpg'),
('5330104221', 'นาย', 'เทพรัตน์', 'เฉิดมนูเสถียร', 'Mr.', 'NameE', 'SurnameE', 'M', '20021002265322', '5330104221.jpg'),
('5330106521', 'นาย', 'ธนกร', 'ธนสมบัติกุล', 'Mr.', 'NameE', 'SurnameE', 'M', '20021002265330', '5330106521.jpg'),
('5330108821', 'นางสาว', 'ศวิตา', 'ปฏิทัศน์', 'Mrs.', 'NameE', 'SurnameE', 'F', '20021002271197', '5330108821.jpg'),
('5330109421', 'นาย', 'ธนกร', 'เวศย์วิบุล', 'Mr.', 'NameE', 'SurnameE', 'M', '20021002265348', '5330109421.jpg'),
('5330110021', 'นางสาว', 'จิตราพร', 'สืบวัฒนะ', 'Mrs.', 'NameE', 'SurnameE', 'F', '20021002264168', '5330110021.jpg'),
('5330111621', 'นาย', 'ธนชาติ', 'ธนากรพิพัฒนกุล', 'Mr.', 'NameE', 'SurnameE', 'M', '20021002265371', '5330111621.jpg'),
('5330112221', 'นาย', 'ธนณัฏฐ์', 'มีนะโยธิน', 'Mr.', 'NameE', 'SurnameE', 'M', '20021002271502', '5330112221.jpg'),
('5330113921', 'นาย', 'ธนดล', 'สุวณิชย์', 'Mr.', 'NameE', 'SurnameE', 'M', '20021002270728', '5330113921.jpg'),
('5330114521', 'นาย', 'ธนดี', 'หวังโรจนรัตน์', 'Mr.', 'NameE', 'SurnameE', 'M', '20021002269860', '5330114521.jpg'),
('5330115121', 'นาย', 'ธนนันต์', 'ธนากรรฐ์', 'Mr.', 'NameE', 'SurnameE', 'M', '20021002141150', '5330115121.jpg'),
('5330116821', 'นาย', 'ธนพงศ์', 'แก้ววิชิต', 'Mr.', 'NameE', 'SurnameE', 'M', '20021002265397', '5330116821.jpg'),
('5330117421', 'นาย', 'ธนพล', 'มหารักษ์', 'Mr.', 'NameE', 'SurnameE', 'M', '20021002265413', '5330117421.jpg'),
('5330118021', 'นาย', 'ธนพล', 'อมรทิพย์สกุล', 'Mr.', 'NameE', 'SurnameE', 'M', '20021002265421', '5330118021.jpg'),
('5330119721', 'นางสาว', 'จินต์จุฑา', 'โค้วคาสัย', 'Mrs.', 'NameE', 'SurnameE', 'F', '20021002264184', '5330119721.jpg'),
('5330120221', 'นางสาว', 'จิรวรรณ', 'ตรีเมธสุนทร', 'Mrs.', 'NameE', 'SurnameE', 'F', '20021002264242', '5330120221.jpg'),
('5330122521', 'นาย', 'ธนภัทร', 'เรืองสาตรา', 'Mr.', 'NameE', 'SurnameE', 'M', '20021002269886', '5330122521.jpg'),
('5330123121', 'นางสาว', 'จิรัฏฐ์อร', 'สิริภานันท์', 'Mrs.', 'NameE', 'SurnameE', 'F', '20021002270496', '5330123121.jpg'),
('5330124821', 'นางสาว', 'ศศิวรรณ', 'นิ่มอนงค์', 'Mrs.', 'NameE', 'SurnameE', 'F', '20021002267914', '5330124821.jpg'),
('5330125421', 'นางสาว', 'ศุภาพิชญ์', 'กิตติสารกุล', 'Mrs.', 'NameE', 'SurnameE', 'F', '20021002268094', '5330125421.jpg'),
('5330126021', 'นาย', 'ธนภูมิ', 'เตชะพงศ์วรชัย', 'Mr.', 'NameE', 'SurnameE', 'M', '20021002147090', '5330126021.jpg'),
('5330127721', 'นาย', 'ธนภูมิ', 'เลิศจันทร์เพ็ญ', 'Mr.', 'NameE', 'SurnameE', 'M', '20021002270736', '5330127721.jpg'),
('5330128321', 'นางสาว', 'เศรษฐิตา', 'เลการัตน์', 'Mrs.', 'NameE', 'SurnameE', 'F', '20021002271254', '5330128321.jpg'),
('5330129021', 'นาย', 'ธนวัฒน์', 'หล่อวิทยโอฬาร', 'Mr.', 'NameE', 'SurnameE', 'M', '20021002269894', '5330129021.jpg'),
('5330130521', 'นางสาว', 'สโรชา', 'โชคมาวิโรจน์', 'Mrs.', 'NameE', 'SurnameE', 'F', '20021002017772', '5330130521.jpg'),
('5330131121', 'นาย', 'ธนวัฒน์', 'จำปาเงิน', 'Mr.', 'NameE', 'SurnameE', 'M', '20021002265454', '5330131121.jpg'),
('5330132821', 'นาย', 'ธนวัต', 'เทิดวิกรานต์', 'Mr.', 'NameE', 'SurnameE', 'M', '20021002270751', '5330132821.jpg'),
('5330134021', 'นาย', 'ธนัตถ์', 'นิพาสพงษ์', 'Mr.', 'NameE', 'SurnameE', 'M', '20021002265488', '5330134021.jpg'),
('5330135721', 'นางสาว', 'สัญธิชา', 'ชอบประดิษฐ์', 'Mrs.', 'NameE', 'SurnameE', 'F', '20021002268250', '5330135721.jpg'),
('5330136321', 'นาย', 'ธนัท', 'ชมรัตนสุวรรณ', 'Mr.', 'NameE', 'SurnameE', 'M', '20021002269910', '5330136321.jpg'),
('5330137021', 'นาย', 'ธนา', 'ศรีวิริยกุล', 'Mr.', 'NameE', 'SurnameE', 'M', '20021002141366', '5330137021.jpg'),
('5330138621', 'นาย', 'ธนา', 'ศิลาโชติ', 'Mr.', 'NameE', 'SurnameE', 'M', '20021002265504', '5330138621.jpg'),
('5330140821', 'นาย', 'ธนากร', 'ศรีชัยธำรง', 'Mr.', 'NameE', 'SurnameE', 'M', '20021002265512', '5330140821.jpg'),
('5330141421', 'นาย', 'ธนิน', 'จารุทัสนางกูร', 'Mr.', 'NameE', 'SurnameE', 'M', '20021002265538', '5330141421.jpg'),
('5330142021', 'นาย', 'ธนิน', 'วีสมหมาย', 'Mr.', 'NameE', 'SurnameE', 'M', '20021002601211', '5330142021.jpg'),
('5330143721', 'นาย', 'ธรรมมงคล', 'แสงมานะเจริญ', 'Mr.', 'NameE', 'SurnameE', 'M', '20021002270793', '5330143721.jpg'),
('5330144321', 'นาย', 'ธัช', 'อังวัฒนพานิช', 'Mr.', 'NameE', 'SurnameE', 'M', '20021002265553', '5330144321.jpg'),
('5330145021', 'นางสาว', 'สิตานัน', 'ชะโยชัยชนะ', 'Mrs.', 'NameE', 'SurnameE', 'F', '20021002268318', '5330145021.jpg'),
('5330146621', 'นางสาว', 'เจนจิรา', 'บุญซื่อ', 'Mrs.', 'NameE', 'SurnameE', 'F', '20021002264358', '5330146621.jpg'),
('5330147221', 'นาย', 'ธัชพล', 'โมทนียชาติ', 'Mr.', 'NameE', 'SurnameE', 'M', '20021002265561', '5330147221.jpg'),
('5330148921', 'นาย', 'ธัญ', 'เมฆรักษาวนิช', 'Mr.', 'NameE', 'SurnameE', 'M', '20021002265587', '5330148921.jpg'),
('5330149521', 'นางสาว', 'ชญาณินท์', 'ตั้งจินตนาการ', 'Mrs.', 'NameE', 'SurnameE', 'F', '20021002264408', '5330149521.jpg'),
('5330150021', 'นาย', 'ธาริน', 'นัทธี', 'Mr.', 'NameE', 'SurnameE', 'M', '20021002265652', '5330150021.jpg'),
('5330151721', 'นางสาว', 'ชญานิศ', 'ปรีชานนท์', 'Mrs.', 'NameE', 'SurnameE', 'F', '20021002264424', '5330151721.jpg'),
('5330152321', 'นาย', 'ธิตินันท์', 'พงษ์ดำบรรณ์', 'Mr.', 'NameE', 'SurnameE', 'M', '20021002270835', '5330152321.jpg'),
('5330153021', 'นาย', 'ธิติวุฒิ', 'อภิวัฒนกุล', 'Mr.', 'NameE', 'SurnameE', 'M', '20021002265678', '5330153021.jpg'),
('5330154621', 'นาย', 'ธีรเดช', 'ฤทธิ์ไกรเกรียง', 'Mr.', 'NameE', 'SurnameE', 'M', '20021002265686', '5330154621.jpg'),
('5330155221', 'นาย', 'ธีรนนท์', 'สุโรจนกุล', 'Mr.', 'NameE', 'SurnameE', 'M', '20021002265694', '5330155221.jpg'),
('5330156921', 'นาย', 'ธีรภัทร์', 'สุชีวกุล', 'Mr.', 'NameE', 'SurnameE', 'M', '20021002265710', '5330156921.jpg'),
('5330157521', 'นาย', 'ธีรวัจ', 'ศิริสุคนธ์', 'Mr.', 'NameE', 'SurnameE', 'M', '20021002265728', '5330157521.jpg'),
('5330158121', 'นาย', 'ธีรวิช', 'ฉายศิริกุล', 'Mr.', 'NameE', 'SurnameE', 'M', '20021002265736', '5330158121.jpg'),
('5330159821', 'นาย', 'ธีรวุฒิ', 'ตั้งวิเชียร', 'Mr.', 'NameE', 'SurnameE', 'M', '20021002010082', '5330159821.jpg'),
('5330160321', 'นางสาว', 'สุชาดา', 'รุ่งมานะเศรษฐ', 'Mrs.', 'NameE', 'SurnameE', 'F', '20021002268433', '5330160321.jpg'),
('5330161021', 'นาย', 'ธีรสุต', 'จิตสาโรจิตโต', 'Mr.', 'NameE', 'SurnameE', 'M', '20021002265744', '5330161021.jpg'),
('5330162621', 'นางสาว', 'ชณัฐฐา', 'ฤกษ์ชัยรัศมี', 'Mrs.', 'NameE', 'SurnameE', 'F', '20021002264432', '5330162621.jpg'),
('5330163221', 'นาย', 'ธีระพงษ์', 'กิจธนศักดิ์', 'Mr.', 'NameE', 'SurnameE', 'M', '20021002265751', '5330163221.jpg'),
('5330164921', 'นาย', 'ธีรัตม์', 'เลิศไพชัยยนต์', 'Mr.', 'NameE', 'SurnameE', 'M', '20021002270850', '5330164921.jpg'),
('5330165521', 'นาย', 'ธีรุตม์', 'เลิศเมธากุล', 'Mr.', 'NameE', 'SurnameE', 'M', '20021002265769', '5330165521.jpg'),
('5330167821', 'นาย', 'เธียรภัทร์', 'รุทธิ์วารี', 'Mr.', 'NameE', 'SurnameE', 'M', '20021002265777', '5330167821.jpg'),
('5330168421', 'นาย', 'นนทวัฒน์', 'เกษร', 'Mr.', 'NameE', 'SurnameE', 'M', '20021002269514', '5330168421.jpg'),
('5330169021', 'นางสาว', 'สุธาวี', 'ติรณสวัสดิ์', 'Mrs.', 'NameE', 'SurnameE', 'F', '20021002271338', '5330169021.jpg'),
('5330170621', 'นาย', 'นพรุจ', 'ปิยะทัสสกร', 'Mr.', 'NameE', 'SurnameE', 'M', '20021002265785', '5330170621.jpg'),
('5330171221', 'นางสาว', 'สุธาสินี', 'ติลกเรืองชัย', 'Mrs.', 'NameE', 'SurnameE', 'F', '20021002271346', '5330171221.jpg'),
('5330172921', 'นาย', 'นภนต์', 'สายน้ำทิพย์', 'Mr.', 'NameE', 'SurnameE', 'M', '20021002265793', '5330172921.jpg'),
('5330176421', 'นาย', 'นภัทร', 'ทองมาก', 'Mr.', 'NameE', 'SurnameE', 'M', '20021002265801', '5330176421.jpg'),
('5330177021', 'นาย', 'นรนาถ', 'เวษฎาพันธุ์', 'Mr.', 'NameE', 'SurnameE', 'M', '20021002326512', '5330177021.jpg'),
('5330178721', 'นางสาว', 'ชลิดา', 'เขมสถิตย์อนันต์', 'Mrs.', 'NameE', 'SurnameE', 'F', '20021002264549', '5330178721.jpg'),
('5330179321', 'นาย', 'นราเศรษฐ์', 'ศรีชวนันท์', 'Mr.', 'NameE', 'SurnameE', 'M', '20021002270694', '5330179321.jpg'),
('5330180921', 'นางสาว', 'ชโลทร', 'เหรียญเพิ่มพงศ์', 'Mrs.', 'NameE', 'SurnameE', 'F', '20021002140228', '5330180921.jpg'),
('5330181521', 'นาย', 'นวคุณ', 'แก้วลำใย', 'Mr.', 'NameE', 'SurnameE', 'M', '20021002265850', '5330181521.jpg'),
('5330182121', 'นาย', 'นวพรรษ', 'อาวิพันธุ์', 'Mr.', 'NameE', 'SurnameE', 'M', '20021002269944', '5330182121.jpg'),
('5330183821', 'นาย', 'นวพล', 'คำคง', 'Mr.', 'NameE', 'SurnameE', 'M', '20021002141788', '5330183821.jpg'),
('5330184421', 'นาย', 'นันทกันต์', 'ผลสมบูรณ์โชค', 'Mr.', 'NameE', 'SurnameE', 'M', '20021002265876', '5330184421.jpg'),
('5330185021', 'นาย', 'นันทัช', 'อนันตกิจโอฬาร', 'Mr.', 'NameE', 'SurnameE', 'M', '20021002269522', '5330185021.jpg'),
('5330186721', 'นาย', 'นาถวัฒน์', 'คุณขุนทด', 'Mr.', 'NameE', 'SurnameE', 'M', '20021002269951', '5330186721.jpg'),
('5330188021', 'นาย', 'ปกรณ์', 'อัศวฤทธิไกร', 'Mr.', 'NameE', 'SurnameE', 'M', '20021002265975', '5330188021.jpg'),
('5330190121', 'นาย', 'ปฏิภาณ', 'คุรุเสถียร', 'Mr.', 'NameE', 'SurnameE', 'M', '20021002266007', '5330190121.jpg'),
('5330191821', 'นาย', 'ปฐมพงศ์', 'โพธิปัทมะ', 'Mr.', 'NameE', 'SurnameE', 'M', '20021002266015', '5330191821.jpg'),
('5330193021', 'นาย', 'ประธาน', 'ติงหงะ', 'Mr.', 'NameE', 'SurnameE', 'M', '20021002142059', '5330193021.jpg'),
('5330194721', 'นาย', 'ปรัชญ์', 'เหมพรรณไพเราะ', 'Mr.', 'NameE', 'SurnameE', 'M', '20021002266106', '5330194721.jpg'),
('5330195321', 'นาย', 'ปรัชญา', 'เอกสาธิต', 'Mr.', 'NameE', 'SurnameE', 'M', '20021002266122', '5330195321.jpg'),
('5330196021', 'นางสาว', 'ณภัทร', 'โรจนมณเฑียร', 'Mrs.', 'NameE', 'SurnameE', 'F', '20021002270652', '5330196021.jpg'),
('5330197621', 'นาย', 'ปรานต์เมฆ', 'ปฐมาทิตย์ระพี', 'Mr.', 'NameE', 'SurnameE', 'M', '20021002266148', '5330197621.jpg'),
('5330199921', 'นาย', 'ปฤนล', 'สุริโย', 'Mr.', 'NameE', 'SurnameE', 'M', '20021002266171', '5330199921.jpg'),
('5330200821', 'นาย', 'ปวิตร', 'อนุกูลการย์', 'Mr.', 'NameE', 'SurnameE', 'M', '20021002270884', '5330200821.jpg'),
('5330201421', 'นางสาว', 'ณภัทร', 'วิชชาบุญศิริ', 'Mrs.', 'NameE', 'SurnameE', 'F', '20021002270660', '5330201421.jpg'),
('5330202021', 'นางสาว', 'สุพิชชา', 'ผดุงศิลป์', 'Mrs.', 'NameE', 'SurnameE', 'F', '20021002268532', '5330202021.jpg'),
('5330203721', 'นางสาว', 'ณฤทัย', 'ทองผาสุข', 'Mrs.', 'NameE', 'SurnameE', 'F', '20021002269753', '5330203721.jpg'),
('5330204321', 'นางสาว', 'สุรีรัตน์', 'ลือพงศ์พัฒนะ', 'Mrs.', 'NameE', 'SurnameE', 'F', '20021002268599', '5330204321.jpg'),
('5330205021', 'นางสาว', 'สุวพัชร', 'พิกสิต', 'Mrs.', 'NameE', 'SurnameE', 'F', '20021002268607', '5330205021.jpg'),
('5330207221', 'นาย', 'ปวีร์', 'มณีอินทร์', 'Mr.', 'NameE', 'SurnameE', 'M', '20021002142133', '5330207221.jpg'),
('5330208921', 'นางสาว', 'สุอัมพา', 'เกตุปรีชาสวัสดิ์', 'Mrs.', 'NameE', 'SurnameE', 'F', '20021002268623', '5330208921.jpg'),
('5330210021', 'นางสาว', 'แสงจุฑา', 'นิรุตติรักษ์', 'Mrs.', 'NameE', 'SurnameE', 'F', '20021002268656', '5330210021.jpg'),
('5330211721', 'นางสาว', 'โสภิดา', 'ศุภกำเนิด', 'Mrs.', 'NameE', 'SurnameE', 'F', '20021002268672', '5330211721.jpg'),
('5330212321', 'นางสาว', 'อภิชญา', 'อู่วัฒนสมบัติ', 'Mrs.', 'NameE', 'SurnameE', 'F', '20021002144972', '5330212321.jpg'),
('5330213021', 'นาย', 'ปัญญาพล', 'ศรีตั้งศิริกุล', 'Mr.', 'NameE', 'SurnameE', 'M', '20021002266213', '5330213021.jpg'),
('5330214621', 'นาย', 'ปัณณ์จคุณ', 'โพธิชาพันธุ์', 'Mr.', 'NameE', 'SurnameE', 'M', '20021002269423', '5330214621.jpg'),
('5330216921', 'นาย', 'ปัณณวัฒน์', 'อบรมสุข', 'Mr.', 'NameE', 'SurnameE', 'M', '20021002266221', '5330216921.jpg'),
('5330217521', 'นางสาว', 'อริส', 'เหลืองวรัญญู', 'Mrs.', 'NameE', 'SurnameE', 'F', '20021002268821', '5330217521.jpg'),
('5330218121', 'นางสาว', 'อริสรา', 'กาญจนเอกรินทร์', 'Mrs.', 'NameE', 'SurnameE', 'F', '20021002269407', '5330218121.jpg'),
('5330219821', 'นาย', 'ปารัช', 'จรัสจรุงเกียรติ', 'Mr.', 'NameE', 'SurnameE', 'M', '20021002270892', '5330219821.jpg'),
('5330220321', 'นางสาว', 'อริสรา', 'อิ่มเอิบ', 'Mrs.', 'NameE', 'SurnameE', 'F', '20021002271411', '5330220321.jpg'),
('5330221021', 'นาย', 'ปิติพงศ์', 'โชติชัชวาลย์กุล', 'Mr.', 'NameE', 'SurnameE', 'M', '20021002142240', '5330221021.jpg'),
('5330222621', 'นางสาว', 'อริสา', 'ไพศาขมาศ', 'Mrs.', 'NameE', 'SurnameE', 'F', '20021002268839', '5330222621.jpg'),
('5330223221', 'นาย', 'ปิยพนธ์', 'ภาณุสิทธิกร', 'Mr.', 'NameE', 'SurnameE', 'M', '20021002266304', '5330223221.jpg'),
('5330224921', 'นาย', 'ปิยวัฒน์', 'เอกธัญวงศ์', 'Mr.', 'NameE', 'SurnameE', 'M', '20021002269530', '5330224921.jpg'),
('5330225521', 'นาย', 'ปิยะพันธ์', 'ภูมิศิริวิไล', 'Mr.', 'NameE', 'SurnameE', 'M', '20021002270017', '5330225521.jpg'),
('5330226121', 'นาย', 'ปิยะวัฒน์', 'สาครสุขกิจ', 'Mr.', 'NameE', 'SurnameE', 'M', '20021002270025', '5330226121.jpg'),
('5330227821', 'นาย', 'ปิยังกูร', 'ลิ่มวานิชรัตน์', 'Mr.', 'NameE', 'SurnameE', 'M', '20021002266338', '5330227821.jpg'),
('5330228421', 'นางสาว', 'ณัฏฐนิช', 'อิทธิอัทธนีย์', 'Mrs.', 'NameE', 'SurnameE', 'F', '20021002140574', '5330228421.jpg'),
('5330229021', 'นาย', 'กตัญญู', 'สมัยคมสัน', 'Mr.', 'NameE', 'SurnameE', 'M', '20021002263525', '5330229021.jpg'),
('5330230621', 'นางสาว', 'ณัฐกมล', 'แสงทองยิ่งดี', 'Mrs.', 'NameE', 'SurnameE', 'F', '20021002264861', '5330230621.jpg'),
('5330233521', 'นาย', 'กนก', 'กิติสุข', 'Mr.', 'NameE', 'SurnameE', 'M', '20021002263541', '5330233521.jpg'),
('5330234121', 'นาย', 'ปุญญพัฒน์', 'จตุรวิธวงศ์', 'Mr.', 'NameE', 'SurnameE', 'M', '20021002266346', '5330234121.jpg'),
('5330235821', 'นาย', 'ปุถุชน', 'ใบไม้', 'Mr.', 'NameE', 'SurnameE', 'M', '20021002266361', '5330235821.jpg'),
('5330236421', 'นาย', 'เผ่าพิชญ์', 'ศิริอาชาวัฒนา', 'Mr.', 'NameE', 'SurnameE', 'M', '20021002266387', '5330236421.jpg'),
('5330238721', 'นาย', 'กรกช', 'เหมือนทรัพย์', 'Mr.', 'NameE', 'SurnameE', 'M', '20021002147793', '5330238721.jpg'),
('5330239321', 'นาย', 'พงศพล', 'พงษ์เภตรารัตน์', 'Mr.', 'NameE', 'SurnameE', 'M', '20021002266429', '5330239321.jpg'),
('5330240921', 'นาย', 'พงศ์ภัค', 'ศานติธรรมกุล', 'Mr.', 'NameE', 'SurnameE', 'M', '20021002266437', '5330240921.jpg'),
('5330241521', 'นาย', 'พงศ์ภัคกานต์', 'ด่านวิบูลย์', 'Mr.', 'NameE', 'SurnameE', 'M', '20021002270926', '5330241521.jpg'),
('5330242121', 'นาย', 'พงศ์ศรุต', 'จานสุวรรณ', 'Mr.', 'NameE', 'SurnameE', 'M', '20021002266445', '5330242121.jpg'),
('5330243821', 'นาย', 'พงษ์กฤติ', 'ฤทธิ์งาม', 'Mr.', 'NameE', 'SurnameE', 'M', '20021002266452', '5330243821.jpg'),
('5330244421', 'นาย', 'พชร', 'สวนศิลป์พงศ์', 'Mr.', 'NameE', 'SurnameE', 'M', '20021002270058', '5330244421.jpg'),
('5330246721', 'นางสาว', 'ณัฐรัตน์', 'แช่มปรีดา', 'Mrs.', 'NameE', 'SurnameE', 'F', '20021002265009', '5330246721.jpg'),
('5330248021', 'นาย', 'พรประคัลภ์', 'เกิดนวล', 'Mr.', 'NameE', 'SurnameE', 'M', '20021002269415', '5330248021.jpg'),
('5330249621', 'นาย', 'พรพินิต', 'สุริยพงษ์รังษี', 'Mr.', 'NameE', 'SurnameE', 'M', '20021002266502', '5330249621.jpg'),
('5330250121', 'นาย', 'พรรษวัชร์', 'วงศ์สิริฉัตร', 'Mr.', 'NameE', 'SurnameE', 'M', '20021002266510', '5330250121.jpg'),
('5330251821', 'นาย', 'กรกรัญจ์', 'ลิ้มสินสวัสดิ์', 'Mr.', 'NameE', 'SurnameE', 'M', '20021002263590', '5330251821.jpg'),
('5330253021', 'นาย', 'พรฤกษ์', 'ศิริแสงอรุณโรจน์', 'Mr.', 'NameE', 'SurnameE', 'M', '20021002266528', '5330253021.jpg'),
('5330254721', 'นาย', 'พลกฤต', 'สินธนาวรรณ', 'Mr.', 'NameE', 'SurnameE', 'M', '20021002266544', '5330254721.jpg'),
('5330256021', 'นาย', 'พลชัย', 'เติมกลีบบุปผา', 'Mr.', 'NameE', 'SurnameE', 'M', '20021002266551', '5330256021.jpg'),
('5330257621', 'นาย', 'กรกฤต', 'สีมาคุปต์', 'Mr.', 'NameE', 'SurnameE', 'M', '20021002269639', '5330257621.jpg'),
('5330259921', 'นางสาว', 'ณัฐวรรณ', 'เจริญกุลวณิชย์', 'Mrs.', 'NameE', 'SurnameE', 'F', '20021002265025', '5330259921.jpg'),
('5330260421', 'นาย', 'พสิษฐ์', 'บูรณะกูล', 'Mr.', 'NameE', 'SurnameE', 'M', '20021002266601', '5330260421.jpg'),
('5330261021', 'นาย', 'พัฒน์ระพี', 'ลิมป์ธีระกุล', 'Mr.', 'NameE', 'SurnameE', 'M', '20021002266619', '5330261021.jpg'),
('5330262721', 'นาย', 'กรุชา', 'ศรีประโมทย์', 'Mr.', 'NameE', 'SurnameE', 'M', '20021002263616', '5330262721.jpg'),
('5330263321', 'นาย', 'พัทธ์', 'เตชะไทยเจริญ', 'Mr.', 'NameE', 'SurnameE', 'M', '20021002266627', '5330263321.jpg'),
('5330264021', 'นาย', 'กฤตนัญ', 'สกุลวิไลกิจเจริญ', 'Mr.', 'NameE', 'SurnameE', 'M', '20021002263624', '5330264021.jpg'),
('5330265621', 'นาย', 'พันธกานต์', 'แสงอร่าม', 'Mr.', 'NameE', 'SurnameE', 'M', '20021002266635', '5330265621.jpg'),
('5330266221', 'นาย', 'พานุวัฒน์', 'ปาลี', 'Mr.', 'NameE', 'SurnameE', 'M', '20021002266650', '5330266221.jpg'),
('5330267921', 'นาย', 'พิชญ์พงศ์', 'โสภิตสกุลมาศ', 'Mr.', 'NameE', 'SurnameE', 'M', '20021002266676', '5330267921.jpg'),
('5330268521', 'นาย', 'กฤตภณ', 'อธิประยูร', 'Mr.', 'NameE', 'SurnameE', 'M', '20021002263632', '5330268521.jpg'),
('5330270721', 'นาย', 'กฤตภาส', 'ชื่นชวลิต', 'Mr.', 'NameE', 'SurnameE', 'M', '20021002263640', '5330270721.jpg'),
('5330271321', 'นาย', 'พีรณัฐ', 'ชัยวิสุทธิ์', 'Mr.', 'NameE', 'SurnameE', 'M', '20021002270074', '5330271321.jpg'),
('5330272021', 'นาย', 'พีรธัช', 'ศักดิ์อุดมไชย', 'Mr.', 'NameE', 'SurnameE', 'M', '20021002266791', '5330272021.jpg'),
('5330274221', 'นาย', 'พีรพงศ์', 'เบญจรุ่งโรจน์', 'Mr.', 'NameE', 'SurnameE', 'M', '20021002270983', '5330274221.jpg'),
('5330276521', 'นาย', 'พีระ', 'ลิขิตพรสวรรค์', 'Mr.', 'NameE', 'SurnameE', 'M', '20021002266825', '5330276521.jpg'),
('5330277121', 'นาย', 'พีระพันธ์', 'ไหลงาม', 'Mr.', 'NameE', 'SurnameE', 'M', '20021002266833', '5330277121.jpg'),
('5330279421', 'นาย', 'กฤตภาส', 'เรืองเลิศพงศ์', 'Mr.', 'NameE', 'SurnameE', 'M', '20021002263657', '5330279421.jpg'),
('5330280021', 'นางสาว', 'ดลฤดี', 'เมตตารมณ์', 'Mrs.', 'NameE', 'SurnameE', 'F', '20021002265090', '5330280021.jpg'),
('5330281621', 'นาย', 'พุฒิพงษ์', 'เพ็ชรรุณ', 'Mr.', 'NameE', 'SurnameE', 'M', '20021002266858', '5330281621.jpg'),
('5330282221', 'นาย', 'เพิ่มสกุล', 'เรืองรักษ์ลิขิต', 'Mr.', 'NameE', 'SurnameE', 'M', '20021002271007', '5330282221.jpg'),
('5330283921', 'นาย', 'ไพสิษฐ์', 'ตลอดสุข', 'Mr.', 'NameE', 'SurnameE', 'M', '20021002271015', '5330283921.jpg'),
('5330284521', 'นาย', 'ฟารุค', 'บินโหรน', 'Mr.', 'NameE', 'SurnameE', 'M', '20021002266874', '5330284521.jpg'),
('5330285121', 'นาย', 'ภคภณ', 'แก้วมาก', 'Mr.', 'NameE', 'SurnameE', 'M', '20021002270090', '5330285121.jpg'),
('5330287421', 'นาย', 'กฤษฏิ์', 'กมลวัฒน์', 'Mr.', 'NameE', 'SurnameE', 'M', '20021002139238', '5330287421.jpg'),
('5330288021', 'นาย', 'ภัทร', 'ภานุภาพ', 'Mr.', 'NameE', 'SurnameE', 'M', '20021002269258', '5330288021.jpg'),
('5330289721', 'นาย', 'กฤษณพงษ์', 'รูปกลม', 'Mr.', 'NameE', 'SurnameE', 'M', '20021002269654', '5330289721.jpg'),
('5330290221', 'นางสาว', 'ทัตพร', 'พรตรีสัตย์', 'Mrs.', 'NameE', 'SurnameE', 'F', '20021002265272', '5330290221.jpg'),
('5330291921', 'นาย', 'ภัทรชัย', 'วิโรจนะ', 'Mr.', 'NameE', 'SurnameE', 'M', '20021002269266', '5330291921.jpg'),
('5330292521', 'นางสาว', 'ทิพย์ฤทัย', 'ถาวรบุตร', 'Mrs.', 'NameE', 'SurnameE', 'F', '20021002141036', '5330292521.jpg'),
('5330293121', 'นางสาว', 'ทิพย์วัลย์', 'พิศาลปีติ', 'Mrs.', 'NameE', 'SurnameE', 'F', '20021002265314', '5330293121.jpg'),
('5330294821', 'นาย', 'ภัทรภัทร', 'ชีวโชติวรรณ', 'Mr.', 'NameE', 'SurnameE', 'M', '20021002266916', '5330294821.jpg'),
('5330295421', 'นาย', 'ภัทรฤทธิ์', 'มาบุญศักดิ์สิทธิ์', 'Mr.', 'NameE', 'SurnameE', 'M', '20021002266924', '5330295421.jpg'),
('5330297721', 'นาย', 'ภัทรวิชญ์', 'สั้นจันดา', 'Mr.', 'NameE', 'SurnameE', 'M', '20021002266932', '5330297721.jpg'),
('5330299021', 'นาย', 'ภัทรวุธ', 'สุภามา', 'Mr.', 'NameE', 'SurnameE', 'M', '20021002266957', '5330299021.jpg'),
('5330300921', 'นาย', 'ภัทรศัย', 'มากเพ็ง', 'Mr.', 'NameE', 'SurnameE', 'M', '20021002266965', '5330300921.jpg'),
('5330301521', 'นาย', 'ภากร', 'อมรพัชระ', 'Mr.', 'NameE', 'SurnameE', 'M', '20021002271023', '5330301521.jpg'),
('5330303821', 'นาย', 'ภากร', 'สุระชิต', 'Mr.', 'NameE', 'SurnameE', 'M', '20021002270124', '5330303821.jpg'),
('5330304421', 'นาย', 'ภาคย์', 'นาคพีระยุทธ', 'Mr.', 'NameE', 'SurnameE', 'M', '20021002266981', '5330304421.jpg'),
('5330305021', 'นาย', 'ภาคิน', 'ทัศน์พีรพันธ์', 'Mr.', 'NameE', 'SurnameE', 'M', '20021002266999', '5330305021.jpg'),
('5330307321', 'นาย', 'ภาณุเมธ', 'เชษฐ์ประยูร', 'Mr.', 'NameE', 'SurnameE', 'M', '20021002267005', '5330307321.jpg'),
('5330308021', 'นาย', 'กฤษณะพงษ์', 'พรหมพิริยะพงษ์', 'Mr.', 'NameE', 'SurnameE', 'M', '20021002263681', '5330308021.jpg'),
('5330309621', 'นางสาว', 'ธนัญญา', 'ปิยจรรยา', 'Mrs.', 'NameE', 'SurnameE', 'F', '20021002265470', '5330309621.jpg'),
('5330310121', 'นาย', 'กฤษดา', 'ฤกษ์ดีทวีทรัพย์', 'Mr.', 'NameE', 'SurnameE', 'M', '20021002263707', '5330310121.jpg'),
('5330311821', 'นาย', 'ภาธร', 'สุทธิขจรกิจการ', 'Mr.', 'NameE', 'SurnameE', 'M', '20021002271049', '5330311821.jpg'),
('5330312421', 'นาย', 'ภาสกร', 'ทองสันตติ์', 'Mr.', 'NameE', 'SurnameE', 'M', '20021002270132', '5330312421.jpg'),
('5330313021', 'นาย', 'ภาสกร', 'เส็งศรี', 'Mr.', 'NameE', 'SurnameE', 'M', '20021002267013', '5330313021.jpg'),
('5330314721', 'นาย', 'ภาสวร', 'วัฒนะรัตน์', 'Mr.', 'NameE', 'SurnameE', 'M', '20021002267021', '5330314721.jpg'),
('5330315321', 'นาย', 'ภาสวิช', 'ฐานีพานิชสกุล', 'Mr.', 'NameE', 'SurnameE', 'M', '20021002271510', '5330315321.jpg'),
('5330316021', 'นาย', 'กฤษดา', 'ตันดุลยเสรี', 'Mr.', 'NameE', 'SurnameE', 'M', '20021002263699', '5330316021.jpg'),
('5330317621', 'นาย', 'ภิคเนตร', 'อังอภิวัชร์ชวาล', 'Mr.', 'NameE', 'SurnameE', 'M', '20021002267039', '5330317621.jpg'),
('5330318221', 'นาย', 'ภู', 'ละอองกุล', 'Mr.', 'NameE', 'SurnameE', 'M', '20021002011684', '5330318221.jpg'),
('5330319921', 'นางสาว', 'ธนิกานต์', 'พัฒนวาณิชย์สกุล', 'Mrs.', 'NameE', 'SurnameE', 'F', '20021002265520', '5330319921.jpg'),
('5330320421', 'นาย', 'ภูมิ', 'เจียมธีรสกุล', 'Mr.', 'NameE', 'SurnameE', 'M', '20021002267054', '5330320421.jpg'),
('5330321021', 'นาย', 'ภูมิทรัพย์', 'มโนนุกูล', 'Mr.', 'NameE', 'SurnameE', 'M', '20021002267062', '5330321021.jpg'),
('5330322721', 'นาย', 'ภูร์อิชย์', 'จงสุขกิจพานิต', 'Mr.', 'NameE', 'SurnameE', 'M', '20021002269274', '5330322721.jpg');
INSERT INTO `student` (`student_id`, `th_prefix`, `th_firstname`, `th_lastname`, `en_prefix`, `en_firstname`, `en_lastname`, `gender`, `barcode`, `picture_path`) VALUES
('5330323321', 'นาย', 'กลวัชร', 'เกษกมล', 'Mr.', 'NameE', 'SurnameE', 'M', '20021002263715', '5330323321.jpg'),
('5330324021', 'นาย', 'ภูริณัฐ', 'จันทะพันธ์', 'Mr.', 'NameE', 'SurnameE', 'M', '20021002267070', '5330324021.jpg'),
('5330325621', 'นาย', 'กวิน', 'มาลฮอตรา', 'Mr.', 'NameE', 'SurnameE', 'M', '20021002270413', '5330325621.jpg'),
('5330326221', 'นาย', 'ภูริต', 'บวรชุติชัย', 'Mr.', 'NameE', 'SurnameE', 'M', '20021002271395', '5330326221.jpg'),
('5330327921', 'นาย', 'ภูรีวัฒน์', 'อภิบาลศรี', 'Mr.', 'NameE', 'SurnameE', 'M', '20021002267088', '5330327921.jpg'),
('5330328521', 'นาย', 'ภูวิศ', 'ไชยวรรณ์', 'Mr.', 'NameE', 'SurnameE', 'M', '20021002270157', '5330328521.jpg'),
('5330329121', 'นาย', 'กวิน', 'สุทธิรักษ์', 'Mr.', 'NameE', 'SurnameE', 'M', '20021002263731', '5330329121.jpg'),
('5330330721', 'นางสาว', 'ธนัชพร', 'ธำรงค์ธนกิจ', 'Mrs.', 'NameE', 'SurnameE', 'F', '20021002270769', '5330330721.jpg'),
('5330331321', 'นาย', 'มนพัฒน์', 'สรงสุวรรณ', 'Mr.', 'NameE', 'SurnameE', 'M', '20021002267120', '5330331321.jpg'),
('5330332021', 'นาย', 'มหศักย์', 'สุรกิจบวร', 'Mr.', 'NameE', 'SurnameE', 'M', '20021002267153', '5330332021.jpg'),
('5330333621', 'นาย', 'กวิพร', 'บุญช่วย', 'Mr.', 'NameE', 'SurnameE', 'M', '20021002263756', '5330333621.jpg'),
('5330334221', 'นาย', 'กวิศ', 'แซ่ตั้ง', 'Mr.', 'NameE', 'SurnameE', 'M', '20021002269431', '5330334221.jpg'),
('5330335921', 'นาย', 'เมธาวี', 'ถั่วทอง', 'Mr.', 'NameE', 'SurnameE', 'M', '20021002269282', '5330335921.jpg'),
('5330336521', 'นาย', 'ยศพล', 'อร่ามวัฒนานนท์', 'Mr.', 'NameE', 'SurnameE', 'M', '20021002267195', '5330336521.jpg'),
('5330337121', 'นาย', 'กษิดิศ', 'กิตติไพศาลศิลป์', 'Mr.', 'NameE', 'SurnameE', 'M', '20021002270421', '5330337121.jpg'),
('5330340021', 'นาย', 'รณชัย', 'ภัทรพิธาน', 'Mr.', 'NameE', 'SurnameE', 'M', '20021002267237', '5330340021.jpg'),
('5330341621', 'นาย', 'รภัสสิทธิ์', 'ลีละชัยกุล', 'Mr.', 'NameE', 'SurnameE', 'M', '20021002271148', '5330341621.jpg'),
('5330342221', 'นาย', 'รวีกิต', 'ฉัตรทอง', 'Mr.', 'NameE', 'SurnameE', 'M', '20021002267245', '5330342221.jpg'),
('5330343921', 'นาย', 'รสินท์', 'เอี้ยวสกุล', 'Mr.', 'NameE', 'SurnameE', 'M', '20021002269597', '5330343921.jpg'),
('5330344521', 'นาย', 'ระพีพันธ์', 'ดรุณกานต์', 'Mr.', 'NameE', 'SurnameE', 'M', '20021002270199', '5330344521.jpg'),
('5330345121', 'นางสาว', 'ธันยธรณ์', 'เจริญดิเรกทรัพย์', 'Mrs.', 'NameE', 'SurnameE', 'F', '20021002265629', '5330345121.jpg'),
('5330346821', 'นาย', 'กษิดิศ', 'ศฤงคไพบูลย์', 'Mr.', 'NameE', 'SurnameE', 'M', '20021002270439', '5330346821.jpg'),
('5330347421', 'นาย', 'ริชญ์', 'รักษ์งาน', 'Mr.', 'NameE', 'SurnameE', 'M', '20021002267278', '5330347421.jpg'),
('5330348021', 'นาย', 'รุ่งโรจน์', 'เจริญยศ', 'Mr.', 'NameE', 'SurnameE', 'M', '20021002269290', '5330348021.jpg'),
('5330349721', 'นาย', 'ก้องภพ', 'วงศ์พัฒนานุกุล', 'Mr.', 'NameE', 'SurnameE', 'M', '20021002263780', '5330349721.jpg'),
('5330350221', 'นาย', 'วรงกฏ', 'ประสานสุทธิพร', 'Mr.', 'NameE', 'SurnameE', 'M', '20021002267344', '5330350221.jpg'),
('5330351921', 'นาย', 'วรท', 'เลี่ยวไพโรจน์', 'Mr.', 'NameE', 'SurnameE', 'M', '20021002267377', '5330351921.jpg'),
('5330352521', 'นาย', 'กันต์', 'เจริญชลวานิช', 'Mr.', 'NameE', 'SurnameE', 'M', '20021002331496', '5330352521.jpg'),
('5330354821', 'นาย', 'วรทัต', 'หงษ์ทอง', 'Mr.', 'NameE', 'SurnameE', 'M', '20021002267385', '5330354821.jpg'),
('5330355421', 'นาย', 'กันตพงศ์', 'ภู่เปี่ยม', 'Mr.', 'NameE', 'SurnameE', 'M', '20021002139337', '5330355421.jpg'),
('5330356021', 'นาย', 'วรภพ', 'ยิ่งพัฒนา', 'Mr.', 'NameE', 'SurnameE', 'M', '20021002267419', '5330356021.jpg'),
('5330357721', 'นาย', 'วรเมธ', 'ภัทรสินไพบูลย์', 'Mr.', 'NameE', 'SurnameE', 'M', '20021002267427', '5330357721.jpg'),
('5330359021', 'นาย', 'วรรณภัทร', 'โพธิ์เดช', 'Mr.', 'NameE', 'SurnameE', 'M', '20021002267435', '5330359021.jpg'),
('5330360521', 'นาย', 'กานต์', 'ลักษณะพานิชย์', 'Mr.', 'NameE', 'SurnameE', 'M', '20021002263848', '5330360521.jpg'),
('5330361121', 'นางสาว', 'นภารัตน์', 'พานิชชีวะกุล', 'Mrs.', 'NameE', 'SurnameE', 'F', '20021002265819', '5330361121.jpg'),
('5330362821', 'นาย', 'วรรธน์วิภพ', 'โพธิทัต', 'Mr.', 'NameE', 'SurnameE', 'M', '20021002267450', '5330362821.jpg'),
('5330363421', 'นาย', 'วรรธนะ', 'ชัยชาญกุล', 'Mr.', 'NameE', 'SurnameE', 'M', '20021002267468', '5330363421.jpg'),
('5330364021', 'นาย', 'กานต์ชนิต', 'ณ ระนอง', 'Mr.', 'NameE', 'SurnameE', 'M', '20021002263855', '5330364021.jpg'),
('5330365721', 'นางสาว', 'นารีรัชชุ์', 'มุทธาธาร', 'Mrs.', 'NameE', 'SurnameE', 'F', '20021002270868', '5330365721.jpg'),
('5330367021', 'นาย', 'วรัชญ์', 'ขาวลิขิต', 'Mr.', 'NameE', 'SurnameE', 'M', '20021002267492', '5330367021.jpg'),
('5330368621', 'นาย', 'กิตติคุณ', 'วงศ์ทองศิริ', 'Mr.', 'NameE', 'SurnameE', 'M', '20021002263889', '5330368621.jpg'),
('5330369221', 'นาย', 'วรัญญ์', 'คีรีกาญจนะรงค์', 'Mr.', 'NameE', 'SurnameE', 'M', '20021002267500', '5330369221.jpg'),
('5330370821', 'นาย', 'วรัตถ์', 'โกษาคาร', 'Mr.', 'NameE', 'SurnameE', 'M', '20021002267518', '5330370821.jpg'),
('5330371421', 'นาย', 'วรุตม์', 'ตันเจริญ', 'Mr.', 'NameE', 'SurnameE', 'M', '20021002267542', '5330371421.jpg'),
('5330372021', 'นาย', 'กิตติพงษ์', 'จินดาอุดมศักดิ์', 'Mr.', 'NameE', 'SurnameE', 'M', '20021002263905', '5330372021.jpg'),
('5330373721', 'นาย', 'วศิน', 'โตเจริญ', 'Mr.', 'NameE', 'SurnameE', 'M', '20021002271155', '5330373721.jpg'),
('5330375021', 'นาย', 'เตชิต', 'ลิ้มติยะกุล', 'Mr.', 'NameE', 'SurnameE', 'M', '20021002269829', '5330375021.jpg'),
('5330376621', 'นาย', 'กิตติพัฒน์', 'จิราวรรณสถิตย์', 'Mr.', 'NameE', 'SurnameE', 'M', '20021002263913', '5330376621.jpg'),
('5330377221', 'นาย', 'วัชรพงศ์', 'ศรีเจริญสุขภาค', 'Mr.', 'NameE', 'SurnameE', 'M', '20021002269332', '5330377221.jpg'),
('5330378921', 'นางสาว', 'นิดา', 'ขำเจริญ', 'Mrs.', 'NameE', 'SurnameE', 'F', '20021002265900', '5330378921.jpg'),
('5330379521', 'นาย', 'กิตติภณ', 'รุ่งวชิรา', 'Mr.', 'NameE', 'SurnameE', 'M', '20021002263921', '5330379521.jpg'),
('5330380021', 'นาย', 'กีรติ', 'เครือจันทร์', 'Mr.', 'NameE', 'SurnameE', 'M', '20021002263962', '5330380021.jpg'),
('5330382321', 'นาย', 'วัชระ', 'รัชชุศุภกาญจน์', 'Mr.', 'NameE', 'SurnameE', 'M', '20021002267641', '5330382321.jpg'),
('5330383021', 'นาย', 'วัชริศ', 'มหฤทัยนนท์', 'Mr.', 'NameE', 'SurnameE', 'M', '20021002267658', '5330383021.jpg'),
('5330385221', 'นาย', 'วัศพล', 'ธีรวนพันธุ์', 'Mr.', 'NameE', 'SurnameE', 'M', '20021002270231', '5330385221.jpg'),
('5330386921', 'นาย', 'กีรติ', 'ตรันเถียน', 'Mr.', 'NameE', 'SurnameE', 'M', '20021002263970', '5330386921.jpg'),
('5330387521', 'นาย', 'วิจักขณ์', 'วิศิษฏ์สรศักดิ์', 'Mr.', 'NameE', 'SurnameE', 'M', '20021002267708', '5330387521.jpg'),
('5330388121', 'นาย', 'กุลภัทร์', 'ธีระรังสฤษดิ์', 'Mr.', 'NameE', 'SurnameE', 'M', '20021002263996', '5330388121.jpg'),
('5330390321', 'นาย', 'วิชช์', 'เชาว์กิจค้า', 'Mr.', 'NameE', 'SurnameE', 'M', '20021002267716', '5330390321.jpg'),
('5330391021', 'นางสาว', 'เนตรชนก', 'จิรานุสรณ์กุล', 'Mrs.', 'NameE', 'SurnameE', 'F', '20021002265959', '5330391021.jpg'),
('5330392621', 'นาย', 'วิชญ์พล', 'อังคณาภิวัฒน์', 'Mr.', 'NameE', 'SurnameE', 'M', '20021002267724', '5330392621.jpg'),
('5330393221', 'นาย', 'เกริกเกียรติ', 'โลหกุล', 'Mr.', 'NameE', 'SurnameE', 'M', '20021002139543', '5330393221.jpg'),
('5330394921', 'นาย', 'วิชเรศ', 'บุญจิตต์พิมล', 'Mr.', 'NameE', 'SurnameE', 'M', '20021002271163', '5330394921.jpg'),
('5330395521', 'นางสาว', 'บุลพร', 'ธำรงธัญลักษณ์', 'Mrs.', 'NameE', 'SurnameE', 'F', '20021002270876', '5330395521.jpg'),
('5330396121', 'นาย', 'ณัฐพล', 'วนากิตติเสถียร', 'Mr.', 'NameE', 'SurnameE', 'M', '20021002264986', '5330396121.jpg'),
('5330398421', 'นาย', 'วิพล', 'ธนากุลเชฎฐ', 'Mr.', 'NameE', 'SurnameE', 'M', '20021002271171', '5330398421.jpg'),
('5330399021', 'นาย', 'วิวรรธน์', 'สหกุลบุญญรักษ์', 'Mr.', 'NameE', 'SurnameE', 'M', '20021002267773', '5330399021.jpg'),
('5330400021', 'นาย', 'วิศรุต', 'โชคเฉลิมวัฒน์', 'Mr.', 'NameE', 'SurnameE', 'M', '20021002267781', '5330400021.jpg'),
('5330401621', 'นาย', 'วิศรุต', 'อุดมสมุทร', 'Mr.', 'NameE', 'SurnameE', 'M', '20021002267799', '5330401621.jpg'),
('5330402221', 'นาย', 'เขตต์นนท์', 'ชูพุทธิพงศ์', 'Mr.', 'NameE', 'SurnameE', 'M', '20021002264051', '5330402221.jpg'),
('5330403921', 'นาย', 'คณณัฏฐ์', 'สุวรรณวิวัฒนา', 'Mr.', 'NameE', 'SurnameE', 'M', '20021002264077', '5330403921.jpg'),
('5330406821', 'นาย', 'วีรธัช', 'พงษ์เรืองเกียรติ', 'Mr.', 'NameE', 'SurnameE', 'M', '20021002341123', '5330406821.jpg'),
('5330407421', 'นาย', 'วีรพงษ์', 'นภาพงษ์จันทรา', 'Mr.', 'NameE', 'SurnameE', 'M', '20021002271189', '5330407421.jpg'),
('5330408021', 'นาย', 'วีรพัฒน์', 'จงสถิตเกียรติ', 'Mr.', 'NameE', 'SurnameE', 'M', '20021002147579', '5330408021.jpg'),
('5330409721', 'นางสาว', 'ปณิตนาฏ', 'ทรงมั่นสถาพร', 'Mrs.', 'NameE', 'SurnameE', 'F', '20021002266049', '5330409721.jpg'),
('5330410221', 'นาย', 'วีรภัทร', 'บุปผเวส', 'Mr.', 'NameE', 'SurnameE', 'M', '20021002267823', '5330410221.jpg'),
('5330411921', 'นาย', 'วุฒิกร', 'อนุศาสน์อมรกุล', 'Mr.', 'NameE', 'SurnameE', 'M', '20021002267849', '5330411921.jpg'),
('5330413121', 'นาย', 'วุฒิไกร', 'วินิจชีวิต', 'Mr.', 'NameE', 'SurnameE', 'M', '20021002267856', '5330413121.jpg'),
('5330414821', 'นาย', 'วุฒิภัทร', 'วัฒนาศรีโรจน์', 'Mr.', 'NameE', 'SurnameE', 'M', '20021002267864', '5330414821.jpg'),
('5330416021', 'นาย', 'ศรัณย์', 'จิระพันธ์พงศ์', 'Mr.', 'NameE', 'SurnameE', 'M', '20021002267880', '5330416021.jpg'),
('5330418321', 'นาย', 'ศรุต', 'ธรรมะวัจนพันธุ', 'Mr.', 'NameE', 'SurnameE', 'M', '20021002269373', '5330418321.jpg'),
('5330419021', 'นาย', 'ศักดิ์ทิพย์', 'อู่ทองทรัพย์', 'Mr.', 'NameE', 'SurnameE', 'M', '20021002267930', '5330419021.jpg'),
('5330420521', 'นาย', 'คณาธิป', 'สันตยานนท์', 'Mr.', 'NameE', 'SurnameE', 'M', '20021002269688', '5330420521.jpg'),
('5330421121', 'นาย', 'ศักดิ์สิทธิ์', 'ฑีฆายุ', 'Mr.', 'NameE', 'SurnameE', 'M', '20021002145615', '5330421121.jpg'),
('5330422821', 'นาย', 'ศักดิ์สิทธิ์', 'สุขชัยศรี', 'Mr.', 'NameE', 'SurnameE', 'M', '20021002267955', '5330422821.jpg'),
('5330424021', 'นาย', 'ศิขริน', 'เสมาชัย', 'Mr.', 'NameE', 'SurnameE', 'M', '20021002267971', '5330424021.jpg'),
('5330425721', 'นาย', 'ศิรวิทย์', 'ดวงทวี', 'Mr.', 'NameE', 'SurnameE', 'M', '20021002267989', '5330425721.jpg'),
('5330426321', 'นาย', 'ศิริวัฒน์', 'พุทธสัตบุรุษ', 'Mr.', 'NameE', 'SurnameE', 'M', '20021002267997', '5330426321.jpg'),
('5330427021', 'นาย', 'คณิน', 'เตชชินสิริ', 'Mr.', 'NameE', 'SurnameE', 'M', '20021002264093', '5330427021.jpg'),
('5330428621', 'นาย', 'ศิวกร', 'นามเขื่อนแพทย์', 'Mr.', 'NameE', 'SurnameE', 'M', '20021002268003', '5330428621.jpg'),
('5330429221', 'นาย', 'ศิวัช', 'ยงสวัสดิกุล', 'Mr.', 'NameE', 'SurnameE', 'M', '20021002271205', '5330429221.jpg'),
('5330430821', 'นาย', 'คณิน', 'วัชรประเสริฐชัย', 'Mr.', 'NameE', 'SurnameE', 'M', '20021002270447', '5330430821.jpg'),
('5330431421', 'นางสาว', 'ปวีณา', 'ปัชชา', 'Mrs.', 'NameE', 'SurnameE', 'F', '20021002269993', '5330431421.jpg'),
('5330433721', 'นาย', 'คมปัญญา', 'จันทนลาช', 'Mr.', 'NameE', 'SurnameE', 'M', '20021002271452', '5330433721.jpg'),
('5330434321', 'นาย', 'คริททิซ', 'ดาก้า', 'Mr.', 'NameE', 'SurnameE', 'M', '20021002270454', '5330434321.jpg'),
('5330435021', 'นาย', 'ศุภกฤต', 'บวรธรรมปิติ', 'Mr.', 'NameE', 'SurnameE', 'M', '20021002270298', '5330435021.jpg'),
('5330437221', 'นาย', 'ศุภกฤต', 'เลิศอัชฌาสัย', 'Mr.', 'NameE', 'SurnameE', 'M', '20021002268037', '5330437221.jpg'),
('5330440021', 'นาย', 'ศุภณัฐ', 'โล่ห์จินดารัตน์', 'Mr.', 'NameE', 'SurnameE', 'M', '20021002271221', '5330440021.jpg'),
('5330442321', 'นาย', 'ศุภฤกษ์', 'ประเสริฐธรรม', 'Mr.', 'NameE', 'SurnameE', 'M', '20021002270306', '5330442321.jpg'),
('5330444621', 'นาย', 'ศุภวัฒน์', 'สุขสันติสวัสดิ์', 'Mr.', 'NameE', 'SurnameE', 'M', '20021002270314', '5330444621.jpg'),
('5330445221', 'นาย', 'ศุภวัฒน์', 'สุรเลิศรังสรรค์', 'Mr.', 'NameE', 'SurnameE', 'M', '20021002271239', '5330445221.jpg'),
('5330446921', 'นาย', 'ศุภวิชญ์', 'ทรัพย์พิศาลกุล', 'Mr.', 'NameE', 'SurnameE', 'M', '20021002271247', '5330446921.jpg'),
('5330447521', 'นาย', 'เศรษฐสิทธิ์', 'ชัยเกษตรสิน', 'Mr.', 'NameE', 'SurnameE', 'M', '20021002268110', '5330447521.jpg'),
('5330448121', 'นาย', 'สกนธ์ณัฐ', 'อนันต์ศุภศักดิ์', 'Mr.', 'NameE', 'SurnameE', 'M', '20021002268136', '5330448121.jpg'),
('5330449821', 'นาย', 'สถาพร', 'เมฆราตรี', 'Mr.', 'NameE', 'SurnameE', 'M', '20021002268144', '5330449821.jpg'),
('5330451021', 'นาย', 'สมประสงค์', 'ประวัติศิลป์', 'Mr.', 'NameE', 'SurnameE', 'M', '20021002268151', '5330451021.jpg'),
('5330452621', 'นางสาว', 'ปิยธิดา', 'นิยม', 'Mrs.', 'NameE', 'SurnameE', 'F', '20021002266270', '5330452621.jpg'),
('5330454921', 'นางสาว', 'ปิยวรรณ', 'หงส์สิริวิไล', 'Mrs.', 'NameE', 'SurnameE', 'F', '20021002266312', '5330454921.jpg'),
('5330456121', 'นาย', 'สมรัฐชาติ', 'มณีวงศ์', 'Mr.', 'NameE', 'SurnameE', 'M', '20021002268169', '5330456121.jpg'),
('5330458421', 'นาย', 'คิ ฮุน', 'คิม', 'Mr.', 'NameE', 'SurnameE', 'M', '20021002015412', '5330458421.jpg'),
('5330460621', 'นางสาว', 'พนาวรรณ', 'สร้อยสน', 'Mrs.', 'NameE', 'SurnameE', 'F', '20021002266486', '5330460621.jpg'),
('5330462921', 'นาย', 'สรเศรษฐ์', 'ตระการสิริพจน์', 'Mr.', 'NameE', 'SurnameE', 'M', '20021002268219', '5330462921.jpg'),
('5330463521', 'นาย', 'สรัล', 'สุขุมเสาวภาคย์', 'Mr.', 'NameE', 'SurnameE', 'M', '20021002268227', '5330463521.jpg'),
('5330464121', 'นาย', 'สราวุธ', 'ลิขิตสิทธิกุล', 'Mr.', 'NameE', 'SurnameE', 'M', '20021001394859', '5330464121.jpg'),
('5330465821', 'นางสาว', 'พลอยนภัส', 'ธนสิริธรรม', 'Mrs.', 'NameE', 'SurnameE', 'F', '20021002266569', '5330465821.jpg'),
('5330466421', 'นาย', 'สสิน', 'จันทร์แจ่มจรัส', 'Mr.', 'NameE', 'SurnameE', 'M', '20021002271296', '5330466421.jpg'),
('5330467021', 'นาย', 'สัณฑ์ศรัณย์', 'อมรไชย', 'Mr.', 'NameE', 'SurnameE', 'M', '20021002268268', '5330467021.jpg'),
('5330468721', 'นาย', 'จรงกิจ', 'ศิริมงคลเกษม', 'Mr.', 'NameE', 'SurnameE', 'M', '20021002264101', '5330468721.jpg'),
('5330469321', 'นางสาว', 'พัชรณัฐ', 'พึ่งตน', 'Mrs.', 'NameE', 'SurnameE', 'F', '20021002270934', '5330469321.jpg'),
('5330470921', 'นาย', 'สัณหวัช', 'ณ นคร', 'Mr.', 'NameE', 'SurnameE', 'M', '20021002326504', '5330470921.jpg'),
('5330471521', 'นาย', 'สันติ', 'ลาภสุวรรณวงศ์', 'Mr.', 'NameE', 'SurnameE', 'M', '20021002268276', '5330471521.jpg'),
('5330472121', 'นางสาว', 'พิชชา', 'วิริยางกูร', 'Mrs.', 'NameE', 'SurnameE', 'F', '20021002269548', '5330472121.jpg'),
('5330473821', 'นาย', 'สันติสุข', 'ประภาอภิรัตน์', 'Mr.', 'NameE', 'SurnameE', 'M', '20021002271312', '5330473821.jpg'),
('5330474421', 'นาย', 'จักรพงษ์', 'แก้วสุวรรณ', 'Mr.', 'NameE', 'SurnameE', 'M', '20021002269134', '5330474421.jpg'),
('5330475021', 'นาย', 'สาธิน', 'สุขสบาย', 'Mr.', 'NameE', 'SurnameE', 'M', '20021002144485', '5330475021.jpg'),
('5330476721', 'นาย', 'สามารถ', 'โสมขันเงิน', 'Mr.', 'NameE', 'SurnameE', 'M', '20021002268292', '5330476721.jpg'),
('5330478021', 'นาย', 'สิทธิภูมิ', 'ลีสวัสดิ์ตระกูล', 'Mr.', 'NameE', 'SurnameE', 'M', '20021002268334', '5330478021.jpg'),
('5330479621', 'นาย', 'สิปปกร', 'รังษีธนะไพศาล', 'Mr.', 'NameE', 'SurnameE', 'M', '20021002144543', '5330479621.jpg'),
('5330480121', 'นาย', 'จักรภัทร', 'ตั้งทรงเจริญ', 'Mr.', 'NameE', 'SurnameE', 'M', '20021002270470', '5330480121.jpg'),
('5330482421', 'นาย', 'จาตุรงค์', 'ตั้งธนวิชญ์', 'Mr.', 'NameE', 'SurnameE', 'M', '20021002264135', '5330482421.jpg'),
('5330483021', 'นาย', 'สืบสกุล', 'ยศพิทักษ์', 'Mr.', 'NameE', 'SurnameE', 'M', '20021002268391', '5330483021.jpg'),
('5330485321', 'นาย', 'จิรชัย', 'ลีลาวัฒนชัย', 'Mr.', 'NameE', 'SurnameE', 'M', '20021002264192', '5330485321.jpg'),
('5330488221', 'นาย', 'สุกฤษฎิ์', 'กิตติถิรวัฒน์', 'Mr.', 'NameE', 'SurnameE', 'M', '20021002268409', '5330488221.jpg'),
('5330489921', 'นาย', 'สุกฤษฎิ์', 'นรากรพิจิตร์', 'Mr.', 'NameE', 'SurnameE', 'M', '20021002017855', '5330489921.jpg'),
('5330490421', 'นาย', 'จิรทรรศน์', 'ศุภปัณฑิตา', 'Mr.', 'NameE', 'SurnameE', 'M', '20021002270488', '5330490421.jpg'),
('5330491021', 'นาย', 'จิรทีปต์', 'ดำรงยิ่งสุภาพ', 'Mr.', 'NameE', 'SurnameE', 'M', '20021002264200', '5330491021.jpg'),
('5330492721', 'นาย', 'สุทัศน์', 'เสือดาว', 'Mr.', 'NameE', 'SurnameE', 'M', '20021002268458', '5330492721.jpg'),
('5330493321', 'นาย', 'สุทัศไนย', 'หล้าธรรม', 'Mr.', 'NameE', 'SurnameE', 'M', '20021002268474', '5330493321.jpg'),
('5330494021', 'นาย', 'สุธีร์', 'ธิติอนันต์ปกรณ์', 'Mr.', 'NameE', 'SurnameE', 'M', '20021002268508', '5330494021.jpg'),
('5330495621', 'นาย', 'สุนัย', 'นิธังกร', 'Mr.', 'NameE', 'SurnameE', 'M', '20021002268516', '5330495621.jpg'),
('5330496221', 'นาย', 'สุบิน', 'ชาญพิทยานุกูลกิจ', 'Mr.', 'NameE', 'SurnameE', 'M', '20021002268524', '5330496221.jpg'),
('5330498521', 'นาย', 'สุปรีชา', 'ภัทรสุวรรณ', 'Mr.', 'NameE', 'SurnameE', 'M', '20021002271361', '5330498521.jpg'),
('5330499121', 'นาย', 'สุภชาติ', 'เมืองใหญ่', 'Mr.', 'NameE', 'SurnameE', 'M', '20021002271544', '5330499121.jpg'),
('5330500021', 'นาย', 'จิรัสย์', 'ชัยกิตติศิลป์', 'Mr.', 'NameE', 'SurnameE', 'M', '20021002264291', '5330500021.jpg'),
('5330501721', 'นาย', 'จิรายุ', 'พูลพุทธพงษ์', 'Mr.', 'NameE', 'SurnameE', 'M', '20021002139931', '5330501721.jpg'),
('5330502321', 'นางสาว', 'พิชญา', 'วัลลภวิสุทธิ์', 'Mrs.', 'NameE', 'SurnameE', 'F', '20021002266718', '5330502321.jpg'),
('5330504621', 'นาย', 'สุรยศ', 'โศภิตพงศ์', 'Mr.', 'NameE', 'SurnameE', 'M', '20021002269621', '5330504621.jpg'),
('5330505221', 'นางสาว', 'พิชญา', 'แสงอำไพ', 'Mrs.', 'NameE', 'SurnameE', 'F', '20021002266726', '5330505221.jpg'),
('5330506921', 'นาย', 'สุวพันธุ์', 'อริเดช', 'Mr.', 'NameE', 'SurnameE', 'M', '20021002268615', '5330506921.jpg'),
('5330507521', 'นาย', 'จีระพัฒน์', 'สังข์เอี่ยม', 'Mr.', 'NameE', 'SurnameE', 'M', '20021002264317', '5330507521.jpg'),
('5330508121', 'นาย', 'เสกข์', 'ฟ้าภิญโญ', 'Mr.', 'NameE', 'SurnameE', 'M', '20021002268631', '5330508121.jpg'),
('5330509821', 'นางสาว', 'พิมชนิภา', 'เพ็ญศิริ', 'Mrs.', 'NameE', 'SurnameE', 'F', '20021002266742', '5330509821.jpg'),
('5330510321', 'นาย', 'เสฎฐวุฒิ', 'ตันธนะสฤษดิ์', 'Mr.', 'NameE', 'SurnameE', 'M', '20021002268649', '5330510321.jpg'),
('5330511021', 'นางสาว', 'พิมพัฒน์', 'เทียวพนิชกิจ', 'Mrs.', 'NameE', 'SurnameE', 'F', '20021002266759', '5330511021.jpg'),
('5330512621', 'นาย', 'โสภณ', 'คงเจริญสุขสันติ', 'Mr.', 'NameE', 'SurnameE', 'M', '20021002268664', '5330512621.jpg'),
('5330513221', 'นาย', 'หริพันธ์', 'วงษ์สุวรรณ', 'Mr.', 'NameE', 'SurnameE', 'M', '20021002268698', '5330513221.jpg'),
('5330514921', 'นาย', 'อธิพงศ์', 'ภู่วราวุฒิพานิช', 'Mr.', 'NameE', 'SurnameE', 'M', '20021002268714', '5330514921.jpg'),
('5330515521', 'นาย', 'อธิศ', 'ตันติเจริญวิโรจน์', 'Mr.', 'NameE', 'SurnameE', 'M', '20021002144931', '5330515521.jpg'),
('5330516121', 'นาย', 'จุลกรณ์', 'ยศไกร', 'Mr.', 'NameE', 'SurnameE', 'M', '20021002264341', '5330516121.jpg'),
('5330518421', 'นาย', 'อนุพันธ์', 'โรจนพัฒน์', 'Mr.', 'NameE', 'SurnameE', 'M', '20021002144964', '5330518421.jpg'),
('5330520621', 'นาย', 'อภิชัย', 'ดอกไม้', 'Mr.', 'NameE', 'SurnameE', 'M', '20021002270363', '5330520621.jpg'),
('5330522921', 'นาย', 'อภิสร', 'อังศุศิริพงศ์', 'Mr.', 'NameE', 'SurnameE', 'M', '20021002268771', '5330522921.jpg'),
('5330524121', 'นาย', 'อภิสิทธิ์', 'บุญศิริ', 'Mr.', 'NameE', 'SurnameE', 'M', '20021002268789', '5330524121.jpg'),
('5330525821', 'นาย', 'อรรคพงษ์', 'อุณหเลขกะ', 'Mr.', 'NameE', 'SurnameE', 'M', '20021002145060', '5330525821.jpg'),
('5330526421', 'นาย', 'อรรถวัฒน์', 'ภู่พงษ์', 'Mr.', 'NameE', 'SurnameE', 'M', '20021002145706', '5330526421.jpg'),
('5330527021', 'นาย', 'อรุณ', 'แสงอลังการ', 'Mr.', 'NameE', 'SurnameE', 'M', '20021002268847', '5330527021.jpg'),
('5330528721', 'นาย', 'ฉัตรธนา', 'สวัสดี', 'Mr.', 'NameE', 'SurnameE', 'M', '20021002269464', '5330528721.jpg'),
('5330531521', 'นางสาว', 'พิมล', 'เอี่ยมอารีรัตน์', 'Mrs.', 'NameE', 'SurnameE', 'F', '20021002266767', '5330531521.jpg'),
('5330532121', 'นาย', 'อานนท์', 'เป็นไทย', 'Mr.', 'NameE', 'SurnameE', 'M', '20021002268920', '5330532121.jpg'),
('5330533821', 'นาย', 'อานนท์', 'สุนทรหุต', 'Mr.', 'NameE', 'SurnameE', 'M', '20021002268938', '5330533821.jpg'),
('5330534421', 'นาย', 'อานันท์', 'เชาวนโยธิน', 'Mr.', 'NameE', 'SurnameE', 'M', '20021002271429', '5330534421.jpg'),
('5330537321', 'นาย', 'เฉลิมเกียรติ', 'สิรชัยรัตน์', 'Mr.', 'NameE', 'SurnameE', 'M', '20021002264382', '5330537321.jpg'),
('5330538021', 'นาย', 'อานันท์', 'ชัยพิภพ', 'Mr.', 'NameE', 'SurnameE', 'M', '20021002268946', '5330538021.jpg'),
('5330539621', 'นางสาว', 'พิมลรัตน์', 'เผ่าศรีเจริญ', 'Mrs.', 'NameE', 'SurnameE', 'F', '20021002266775', '5330539621.jpg'),
('5330540121', 'นาย', 'อานันท์', 'ประเสริฐรุ่งเรือง', 'Mr.', 'NameE', 'SurnameE', 'M', '20021002268953', '5330540121.jpg'),
('5330541821', 'นาย', 'อาวุฒิ', 'เตชะวีรพงศ์', 'Mr.', 'NameE', 'SurnameE', 'M', '20021002270371', '5330541821.jpg'),
('5330542421', 'นาย', 'อิชยะ', 'ศิลา', 'Mr.', 'NameE', 'SurnameE', 'M', '20021002268995', '5330542421.jpg'),
('5330543021', 'นาย', 'อิทธิวัฒน์', 'ขรขันฑ์', 'Mr.', 'NameE', 'SurnameE', 'M', '20021002326538', '5330543021.jpg'),
('5330544721', 'นาย', 'อิทธิศักดิ์', 'อัครอภิโภคี', 'Mr.', 'NameE', 'SurnameE', 'M', '20021002271437', '5330544721.jpg'),
('5330547621', 'นาย', 'ชนกนันท์', 'ไกรสมภาค', 'Mr.', 'NameE', 'SurnameE', 'M', '20021002264440', '5330547621.jpg'),
('5330548221', 'นาย', 'อินทร', 'เชิดชูธรรม', 'Mr.', 'NameE', 'SurnameE', 'M', '20021002269001', '5330548221.jpg'),
('5330549921', 'นางสาว', 'พิรญาณ์', 'วงษ์นิมมาน', 'Mrs.', 'NameE', 'SurnameE', 'F', '20021002270066', '5330549921.jpg'),
('5330550421', 'นาย', 'ชนกันต์', 'ธงไชย', 'Mr.', 'NameE', 'SurnameE', 'M', '20021002267260', '5330550421.jpg'),
('5330552721', 'นาย', 'เอกภพ', 'รุจิระประภาส', 'Mr.', 'NameE', 'SurnameE', 'M', '20021002269043', '5330552721.jpg'),
('5330553321', 'นาย', 'เอกรัตน์', 'สุธีจิตสิริ', 'Mr.', 'NameE', 'SurnameE', 'M', '20021002269050', '5330553321.jpg'),
('5330554021', 'นาย', 'เอกสิทธิ์', 'สุภานันท์', 'Mr.', 'NameE', 'SurnameE', 'M', '20021002270389', '5330554021.jpg'),
('5330556221', 'นาย', 'ชนกันต์', 'พอจิต', 'Mr.', 'NameE', 'SurnameE', 'M', '20021002269142', '5330556221.jpg'),
('5330557921', 'นาย', 'จักรพรรดิ์', 'สายทอง', 'Mr.', 'NameE', 'SurnameE', 'M', '20021002269696', '5330557921.jpg'),
('5330558521', 'นางสาว', 'ณัฐกาญจน์', 'เทียนตระกูล', 'Mrs.', 'NameE', 'SurnameE', 'F', '20021002264879', '5330558521.jpg'),
('5330559121', 'นาย', 'ชิษณุพงศ์', 'ขอมปวน', 'Mr.', 'NameE', 'SurnameE', 'M', '20021002264671', '5330559121.jpg'),
('5330802621', 'นาย', 'ชยพัทธ์', 'บุญญานิตย์', 'Mr.', 'NameE', 'SurnameE', 'M', '20021002264507', '5330802621.jpg'),
('5330804921', 'นาย', 'ฐานิศ', 'เจนจบ', 'Mr.', 'NameE', 'SurnameE', 'M', '20021002264739', '5330804921.jpg'),
('5330805521', 'นาย', 'ณพสิทธิ์', 'พิพิธพัฒนาปราปต์', 'Mr.', 'NameE', 'SurnameE', 'M', '20021002269746', '5330805521.jpg'),
('5330806121', 'นาย', 'ณัฐพงษ์', 'ตันติสุวิทย์กุล', 'Mr.', 'NameE', 'SurnameE', 'M', '20021002264911', '5330806121.jpg'),
('5330807821', 'นาย', 'เต็มสิน', 'วัฒนพานิช', 'Mr.', 'NameE', 'SurnameE', 'M', '20021002265157', '5330807821.jpg'),
('5330808421', 'นางสาว', 'วราภรณ์', 'กิจเรือนทอง', 'Mrs.', 'NameE', 'SurnameE', 'F', '20021002267526', '5330808421.jpg'),
('5330811221', 'นาย', 'ธนกฤต', 'จวนกระจ่าง', 'Mr.', 'NameE', 'SurnameE', 'M', '20021002265355', '5330811221.jpg'),
('5330812921', 'นาย', 'ธีรพล', 'คงสุนทร', 'Mr.', 'NameE', 'SurnameE', 'M', '20021002265702', '5330812921.jpg'),
('5330813521', 'นาย', 'ธีรภัทร', 'เก้าเอี้ยน', 'Mr.', 'NameE', 'SurnameE', 'M', '20021002269928', '5330813521.jpg'),
('5330814121', 'นาย', 'ปฐวี', 'ผดุงชีวิต', 'Mr.', 'NameE', 'SurnameE', 'M', '20021002266023', '5330814121.jpg'),
('5330818721', 'นาย', 'กษิดิศ', 'จิโรจน์กุล', 'Mr.', 'NameE', 'SurnameE', 'M', '20021002263764', '5330818721.jpg'),
('5330819321', 'นาย', 'รชต', 'ต่อศิริสุข', 'Mr.', 'NameE', 'SurnameE', 'M', '20021002270173', '5330819321.jpg'),
('5330820921', 'นาย', 'วรธน', 'วรนิทัศน์', 'Mr.', 'NameE', 'SurnameE', 'M', '20021002267393', '5330820921.jpg'),
('5330821521', 'นาย', 'กิตติ', 'หฤทัยสดใส', 'Mr.', 'NameE', 'SurnameE', 'M', '20021002269662', '5330821521.jpg'),
('5330822121', 'นาย', 'วัชรพล', 'นุชสมบัติ', 'Mr.', 'NameE', 'SurnameE', 'M', '20021002267625', '5330822121.jpg'),
('5330823821', 'นาย', 'วารุจ', 'ลิ่มวิบูลย์', 'Mr.', 'NameE', 'SurnameE', 'M', '20021002267690', '5330823821.jpg'),
('5330824421', 'นางสาว', 'เบญจพร', 'ล้อเหล็กเพชร', 'Mrs.', 'NameE', 'SurnameE', 'F', '20021002271486', '5330824421.jpg'),
('5330825021', 'นาย', 'ไกรศล', 'ศิริวาลย์', 'Mr.', 'NameE', 'SurnameE', 'M', '20021002264036', '5330825021.jpg'),
('5330826721', 'นาย', 'วีรภัทร', 'ตั้งจักรวรานนท์', 'Mr.', 'NameE', 'SurnameE', 'M', '20021002267815', '5330826721.jpg'),
('5330830121', 'นาย', 'ศุภณัฐ', 'กีรติไพบูลย์', 'Mr.', 'NameE', 'SurnameE', 'M', '20021002268052', '5330830121.jpg'),
('5330833021', 'นาย', 'อาณิก', 'อุทัยวนิชวัฒนา', 'Mr.', 'NameE', 'SurnameE', 'M', '20021002268904', '5330833021.jpg'),
('5330834721', 'นาย', 'สุกฤษฎิ์', 'สันตธาดาพร', 'Mr.', 'NameE', 'SurnameE', 'M', '20021002268425', '5330834721.jpg'),
('5330901021', 'นาย', 'ภัทรวุฒิ', 'ศักดิ์ศิริสัมพันธ์', 'Mr.', 'NameE', 'SurnameE', 'M', '20021002266940', '5330901021.jpg'),
('5330902721', 'นาย', 'พิสิษฐ์', 'กิตติวิทยากุล', 'Mr.', 'NameE', 'SurnameE', 'M', '20021002266783', '5330902721.jpg'),
('5330903321', 'นาย', 'ชาญเลิศ', 'อาชาไกรสร', 'Mr.', 'NameE', 'SurnameE', 'M', '20021002264622', '5330903321.jpg'),
('5330905621', 'นาย', 'รชานันท์', 'สมุทรานุกูล', 'Mr.', 'NameE', 'SurnameE', 'M', '20021002270181', '5330905621.jpg'),
('5330906221', 'นาย', 'ณิชากรณ์', 'กิตติวินิชนันท์', 'Mr.', 'NameE', 'SurnameE', 'M', '20021002269209', '5330906221.jpg'),
('5330907921', 'นาย', 'ธนกฤต', 'ลิขสิทธิพันธุ์', 'Mr.', 'NameE', 'SurnameE', 'M', '20021002265363', '5330907921.jpg'),
('5330910721', 'นาย', 'ปรัชญา', 'วงษ์จงรัก', 'Mr.', 'NameE', 'SurnameE', 'M', '20021002269985', '5330910721.jpg'),
('5330911321', 'นางสาว', 'อาศิรา', 'วิจิตรทองเรือง', 'Mrs.', 'NameE', 'SurnameE', 'F', '20021002268987', '5330911321.jpg'),
('5330912021', 'นาย', 'พงศกร', 'เสถียรวิริยคุณ', 'Mr.', 'NameE', 'SurnameE', 'M', '20021002266395', '5330912021.jpg'),
('5330913621', 'นาย', 'พีระวัฒน์', 'รัตนกาล', 'Mr.', 'NameE', 'SurnameE', 'M', '20021002266841', '5330913621.jpg'),
('5330914221', 'นาย', 'ภาสันต์', 'จุลศักดิ์ศรีสกุล', 'Mr.', 'NameE', 'SurnameE', 'M', '20021002270140', '5330914221.jpg'),
('5330915921', 'นาย', 'รชฎ', 'มิ่งขวัญ', 'Mr.', 'NameE', 'SurnameE', 'M', '20021002270165', '5330915921.jpg'),
('5330916521', 'นาย', 'รณกฤต', 'ตั้งจิรคภัณฑ์', 'Mr.', 'NameE', 'SurnameE', 'M', '20021002267229', '5330916521.jpg'),
('5330917121', 'นาย', 'ล่ำซำ', 'ทองสีนุช', 'Mr.', 'NameE', 'SurnameE', 'M', '20021002270207', '5330917121.jpg'),
('5330919421', 'นาย', 'วศิน', 'สุรารักษ์', 'Mr.', 'NameE', 'SurnameE', 'M', '20021002267575', '5330919421.jpg'),
('5330921621', 'นาย', 'จิรภัทร', 'จิราวรรณสถิตย์', 'Mr.', 'NameE', 'SurnameE', 'M', '20021002264218', '5330921621.jpg'),
('5330922221', 'นาย', 'สุรศักดิ์', 'เกษตรศิริกุล', 'Mr.', 'NameE', 'SurnameE', 'M', '20021002268581', '5330922221.jpg'),
('5331001421', 'นางสาว', 'กนกพร', 'เลิศเดชาภัทร', 'Mrs.', 'NameE', 'SurnameE', 'F', '20021002263566', '5331001421.jpg'),
('5331003721', 'นางสาว', 'ไพลิน', 'พัฒนากิจสกุล', 'Mrs.', 'NameE', 'SurnameE', 'F', '20021002266866', '5331003721.jpg'),
('5331004321', 'นางสาว', 'กฤตยา', 'ศิวะโกเมน', 'Mrs.', 'NameE', 'SurnameE', 'F', '20021002207548', '5331004321.jpg'),
('5331006621', 'นางสาว', 'กาญจนา', 'ศิรินวเสถียร', 'Mrs.', 'NameE', 'SurnameE', 'F', '20021002263830', '5331006621.jpg'),
('5331007221', 'นาย', 'ณัฐพงษ์', 'ทวิพร', 'Mr.', 'NameE', 'SurnameE', 'M', '20021002264929', '5331007221.jpg'),
('5331008921', 'นางสาว', 'วศินี', 'กิจจงถาวรกุล', 'Mrs.', 'NameE', 'SurnameE', 'F', '20021002267583', '5331008921.jpg'),
('5331009521', 'นาย', 'ธนกรณ์', 'บุญยืน', 'Mr.', 'NameE', 'SurnameE', 'M', '20021002141101', '5331009521.jpg'),
('5331010021', 'นางสาว', 'จิตสุชา', 'ดาราเย็น', 'Mrs.', 'NameE', 'SurnameE', 'F', '20021002264176', '5331010021.jpg'),
('5331011721', 'นางสาว', 'จิรัสย์', 'จึงสิริพิทักษ์', 'Mrs.', 'NameE', 'SurnameE', 'F', '20021002264283', '5331011721.jpg'),
('5331012321', 'นางสาว', 'ศุภิสรา', 'ภัทรเกียรติคุณ', 'Mrs.', 'NameE', 'SurnameE', 'F', '20021002144311', '5331012321.jpg'),
('5331013021', 'นาย', 'ธนวัฒน์', 'จันทร์วิกูล', 'Mr.', 'NameE', 'SurnameE', 'M', '20021002265447', '5331013021.jpg'),
('5331015221', 'นางสาว', 'สัญนันท์', 'ชูโชติแก้ว', 'Mrs.', 'NameE', 'SurnameE', 'F', '20021002270348', '5331015221.jpg'),
('5331016921', 'นางสาว', 'จุฬาลักษณ์', 'เมธากิจตระกูล', 'Mrs.', 'NameE', 'SurnameE', 'F', '20021002270512', '5331016921.jpg'),
('5331018121', 'นางสาว', 'ชญาภา', 'จุณณานนท์', 'Mrs.', 'NameE', 'SurnameE', 'F', '20021002270538', '5331018121.jpg'),
('5331019821', 'นางสาว', 'สิวะกาญจน์', 'ศรีประเสริฐ', 'Mrs.', 'NameE', 'SurnameE', 'F', '20021002326520', '5331019821.jpg'),
('5331020321', 'นางสาว', 'ชรตะวัน', 'บรรณวัฒน์', 'Mrs.', 'NameE', 'SurnameE', 'F', '20021002264523', '5331020321.jpg'),
('5331024921', 'นาย', 'นิธิวิทย์', 'วัฒนวงศ์อนันต์', 'Mr.', 'NameE', 'SurnameE', 'M', '20021002265934', '5331024921.jpg'),
('5331025521', 'นาย', 'ปฏิพล', 'อริยรัชโตภาส', 'Mr.', 'NameE', 'SurnameE', 'M', '20021002265991', '5331025521.jpg'),
('5331026121', 'นางสาว', 'ชัญญานุช', 'จันทโชติวรรณ', 'Mrs.', 'NameE', 'SurnameE', 'F', '20021002269712', '5331026121.jpg'),
('5331027821', 'นางสาว', 'ชุติกาญจน์', 'เลิศธัญพันธ์', 'Mrs.', 'NameE', 'SurnameE', 'F', '20021002326546', '5331027821.jpg'),
('5331028421', 'นางสาว', 'ญาณิศา', 'แก้วขาว', 'Mrs.', 'NameE', 'SurnameE', 'F', '20021002264713', '5331028421.jpg'),
('5331029021', 'นาย', 'ปริญญ์', 'จงภักดีพงศ์', 'Mr.', 'NameE', 'SurnameE', 'M', '20021002266155', '5331029021.jpg'),
('5331030621', 'นาย', 'ปิตลักษณ์', 'สุวรรณะดิษฐกุล', 'Mr.', 'NameE', 'SurnameE', 'M', '20021002266254', '5331030621.jpg'),
('5331032921', 'นางสาว', 'ณัฐชา', 'จันทรสกุล', 'Mrs.', 'NameE', 'SurnameE', 'F', '20021002264887', '5331032921.jpg'),
('5331033521', 'นาย', 'พงศ์กรณ์', 'ลาภชีวะสิทธิ์', 'Mr.', 'NameE', 'SurnameE', 'M', '20021002266403', '5331033521.jpg'),
('5331035821', 'นางสาว', 'ณัฐรัตน์', 'แซ่ลิ้ม', 'Mrs.', 'NameE', 'SurnameE', 'F', '20021002265017', '5331035821.jpg'),
('5331036421', 'นาย', 'พสิษฐ์', 'คงคุณากรกุล', 'Mr.', 'NameE', 'SurnameE', 'M', '20021002266593', '5331036421.jpg'),
('5331037021', 'นาย', 'พิชญะ', 'สมภพสกุล', 'Mr.', 'NameE', 'SurnameE', 'M', '20021002266692', '5331037021.jpg'),
('5331038721', 'นางสาว', 'ณัฐวรินทร์', 'สุวรรณชัย', 'Mrs.', 'NameE', 'SurnameE', 'F', '20021002265033', '5331038721.jpg'),
('5331039321', 'นางสาว', 'ดวงพร', 'เล็กอุทัย', 'Mrs.', 'NameE', 'SurnameE', 'F', '20021002265108', '5331039321.jpg'),
('5331040921', 'นาย', 'พูน', 'วุฒิกุลเจริญวงศ์', 'Mr.', 'NameE', 'SurnameE', 'M', '20021002270991', '5331040921.jpg'),
('5331041521', 'นางสาว', 'ถิรดา', 'เตชาชัยนิรันดร์', 'Mrs.', 'NameE', 'SurnameE', 'F', '20021002265181', '5331041521.jpg'),
('5331043821', 'นางสาว', 'ธนภรณ์', 'วาระเสน', 'Mrs.', 'NameE', 'SurnameE', 'F', '20021002269217', '5331043821.jpg'),
('5331044421', 'นางสาว', 'ธมลวรรณ', 'คงสิรินุรักษ์', 'Mrs.', 'NameE', 'SurnameE', 'F', '20021002265546', '5331044421.jpg'),
('5331045021', 'นางสาว', 'ธัญชนก', 'ธรรมสัญญา', 'Mrs.', 'NameE', 'SurnameE', 'F', '20021002265595', '5331045021.jpg'),
('5331046721', 'นาย', 'มารวย', 'ตั้งมิตรประชา', 'Mr.', 'NameE', 'SurnameE', 'M', '20021002271064', '5331046721.jpg'),
('5331047321', 'นาย', 'ยาซีน', 'ยุโส๊ป', 'Mr.', 'NameE', 'SurnameE', 'M', '20021002267203', '5331047321.jpg'),
('5331050121', 'นาย', 'รัฐพล', 'วิริยะพันธุ์', 'Mr.', 'NameE', 'SurnameE', 'M', '20021002271098', '5331050121.jpg'),
('5331051821', 'นาย', 'กัญจน์', 'พูลสุขสมบัติ', 'Mr.', 'NameE', 'SurnameE', 'M', '20021002263806', '5331051821.jpg'),
('5331052421', 'นางสาว', 'ธันยพร', 'ประสารศิวมัย', 'Mrs.', 'NameE', 'SurnameE', 'F', '20021002265637', '5331052421.jpg'),
('5331053021', 'นาย', 'กันตภณ', 'เกษตรสวัสดิ์', 'Mr.', 'NameE', 'SurnameE', 'M', '20021002263822', '5331053021.jpg'),
('5331054721', 'นาย', 'วริทธิ์', 'ชยาวิวัฒน์กุล', 'Mr.', 'NameE', 'SurnameE', 'M', '20021002269324', '5331054721.jpg'),
('5331055321', 'นาย', 'กิตติพงศ์', 'สุนทรสิริพงศ์', 'Mr.', 'NameE', 'SurnameE', 'M', '20021002263897', '5331055321.jpg'),
('5331056021', 'นาย', 'วริษฐ์', 'ปัณฑุรอัมพร', 'Mr.', 'NameE', 'SurnameE', 'M', '20021002267534', '5331056021.jpg'),
('5331057621', 'นาย', 'วสิษฐ์', 'ชยาวิวัฒน์กุล', 'Mr.', 'NameE', 'SurnameE', 'M', '20021002267609', '5331057621.jpg'),
('5331058221', 'นาย', 'กิติธร', 'พนัสอัมพร', 'Mr.', 'NameE', 'SurnameE', 'M', '20021002263947', '5331058221.jpg'),
('5331061021', 'นางสาว', 'ปภาดา', 'วิสุทธิพรผล', 'Mrs.', 'NameE', 'SurnameE', 'F', '20021002266056', '5331061021.jpg'),
('5331067921', 'นางสาว', 'ปานชีวา', 'อารยะชีพปรีชา', 'Mrs.', 'NameE', 'SurnameE', 'F', '20021002270009', '5331067921.jpg'),
('5331068521', 'นางสาว', 'ปิยะณัฐ', 'โมกข์ณรงค์', 'Mrs.', 'NameE', 'SurnameE', 'F', '20021002266320', '5331068521.jpg'),
('5331069121', 'นาย', 'คลาส', 'เจริญรัชเดช', 'Mr.', 'NameE', 'SurnameE', 'M', '20021002015404', '5331069121.jpg'),
('5331070721', 'นาย', 'สราวุธ', 'ชีวรัตนาพันธ์', 'Mr.', 'NameE', 'SurnameE', 'M', '20021002271288', '5331070721.jpg'),
('5331072021', 'นางสาว', 'พิชญา', 'เตชะประเสริฐวิทยา', 'Mrs.', 'NameE', 'SurnameE', 'F', '20021002266700', '5331072021.jpg'),
('5331074221', 'นาย', 'อภิวัฒน์', 'เอื้อประโยชน์กุล', 'Mr.', 'NameE', 'SurnameE', 'M', '20021002145029', '5331074221.jpg'),
('5331075921', 'นาย', 'ชญานนท์', 'ศรีสุวรรณ', 'Mr.', 'NameE', 'SurnameE', 'M', '20021002264416', '5331075921.jpg'),
('5331076521', 'นาย', 'แอริค ปีเตอร์', 'รอสส์', 'Mr.', 'NameE', 'SurnameE', 'M', '20021002271445', '5331076521.jpg'),
('5331077121', 'นาย', 'อินทรัตน์', 'พิชญสัจจา', 'Mr.', 'NameE', 'SurnameE', 'M', '20021002271551', '5331077121.jpg'),
('5331201621', 'นาย', 'ชโลภาส', 'งวดชัย', 'Mr.', 'NameE', 'SurnameE', 'M', '20021002264556', '5331201621.jpg'),
('5331202221', 'นางสาว', 'แพรวพิสุทธิ์', 'ศรีอยู่พุ่ม', 'Mrs.', 'NameE', 'SurnameE', 'F', '20021002270082', '5331202221.jpg'),
('5331203921', 'นางสาว', 'ภัณฑิรา', 'กิจพิพิธ', 'Mrs.', 'NameE', 'SurnameE', 'F', '20021002266882', '5331203921.jpg'),
('5331204521', 'นางสาว', 'กรณิกา', 'พุดแจงงาม', 'Mrs.', 'NameE', 'SurnameE', 'F', '20021002263608', '5331204521.jpg'),
('5331205121', 'นาย', 'ชารีฟ', 'อินทพันธ์', 'Mr.', 'NameE', 'SurnameE', 'M', '20021002264648', '5331205121.jpg'),
('5331206821', 'นาย', 'ณัฐ', 'วินิจธรรมกุล', 'Mr.', 'NameE', 'SurnameE', 'M', '20021002146951', '5331206821.jpg'),
('5331207421', 'นาย', 'ณัฐณพัชร์', 'กวิพรรธน์', 'Mr.', 'NameE', 'SurnameE', 'M', '20021002269787', '5331207421.jpg'),
('5331209721', 'นางสาว', 'กิติยา', 'นินถึก', 'Mrs.', 'NameE', 'SurnameE', 'F', '20021002263954', '5331209721.jpg'),
('5331210221', 'นางสาว', 'มินท์มันตา', 'ชมภูแสง', 'Mrs.', 'NameE', 'SurnameE', 'F', '20021002072496', '5331210221.jpg'),
('5331211921', 'นาย', 'ณัฐภัทร', 'มิตรศิริสวัสดิ์', 'Mr.', 'NameE', 'SurnameE', 'M', '20021002264994', '5331211921.jpg'),
('5331212521', 'นาย', 'ณัฐวัตร', 'พลอยดี', 'Mr.', 'NameE', 'SurnameE', 'M', '20021002265041', '5331212521.jpg'),
('5331213121', 'นาย', 'ณัฐวุฒิ', 'เรืองเวชวรชัย', 'Mr.', 'NameE', 'SurnameE', 'M', '20021002265066', '5331213121.jpg'),
('5331215421', 'นาย', 'ตะวัน', 'สุขประเสริฐ', 'Mr.', 'NameE', 'SurnameE', 'M', '20021002265132', '5331215421.jpg'),
('5331216021', 'นาย', 'ทวิชาธัญ', 'ชัยวงศ์สุรฤทธิ์', 'Mr.', 'NameE', 'SurnameE', 'M', '20021002265215', '5331216021.jpg'),
('5331217721', 'นาย', 'ทวีพงศ์', 'สิริคุตตานนท์', 'Mr.', 'NameE', 'SurnameE', 'M', '20021002265223', '5331217721.jpg'),
('5331218321', 'นาย', 'ทัศนวิทย์', 'ทับทิม', 'Mr.', 'NameE', 'SurnameE', 'M', '20021002265280', '5331218321.jpg'),
('5331219021', 'นางสาว', 'วิภาวี', 'วิวรรณวา', 'Mrs.', 'NameE', 'SurnameE', 'F', '20021002267757', '5331219021.jpg'),
('5331220521', 'นางสาว', 'วิภาวี', 'อ.ก้องเกียรติ', 'Mrs.', 'NameE', 'SurnameE', 'F', '20021002267765', '5331220521.jpg'),
('5331223421', 'นางสาว', 'จิราธิป', 'ขจรกุลวณิชย์', 'Mrs.', 'NameE', 'SurnameE', 'F', '20021002270504', '5331223421.jpg'),
('5331225721', 'นาย', 'ธนฤทธิ์', 'ส่งทานินทร์', 'Mr.', 'NameE', 'SurnameE', 'M', '20021002270744', '5331225721.jpg'),
('5331226321', 'นางสาว', 'จุฑาทิพย์', 'แซ่โอว', 'Mrs.', 'NameE', 'SurnameE', 'F', '20021002264325', '5331226321.jpg'),
('5331227021', 'นางสาว', 'สมศิริ', 'เช็งสุทธา', 'Mrs.', 'NameE', 'SurnameE', 'F', '20021002268177', '5331227021.jpg'),
('5331228621', 'นางสาว', 'สรัลพร', 'บุณยรัตพันธุ์', 'Mrs.', 'NameE', 'SurnameE', 'F', '20021002271270', '5331228621.jpg'),
('5331229221', 'นางสาว', 'จุฑามาศ', 'บุญรอด', 'Mrs.', 'NameE', 'SurnameE', 'F', '20021002264333', '5331229221.jpg'),
('5331230821', 'นางสาว', 'เจนจิรา', 'ศรีชัยธำรง', 'Mrs.', 'NameE', 'SurnameE', 'F', '20021002264366', '5331230821.jpg'),
('5331231421', 'นาย', 'ปีติ', 'ขาววิสุทธิ์', 'Mr.', 'NameE', 'SurnameE', 'M', '20021002270900', '5331231421.jpg'),
('5331232021', 'นางสาว', 'สุกัญญาพัชรน์', 'ตันติวงษากิจ', 'Mrs.', 'NameE', 'SurnameE', 'F', '20021002271320', '5331232021.jpg'),
('5331233721', 'นางสาว', 'สุทัศนา', 'อมรวณิชสาร', 'Mrs.', 'NameE', 'SurnameE', 'F', '20021002268466', '5331233721.jpg'),
('5331234321', 'นาย', 'นิธิกร', 'ลิ้มไพบูลย์', 'Mr.', 'NameE', 'SurnameE', 'M', '20021002265926', '5331234321.jpg'),
('5331235021', 'นาย', 'ประณิธาน', 'รื่นฤดีปัญญา', 'Mr.', 'NameE', 'SurnameE', 'M', '20021002266072', '5331235021.jpg');
INSERT INTO `student` (`student_id`, `th_prefix`, `th_firstname`, `th_lastname`, `en_prefix`, `en_firstname`, `en_lastname`, `gender`, `barcode`, `picture_path`) VALUES
('5331236621', 'นาย', 'ประทีป', 'นุชเจริญ', 'Mr.', 'NameE', 'SurnameE', 'M', '20021002266080', '5331236621.jpg'),
('5331237221', 'นาย', 'ปรัชญา', 'พรามโต', 'Mr.', 'NameE', 'SurnameE', 'M', '20021002266114', '5331237221.jpg'),
('5331238921', 'นางสาว', 'สุธิดา', 'กังสรานุวัตถ์', 'Mrs.', 'NameE', 'SurnameE', 'F', '20021002268490', '5331238921.jpg'),
('5331241721', 'นางสาว', 'สุภมาส', 'สุระเรืองชัย', 'Mrs.', 'NameE', 'SurnameE', 'F', '20021002268557', '5331241721.jpg'),
('5331243021', 'นาย', 'ปวีร์', 'อุดมอิทธิพงศ์', 'Mr.', 'NameE', 'SurnameE', 'M', '20021002266197', '5331243021.jpg'),
('5331245221', 'นางสาว', 'ณัชชา', 'สินประเสริฐรัตน์', 'Mrs.', 'NameE', 'SurnameE', 'F', '20021002264820', '5331245221.jpg'),
('5331247521', 'นางสาว', 'อัญญดา', 'อัศวโภคิน', 'Mrs.', 'NameE', 'SurnameE', 'F', '20021002268888', '5331247521.jpg'),
('5331248121', 'นาย', 'พงศธร', 'อมรเวชยกุล', 'Mr.', 'NameE', 'SurnameE', 'M', '20021002266411', '5331248121.jpg'),
('5331249821', 'นางสาว', 'ณัฐณิชา', 'มณีแสง', 'Mrs.', 'NameE', 'SurnameE', 'F', '20021002269779', '5331249821.jpg'),
('5331250321', 'นาย', 'พาสูง', 'ส่งศักดิ์สกุล', 'Mr.', 'NameE', 'SurnameE', 'M', '20021002266668', '5331250321.jpg'),
('5331251021', 'นางสาว', 'ณาญาฌ์', 'เหลืองสกุลพานิช', 'Mrs.', 'NameE', 'SurnameE', 'F', '20021002265074', '5331251021.jpg'),
('5331252621', 'นาย', 'กฤตยศ', 'สายวิไล', 'Mr.', 'NameE', 'SurnameE', 'M', '20021002270397', '5331252621.jpg'),
('5331254921', 'นาย', 'ภัทรพงศ์', 'ปันต๊ะ', 'Mr.', 'NameE', 'SurnameE', 'M', '20021002269563', '5331254921.jpg'),
('5331255521', 'นาย', 'ภาณุวัฒน์', 'พิมพ์ประโพธ', 'Mr.', 'NameE', 'SurnameE', 'M', '20021002601229', '5331255521.jpg'),
('5331260621', 'นาย', 'กวิน', 'คุณวิศาล', 'Mr.', 'NameE', 'SurnameE', 'M', '20021002263723', '5331260621.jpg'),
('5331261221', 'นางสาว', 'ธัญรดา', 'ธัญลักษณ์มะระ', 'Mrs.', 'NameE', 'SurnameE', 'F', '20021002265611', '5331261221.jpg'),
('5331262921', 'นาย', 'มหัทธนา', 'น้อมสวัสดิ์', 'Mr.', 'NameE', 'SurnameE', 'M', '20021002267161', '5331262921.jpg'),
('5331263521', 'นาย', 'แม็ทธิว', 'พิชิตพรรณ', 'Mr.', 'NameE', 'SurnameE', 'M', '20021002267187', '5331263521.jpg'),
('5331264121', 'นาย', 'กษิพงศ์', 'จันทร์เพ็ชร', 'Mr.', 'NameE', 'SurnameE', 'M', '20021002263772', '5331264121.jpg'),
('5331265821', 'นาย', 'รุ่ยบิน', 'หวัง', 'Mr.', 'NameE', 'SurnameE', 'M', '20021002267294', '5331265821.jpg'),
('5331266421', 'นาย', 'วรการ', 'อนันตเสนา', 'Mr.', 'NameE', 'SurnameE', 'M', '20021002267336', '5331266421.jpg'),
('5331267021', 'นาย', 'กานต์', 'ธนเศรษฐกร', 'Mr.', 'NameE', 'SurnameE', 'M', '20021002269118', '5331267021.jpg'),
('5331268721', 'นาย', 'วรวิช', 'กำธรกิตติกุล', 'Mr.', 'NameE', 'SurnameE', 'M', '20021002269316', '5331268721.jpg'),
('5331269321', 'นาย', 'กิตติคุณ', 'คุ้มคง', 'Mr.', 'NameE', 'SurnameE', 'M', '20021002263871', '5331269321.jpg'),
('5331271521', 'นาย', 'วสุ', 'สามารถสิริ', 'Mr.', 'NameE', 'SurnameE', 'M', '20021002267617', '5331271521.jpg'),
('5331273821', 'นาย', 'กิตติภต', 'ทองพันช่าง', 'Mr.', 'NameE', 'SurnameE', 'M', '20021002263939', '5331273821.jpg'),
('5331274421', 'นาย', 'โกมี่', 'จำนงไทย', 'Mr.', 'NameE', 'SurnameE', 'M', '20021002264028', '5331274421.jpg'),
('5331276721', 'นางสาว', 'น้ำเพชร', 'ทรงศิริทัตต์', 'Mrs.', 'NameE', 'SurnameE', 'F', '20021002265892', '5331276721.jpg'),
('5331277321', 'นาย', 'วิศวพล', 'เก่งกิตติภัทร', 'Mr.', 'NameE', 'SurnameE', 'M', '20021002267807', '5331277321.jpg'),
('5331278021', 'นางสาว', 'ปราญชลี', 'บุนนาค', 'Mrs.', 'NameE', 'SurnameE', 'F', '20021002266130', '5331278021.jpg'),
('5331279621', 'นาย', 'ศานนท์', 'ศุภตระกูล', 'Mr.', 'NameE', 'SurnameE', 'M', '20021002267963', '5331279621.jpg'),
('5331280121', 'นาย', 'คณิน', 'กิตติพัฒนดิลก', 'Mr.', 'NameE', 'SurnameE', 'M', '20021002264085', '5331280121.jpg'),
('5331281821', 'นางสาว', 'ปัทมาสน์', 'ถนอมผิว', 'Mrs.', 'NameE', 'SurnameE', 'F', '20021002266239', '5331281821.jpg'),
('5331282421', 'นาย', 'สถาพร', 'วิญญุนาวรรณ', 'Mr.', 'NameE', 'SurnameE', 'M', '20021002270322', '5331282421.jpg'),
('5331283021', 'นาย', 'สพล', 'ลิ้มสมวงษ์', 'Mr.', 'NameE', 'SurnameE', 'M', '20021002271262', '5331283021.jpg'),
('5331284721', 'นาย', 'สมพร', 'จิระวัฒนาสมกุล', 'Mr.', 'NameE', 'SurnameE', 'M', '20021002601237', '5331284721.jpg'),
('5331285321', 'นาย', 'สรวิศ', 'อัมระนันทน์', 'Mr.', 'NameE', 'SurnameE', 'M', '20021002268201', '5331285321.jpg'),
('5331286021', 'นางสาว', 'ปุณยาภา', 'ศรีวิจารณ์', 'Mrs.', 'NameE', 'SurnameE', 'F', '20021002266353', '5331286021.jpg'),
('5331287621', 'นาย', 'สรวิศ', 'ตั้งจิตร่วมบุญ', 'Mr.', 'NameE', 'SurnameE', 'M', '20021002268185', '5331287621.jpg'),
('5331288221', 'นาย', 'สราวุธ', 'อัศวเมธีรุ่งโรจน์', 'Mr.', 'NameE', 'SurnameE', 'M', '20021002268235', '5331288221.jpg'),
('5331289921', 'นาย', 'จักรกริช', 'เกกินะ', 'Mr.', 'NameE', 'SurnameE', 'M', '20021002264119', '5331289921.jpg'),
('5331290421', 'นางสาว', 'พาขวัญ', 'ภู่วุฒิกุล', 'Mrs.', 'NameE', 'SurnameE', 'F', '20021002266643', '5331290421.jpg'),
('5331291021', 'นางสาว', 'พิชญ์สินี', 'ภาคสังข์', 'Mrs.', 'NameE', 'SurnameE', 'F', '20021002266684', '5331291021.jpg'),
('5331292721', 'นาย', 'สาโรช', 'คุณวุฒิพร', 'Mr.', 'NameE', 'SurnameE', 'M', '20021002268300', '5331292721.jpg'),
('5331293321', 'นาย', 'จักรพันธ์', 'แสงจันทร์', 'Mr.', 'NameE', 'SurnameE', 'M', '20021002264127', '5331293321.jpg'),
('5331294021', 'นาย', 'สุทธินันท์', 'แสงอังคนาวิน', 'Mr.', 'NameE', 'SurnameE', 'M', '20021002268441', '5331294021.jpg'),
('5331295621', 'นาย', 'จิรภัทร', 'มีจรรยากุล', 'Mr.', 'NameE', 'SurnameE', 'M', '20021002264226', '5331295621.jpg'),
('5331296221', 'นาย', 'จิรวัฒน์', 'โรจนาภินันท์', 'Mr.', 'NameE', 'SurnameE', 'M', '20021002267476', '5331296221.jpg'),
('5331298521', 'นาย', 'สุภัค', 'ดาวยก', 'Mr.', 'NameE', 'SurnameE', 'M', '20021002268565', '5331298521.jpg'),
('5331299121', 'นาย', 'สุรวัชร์', 'กัลยาวินัย', 'Mr.', 'NameE', 'SurnameE', 'M', '20021002268573', '5331299121.jpg'),
('5331300021', 'นาย', 'อภิวิชญ์', 'พวงศรีเจริญ', 'Mr.', 'NameE', 'SurnameE', 'M', '20021002268763', '5331300021.jpg'),
('5331301721', 'นางสาว', 'ธันยรัตน์', 'โรจนศิริปัญญากุล', 'Mrs.', 'NameE', 'SurnameE', 'F', '20021002265645', '5331301721.jpg'),
('5331303021', 'นาย', 'อาทิติย์', 'ฉัตรธเนศ', 'Mr.', 'NameE', 'SurnameE', 'M', '20021002268912', '5331303021.jpg'),
('5331304621', 'นาย', 'ชญากมล', 'มีชูศักดิ์', 'Mr.', 'NameE', 'SurnameE', 'M', '20021002264390', '5331304621.jpg'),
('5331305221', 'นาย', 'เอกชัย', 'เตชะกุลถาวร', 'Mr.', 'NameE', 'SurnameE', 'M', '20021002269019', '5331305221.jpg'),
('5331306921', 'นาย', 'โอฬาร', 'เอื้อวิทยาศุภร', 'Mr.', 'NameE', 'SurnameE', 'M', '20021002269076', '5331306921.jpg'),
('5331309821', 'นาย', 'ศุทธบุณย์', 'ไทรม้า', 'Mr.', 'NameE', 'SurnameE', 'M', '20021002271213', '5331309821.jpg'),
('5331311021', 'นาย', 'สุชล', 'วีระวัฒนานันท์', 'Mr.', 'NameE', 'SurnameE', 'M', '20021002269613', '5331311021.jpg'),
('5331313221', 'นาย', 'เอกธนบุตร', 'เจตะวัฒนะ', 'Mr.', 'NameE', 'SurnameE', 'M', '20021002269035', '5331313221.jpg'),
('5331701021', 'นาย', 'ณัฐ', 'ศิวอาทิตย์กุล', 'Mr.', 'NameE', 'SurnameE', 'M', '20021002264853', '5331701021.jpg'),
('5331702721', 'นาย', 'ทรัพย์สิทธิ์', 'ดำรงรัตน์', 'Mr.', 'NameE', 'SurnameE', 'M', '20021002265207', '5331702721.jpg'),
('5331703321', 'นาย', 'ปรัชญา', 'ปัททุม', 'Mr.', 'NameE', 'SurnameE', 'M', '20021002147876', '5331703321.jpg'),
('5331704021', 'นาย', 'พชร', 'เพ็ชรเม็ดใหญ่', 'Mr.', 'NameE', 'SurnameE', 'M', '20021002266460', '5331704021.jpg'),
('5331706221', 'นาย', 'นิธิ', 'ยวงยิ้ม', 'Mr.', 'NameE', 'SurnameE', 'M', '20021002265918', '5331706221.jpg'),
('5331707921', 'นาย', 'วรท', 'เกียรติธนะบำรุง', 'Mr.', 'NameE', 'SurnameE', 'M', '20021002267369', '5331707921.jpg'),
('5331710721', 'นาย', 'สุรพัฒน์', 'สมศรี', 'Mr.', 'NameE', 'SurnameE', 'M', '20021002271379', '5331710721.jpg'),
('5331711321', 'นาย', 'เอกชัย', 'ลีลพนัง', 'Mr.', 'NameE', 'SurnameE', 'M', '20021002341164', '5331711321.jpg'),
('5331712021', 'นาย', 'ธนพล', 'ตันตินิกร', 'Mr.', 'NameE', 'SurnameE', 'M', '20021002269878', '5331712021.jpg'),
('5530668021', 'นาย', 'ปวินท์', 'ธชทรงธรรม', 'Mr.', 'NameE', 'SurnameE', 'M', '20021002266189', '5530668021.jpg'),
('5530669721', 'นาย', 'เลิศบุรุษ', 'อ่ำสุพรรณ', 'Mr.', 'NameE', 'SurnameE', 'M', '20021002267310', '5530669721.jpg'),
('5530670221', 'นาย', 'สว่างพงษ์', 'เลาหวิชิตศักดิ์', 'Mr.', 'NameE', 'SurnameE', 'M', '20021002268243', '5530670221.jpg'),
('5530671921', 'นาย', 'สิรจิตร์', 'คมฤทธิ์', 'Mr.', 'NameE', 'SurnameE', 'M', '20021002268342', '5530671921.jpg');

INSERT INTO `student_belong_to` (`STUDENT_student_id`, `FACULTY_faculty_id`) VALUES
('4830532321', 21),
('5130161821', 21),
('5130264821', 21),
('5130424921', 21),
('5131245021', 21),
('5131246721', 21),
('5131482421', 21),
('5131486021', 21),
('5131490421', 21),
('5131528721', 21),
('5230020021', 21),
('5230030321', 21),
('5230051521', 21),
('5230090021', 21),
('5230106421', 21),
('5230119621', 21),
('5230154521', 21),
('5230157421', 21),
('5230175721', 21),
('5230200721', 21),
('5230207121', 21),
('5230212221', 21),
('5230233421', 21),
('5230275821', 21),
('5230302021', 21),
('5230310021', 21),
('5230321021', 21),
('5230458321', 21),
('5230528621', 21),
('5230544621', 21),
('5230545221', 21),
('5230551021', 21),
('5230555521', 21),
('5230590421', 21),
('5230593321', 21),
('5230594021', 21),
('5230599121', 21),
('5230603021', 21),
('5230827221', 21),
('5230836921', 21),
('5231241621', 21),
('5231243921', 21),
('5231255421', 21),
('5231303921', 21),
('5231701021', 21),
('5231702621', 21),
('5231709021', 21),
('5231727321', 21),
('5330001221', 21),
('5330003521', 21),
('5330005821', 21),
('5330006421', 21),
('5330008721', 21),
('5330009321', 21),
('5330010921', 21),
('5330011521', 21),
('5330012121', 21),
('5330013821', 21),
('5330014421', 21),
('5330017321', 21),
('5330018021', 21),
('5330019621', 21),
('5330020121', 21),
('5330021821', 21),
('5330022421', 21),
('5330024721', 21),
('5330025321', 21),
('5330026021', 21),
('5330027621', 21),
('5330029921', 21),
('5330030421', 21),
('5330031021', 21),
('5330032721', 21),
('5330033321', 21),
('5330034021', 21),
('5330036221', 21),
('5330037921', 21),
('5330038521', 21),
('5330039121', 21),
('5330040721', 21),
('5330041321', 21),
('5330042021', 21),
('5330043621', 21),
('5330044221', 21),
('5330045921', 21),
('5330046521', 21),
('5330047121', 21),
('5330048821', 21),
('5330049421', 21),
('5330051621', 21),
('5330052221', 21),
('5330053921', 21),
('5330054521', 21),
('5330056821', 21),
('5330057421', 21),
('5330058021', 21),
('5330059721', 21),
('5330060221', 21),
('5330061921', 21),
('5330062521', 21),
('5330064821', 21),
('5330065421', 21),
('5330066021', 21),
('5330067721', 21),
('5330068321', 21),
('5330069021', 21),
('5330070521', 21),
('5330071121', 21),
('5330073421', 21),
('5330077021', 21),
('5330078621', 21),
('5330080821', 21),
('5330081421', 21),
('5330082021', 21),
('5330083721', 21),
('5330084321', 21),
('5330085021', 21),
('5330087221', 21),
('5330088921', 21),
('5330089521', 21),
('5330090021', 21),
('5330091721', 21),
('5330092321', 21),
('5330093021', 21),
('5330094621', 21),
('5330095221', 21),
('5330096921', 21),
('5330099821', 21),
('5330101321', 21),
('5330102021', 21),
('5330103621', 21),
('5330104221', 21),
('5330106521', 21),
('5330108821', 21),
('5330109421', 21),
('5330110021', 21),
('5330111621', 21),
('5330112221', 21),
('5330113921', 21),
('5330114521', 21),
('5330115121', 21),
('5330116821', 21),
('5330117421', 21),
('5330118021', 21),
('5330119721', 21),
('5330120221', 21),
('5330122521', 21),
('5330123121', 21),
('5330124821', 21),
('5330125421', 21),
('5330126021', 21),
('5330127721', 21),
('5330128321', 21),
('5330129021', 21),
('5330130521', 21),
('5330131121', 21),
('5330132821', 21),
('5330134021', 21),
('5330135721', 21),
('5330136321', 21),
('5330137021', 21),
('5330138621', 21),
('5330140821', 21),
('5330141421', 21),
('5330142021', 21),
('5330143721', 21),
('5330144321', 21),
('5330145021', 21),
('5330146621', 21),
('5330147221', 21),
('5330148921', 21),
('5330149521', 21),
('5330150021', 21),
('5330151721', 21),
('5330152321', 21),
('5330153021', 21),
('5330154621', 21),
('5330155221', 21),
('5330156921', 21),
('5330157521', 21),
('5330158121', 21),
('5330159821', 21),
('5330160321', 21),
('5330161021', 21),
('5330162621', 21),
('5330163221', 21),
('5330164921', 21),
('5330165521', 21),
('5330167821', 21),
('5330168421', 21),
('5330169021', 21),
('5330170621', 21),
('5330171221', 21),
('5330172921', 21),
('5330176421', 21),
('5330177021', 21),
('5330178721', 21),
('5330179321', 21),
('5330180921', 21),
('5330181521', 21),
('5330182121', 21),
('5330183821', 21),
('5330184421', 21),
('5330185021', 21),
('5330186721', 21),
('5330188021', 21),
('5330190121', 21),
('5330191821', 21),
('5330193021', 21),
('5330194721', 21),
('5330195321', 21),
('5330196021', 21),
('5330197621', 21),
('5330199921', 21),
('5330200821', 21),
('5330201421', 21),
('5330202021', 21),
('5330203721', 21),
('5330204321', 21),
('5330205021', 21),
('5330207221', 21),
('5330208921', 21),
('5330210021', 21),
('5330211721', 21),
('5330212321', 21),
('5330213021', 21),
('5330214621', 21),
('5330216921', 21),
('5330217521', 21),
('5330218121', 21),
('5330219821', 21),
('5330220321', 21),
('5330221021', 21),
('5330222621', 21),
('5330223221', 21),
('5330224921', 21),
('5330225521', 21),
('5330226121', 21),
('5330227821', 21),
('5330228421', 21),
('5330229021', 21),
('5330230621', 21),
('5330233521', 21),
('5330234121', 21),
('5330235821', 21),
('5330236421', 21),
('5330238721', 21),
('5330239321', 21),
('5330240921', 21),
('5330241521', 21),
('5330242121', 21),
('5330243821', 21),
('5330244421', 21),
('5330246721', 21),
('5330248021', 21),
('5330249621', 21),
('5330250121', 21),
('5330251821', 21),
('5330253021', 21),
('5330254721', 21),
('5330256021', 21),
('5330257621', 21),
('5330259921', 21),
('5330260421', 21),
('5330261021', 21),
('5330262721', 21),
('5330263321', 21),
('5330264021', 21),
('5330265621', 21),
('5330266221', 21),
('5330267921', 21),
('5330268521', 21),
('5330270721', 21),
('5330271321', 21),
('5330272021', 21),
('5330274221', 21),
('5330276521', 21),
('5330277121', 21),
('5330279421', 21),
('5330280021', 21),
('5330281621', 21),
('5330282221', 21),
('5330283921', 21),
('5330284521', 21),
('5330285121', 21),
('5330287421', 21),
('5330288021', 21),
('5330289721', 21),
('5330290221', 21),
('5330291921', 21),
('5330292521', 21),
('5330293121', 21),
('5330294821', 21),
('5330295421', 21),
('5330297721', 21),
('5330299021', 21),
('5330300921', 21),
('5330301521', 21),
('5330303821', 21),
('5330304421', 21),
('5330305021', 21),
('5330307321', 21),
('5330308021', 21),
('5330309621', 21),
('5330310121', 21),
('5330311821', 21),
('5330312421', 21),
('5330313021', 21),
('5330314721', 21),
('5330315321', 21),
('5330316021', 21),
('5330317621', 21),
('5330318221', 21),
('5330319921', 21),
('5330320421', 21),
('5330321021', 21),
('5330322721', 21),
('5330323321', 21),
('5330324021', 21),
('5330325621', 21),
('5330326221', 21),
('5330327921', 21),
('5330328521', 21),
('5330329121', 21),
('5330330721', 21),
('5330331321', 21),
('5330332021', 21),
('5330333621', 21),
('5330334221', 21),
('5330335921', 21),
('5330336521', 21),
('5330337121', 21),
('5330340021', 21),
('5330341621', 21),
('5330342221', 21),
('5330343921', 21),
('5330344521', 21),
('5330345121', 21),
('5330346821', 21),
('5330347421', 21),
('5330348021', 21),
('5330349721', 21),
('5330350221', 21),
('5330351921', 21),
('5330352521', 21),
('5330354821', 21),
('5330355421', 21),
('5330356021', 21),
('5330357721', 21),
('5330359021', 21),
('5330360521', 21),
('5330361121', 21),
('5330362821', 21),
('5330363421', 21),
('5330364021', 21),
('5330365721', 21),
('5330367021', 21),
('5330368621', 21),
('5330369221', 21),
('5330370821', 21),
('5330371421', 21),
('5330372021', 21),
('5330373721', 21),
('5330375021', 21),
('5330376621', 21),
('5330377221', 21),
('5330378921', 21),
('5330379521', 21),
('5330380021', 21),
('5330382321', 21),
('5330383021', 21),
('5330385221', 21),
('5330386921', 21),
('5330387521', 21),
('5330388121', 21),
('5330390321', 21),
('5330391021', 21),
('5330392621', 21),
('5330393221', 21),
('5330394921', 21),
('5330395521', 21),
('5330396121', 21),
('5330398421', 21),
('5330399021', 21),
('5330400021', 21),
('5330401621', 21),
('5330402221', 21),
('5330403921', 21),
('5330406821', 21),
('5330407421', 21),
('5330408021', 21),
('5330409721', 21),
('5330410221', 21),
('5330411921', 21),
('5330413121', 21),
('5330414821', 21),
('5330416021', 21),
('5330418321', 21),
('5330419021', 21),
('5330420521', 21),
('5330421121', 21),
('5330422821', 21),
('5330424021', 21),
('5330425721', 21),
('5330426321', 21),
('5330427021', 21),
('5330428621', 21),
('5330429221', 21),
('5330430821', 21),
('5330431421', 21),
('5330433721', 21),
('5330434321', 21),
('5330435021', 21),
('5330437221', 21),
('5330440021', 21),
('5330442321', 21),
('5330444621', 21),
('5330445221', 21),
('5330446921', 21),
('5330447521', 21),
('5330448121', 21),
('5330449821', 21),
('5330451021', 21),
('5330452621', 21),
('5330454921', 21),
('5330456121', 21),
('5330458421', 21),
('5330460621', 21),
('5330462921', 21),
('5330463521', 21),
('5330464121', 21),
('5330465821', 21),
('5330466421', 21),
('5330467021', 21),
('5330468721', 21),
('5330469321', 21),
('5330470921', 21),
('5330471521', 21),
('5330472121', 21),
('5330473821', 21),
('5330474421', 21),
('5330475021', 21),
('5330476721', 21),
('5330478021', 21),
('5330479621', 21),
('5330480121', 21),
('5330482421', 21),
('5330483021', 21),
('5330485321', 21),
('5330488221', 21),
('5330489921', 21),
('5330490421', 21),
('5330491021', 21),
('5330492721', 21),
('5330493321', 21),
('5330494021', 21),
('5330495621', 21),
('5330496221', 21),
('5330498521', 21),
('5330499121', 21),
('5330500021', 21),
('5330501721', 21),
('5330502321', 21),
('5330504621', 21),
('5330505221', 21),
('5330506921', 21),
('5330507521', 21),
('5330508121', 21),
('5330509821', 21),
('5330510321', 21),
('5330511021', 21),
('5330512621', 21),
('5330513221', 21),
('5330514921', 21),
('5330515521', 21),
('5330516121', 21),
('5330518421', 21),
('5330520621', 21),
('5330522921', 21),
('5330524121', 21),
('5330525821', 21),
('5330526421', 21),
('5330527021', 21),
('5330528721', 21),
('5330531521', 21),
('5330532121', 21),
('5330533821', 21),
('5330534421', 21),
('5330537321', 21),
('5330538021', 21),
('5330539621', 21),
('5330540121', 21),
('5330541821', 21),
('5330542421', 21),
('5330543021', 21),
('5330544721', 21),
('5330547621', 21),
('5330548221', 21),
('5330549921', 21),
('5330550421', 21),
('5330552721', 21),
('5330553321', 21),
('5330554021', 21),
('5330556221', 21),
('5330557921', 21),
('5330558521', 21),
('5330559121', 21),
('5330802621', 21),
('5330804921', 21),
('5330805521', 21),
('5330806121', 21),
('5330807821', 21),
('5330808421', 21),
('5330811221', 21),
('5330812921', 21),
('5330813521', 21),
('5330814121', 21),
('5330818721', 21),
('5330819321', 21),
('5330820921', 21),
('5330821521', 21),
('5330822121', 21),
('5330823821', 21),
('5330824421', 21),
('5330825021', 21),
('5330826721', 21),
('5330830121', 21),
('5330833021', 21),
('5330834721', 21),
('5330901021', 21),
('5330902721', 21),
('5330903321', 21),
('5330905621', 21),
('5330906221', 21),
('5330907921', 21),
('5330910721', 21),
('5330911321', 21),
('5330912021', 21),
('5330913621', 21),
('5330914221', 21),
('5330915921', 21),
('5330916521', 21),
('5330917121', 21),
('5330919421', 21),
('5330921621', 21),
('5330922221', 21),
('5331001421', 21),
('5331003721', 21),
('5331004321', 21),
('5331006621', 21),
('5331007221', 21),
('5331008921', 21),
('5331009521', 21),
('5331010021', 21),
('5331011721', 21),
('5331012321', 21),
('5331013021', 21),
('5331015221', 21),
('5331016921', 21),
('5331018121', 21),
('5331019821', 21),
('5331020321', 21),
('5331024921', 21),
('5331025521', 21),
('5331026121', 21),
('5331027821', 21),
('5331028421', 21),
('5331029021', 21),
('5331030621', 21),
('5331032921', 21),
('5331033521', 21),
('5331035821', 21),
('5331036421', 21),
('5331037021', 21),
('5331038721', 21),
('5331039321', 21),
('5331040921', 21),
('5331041521', 21),
('5331043821', 21),
('5331044421', 21),
('5331045021', 21),
('5331046721', 21),
('5331047321', 21),
('5331050121', 21),
('5331051821', 21),
('5331052421', 21),
('5331053021', 21),
('5331054721', 21),
('5331055321', 21),
('5331056021', 21),
('5331057621', 21),
('5331058221', 21),
('5331061021', 21),
('5331067921', 21),
('5331068521', 21),
('5331069121', 21),
('5331070721', 21),
('5331072021', 21),
('5331074221', 21),
('5331075921', 21),
('5331076521', 21),
('5331077121', 21),
('5331201621', 21),
('5331202221', 21),
('5331203921', 21),
('5331204521', 21),
('5331205121', 21),
('5331206821', 21),
('5331207421', 21),
('5331209721', 21),
('5331210221', 21),
('5331211921', 21),
('5331212521', 21),
('5331213121', 21),
('5331215421', 21),
('5331216021', 21),
('5331217721', 21),
('5331218321', 21),
('5331219021', 21),
('5331220521', 21),
('5331223421', 21),
('5331225721', 21),
('5331226321', 21),
('5331227021', 21),
('5331228621', 21),
('5331229221', 21),
('5331230821', 21),
('5331231421', 21),
('5331232021', 21),
('5331233721', 21),
('5331234321', 21),
('5331235021', 21),
('5331236621', 21),
('5331237221', 21),
('5331238921', 21),
('5331241721', 21),
('5331243021', 21),
('5331245221', 21),
('5331247521', 21),
('5331248121', 21),
('5331249821', 21),
('5331250321', 21),
('5331251021', 21),
('5331252621', 21),
('5331254921', 21),
('5331255521', 21),
('5331260621', 21),
('5331261221', 21),
('5331262921', 21),
('5331263521', 21),
('5331264121', 21),
('5331265821', 21),
('5331266421', 21),
('5331267021', 21),
('5331268721', 21),
('5331269321', 21),
('5331271521', 21),
('5331273821', 21),
('5331274421', 21),
('5331276721', 21),
('5331277321', 21),
('5331278021', 21),
('5331279621', 21),
('5331280121', 21),
('5331281821', 21),
('5331282421', 21),
('5331283021', 21),
('5331284721', 21),
('5331285321', 21),
('5331286021', 21),
('5331287621', 21),
('5331288221', 21),
('5331289921', 21),
('5331290421', 21),
('5331291021', 21),
('5331292721', 21),
('5331293321', 21),
('5331294021', 21),
('5331295621', 21),
('5331296221', 21),
('5331298521', 21),
('5331299121', 21),
('5331300021', 21),
('5331301721', 21),
('5331303021', 21),
('5331304621', 21),
('5331305221', 21),
('5331306921', 21),
('5331309821', 21),
('5331311021', 21),
('5331313221', 21),
('5331701021', 21),
('5331702721', 21),
('5331703321', 21),
('5331704021', 21),
('5331706221', 21),
('5331707921', 21),
('5331710721', 21),
('5331711321', 21),
('5331712021', 21),
('5530668021', 21),
('5530669721', 21),
('5530670221', 21),
('5530671921', 21);
